[debug] [2026-07-20T18:26:13.149Z] [Firebase Plugin] Activating Firebase extension.
[debug] [2026-07-20T18:26:30.921Z] [Firebase Plugin] requireAuthWrapper
[debug] [2026-07-20T18:26:30.924Z] > command requires scopes: ["email","openid","https://www.googleapis.com/auth/cloudplatformprojects.readonly","https://www.googleapis.com/auth/firebase","https://www.googleapis.com/auth/cloud-platform"]
[info] [Firebase Plugin] Starting SQL Connect toolkit (version 3.4.16) on port 50001
[debug] [2026-07-20T18:26:31.385Z] 'fdc build' failed with error: Unable to build your SQL Connect schema and connectors (exit code 1): E0720 15:26:31.368303   23016 cmd.go:43] Error loading data connect config: could not find dataconnect.yaml in `c:\Users\vinad\OneDrive\Documentos\Curitiba 360\dataconnect`
 {"metadata":{"emulator":{"name":"dataconnect"},"message":"'fdc build' failed with error: Unable to build your SQL Connect schema and connectors (exit code 1): E0720 15:26:31.368303   23016 cmd.go:43] Error loading data connect config: could not find dataconnect.yaml in `c:\\Users\\vinad\\OneDrive\\Documentos\\Curitiba 360\\dataconnect`\n"}}
[debug] [2026-07-20T18:26:31.386Z] Ignoring unsupported arg: auto_download {"metadata":{"emulator":{"name":"dataconnect"},"message":"Ignoring unsupported arg: auto_download"}}
[debug] [2026-07-20T18:26:31.387Z] Ignoring unsupported arg: port {"metadata":{"emulator":{"name":"dataconnect"},"message":"Ignoring unsupported arg: port"}}
[debug] [2026-07-20T18:26:31.387Z] Starting SQL Connect Emulator with command {"binary":"C:\\Users\\vinad\\.cache\\firebase\\emulators\\dataconnect-emulator-3.4.16.exe","args":["--logtostderr","-v=2","dev","--listen=localhost:50001","--config_dir=c:\\Users\\vinad\\OneDrive\\Documentos\\Curitiba 360\\dataconnect","--enable_output_schema_extensions=true","--enable_output_generated_sdk=true"],"optionalArgs":["listen","config_dir","enable_output_schema_extensions","enable_output_generated_sdk"],"joinArgs":true,"shell":false,"port":9399} {"metadata":{"emulator":{"name":"dataconnect"},"message":"Starting SQL Connect Emulator with command {\"binary\":\"C:\\\\Users\\\\vinad\\\\.cache\\\\firebase\\\\emulators\\\\dataconnect-emulator-3.4.16.exe\",\"args\":[\"--logtostderr\",\"-v=2\",\"dev\",\"--listen=localhost:50001\",\"--config_dir=c:\\\\Users\\\\vinad\\\\OneDrive\\\\Documentos\\\\Curitiba 360\\\\dataconnect\",\"--enable_output_schema_extensions=true\",\"--enable_output_generated_sdk=true\"],\"optionalArgs\":[\"listen\",\"config_dir\",\"enable_output_schema_extensions\",\"enable_output_generated_sdk\"],\"joinArgs\":true,\"shell\":false,\"port\":9399}"}}
[info] i  dataconnect: SQL Connect Emulator logging to dataconnect-debug.log {"metadata":{"emulator":{"name":"dataconnect"},"message":"SQL Connect Emulator logging to \u001b[1mdataconnect-debug.log\u001b[22m"}}
[debug] [2026-07-20T18:26:32.928Z] E0720 15:26:31.437221   36444 dev.go:80] Failed to load initial config from "c:\\Users\\vinad\\OneDrive\\Documentos\\Curitiba 360\\dataconnect": could not find dataconnect.yaml in `c:\Users\vinad\OneDrive\Documentos\Curitiba 360\dataconnect`
E0720 15:26:31.449243   36444 watch.go:116] watchAllDir unable to walk dir `c:\Users\vinad\OneDrive\Documentos\Curitiba 360\dataconnect`: GetFileAttributesEx c:\Users\vinad\OneDrive\Documentos\Curitiba 360\dataconnect: The system cannot find the file specified.
I0720 15:26:31.461418   36444 dev.go:101] Listening on address (HTTP + gRPC): 127.0.0.1:50001
 {"metadata":{"emulator":{"name":"dataconnect"},"message":"E0720 15:26:31.437221   36444 dev.go:80] Failed to load initial config from \"c:\\\\Users\\\\vinad\\\\OneDrive\\\\Documentos\\\\Curitiba 360\\\\dataconnect\": could not find dataconnect.yaml in `c:\\Users\\vinad\\OneDrive\\Documentos\\Curitiba 360\\dataconnect`\nE0720 15:26:31.449243   36444 watch.go:116] watchAllDir unable to walk dir `c:\\Users\\vinad\\OneDrive\\Documentos\\Curitiba 360\\dataconnect`: GetFileAttributesEx c:\\Users\\vinad\\OneDrive\\Documentos\\Curitiba 360\\dataconnect: The system cannot find the file specified.\nI0720 15:26:31.461418   36444 dev.go:101] Listening on address (HTTP + gRPC): 127.0.0.1:50001\n"}}
[error] [Firebase Plugin] error:  {}
[debug] [2026-07-20T18:26:41.450Z] E0720 15:26:41.450632   36444 watch.go:40] Failed to load config from "c:\\Users\\vinad\\OneDrive\\Documentos\\Curitiba 360\\dataconnect": could not find dataconnect.yaml in `c:\Users\vinad\OneDrive\Documentos\Curitiba 360\dataconnect`
 {"metadata":{"emulator":{"name":"dataconnect"},"message":"E0720 15:26:41.450632   36444 watch.go:40] Failed to load config from \"c:\\\\Users\\\\vinad\\\\OneDrive\\\\Documentos\\\\Curitiba 360\\\\dataconnect\": could not find dataconnect.yaml in `c:\\Users\\vinad\\OneDrive\\Documentos\\Curitiba 360\\dataconnect`\n"}}
[debug] [2026-07-20T18:26:48.994Z] Running auto auth
[debug] [2026-07-20T18:26:48.996Z] No OAuth tokens found
[debug] [2026-07-20T18:26:48.996Z] [Firebase Plugin] No user found (this may be normal)
[debug] [2026-07-20T18:26:51.451Z] E0720 15:26:51.450838   36444 watch.go:40] Failed to load config from "c:\\Users\\vinad\\OneDrive\\Documentos\\Curitiba 360\\dataconnect": could not find dataconnect.yaml in `c:\Users\vinad\OneDrive\Documentos\Curitiba 360\dataconnect`
 {"metadata":{"emulator":{"name":"dataconnect"},"message":"E0720 15:26:51.450838   36444 watch.go:40] Failed to load config from \"c:\\\\Users\\\\vinad\\\\OneDrive\\\\Documentos\\\\Curitiba 360\\\\dataconnect\": could not find dataconnect.yaml in `c:\\Users\\vinad\\OneDrive\\Documentos\\Curitiba 360\\dataconnect`\n"}}
[debug] [2026-07-20T18:27:01.450Z] E0720 15:27:01.450597   36444 watch.go:40] Failed to load config from "c:\\Users\\vinad\\OneDrive\\Documentos\\Curitiba 360\\dataconnect": could not find dataconnect.yaml in `c:\Users\vinad\OneDrive\Documentos\Curitiba 360\dataconnect`
 {"metadata":{"emulator":{"name":"dataconnect"},"message":"E0720 15:27:01.450597   36444 watch.go:40] Failed to load config from \"c:\\\\Users\\\\vinad\\\\OneDrive\\\\Documentos\\\\Curitiba 360\\\\dataconnect\": could not find dataconnect.yaml in `c:\\Users\\vinad\\OneDrive\\Documentos\\Curitiba 360\\dataconnect`\n"}}
[debug] [2026-07-20T18:27:11.451Z] E0720 15:27:11.450809   36444 watch.go:40] Failed to load config from "c:\\Users\\vinad\\OneDrive\\Documentos\\Curitiba 360\\dataconnect": could not find dataconnect.yaml in `c:\Users\vinad\OneDrive\Documentos\Curitiba 360\dataconnect`
 {"metadata":{"emulator":{"name":"dataconnect"},"message":"E0720 15:27:11.450809   36444 watch.go:40] Failed to load config from \"c:\\\\Users\\\\vinad\\\\OneDrive\\\\Documentos\\\\Curitiba 360\\\\dataconnect\": could not find dataconnect.yaml in `c:\\Users\\vinad\\OneDrive\\Documentos\\Curitiba 360\\dataconnect`\n"}}
[debug] [2026-07-20T18:27:21.451Z] E0720 15:27:21.450632   36444 watch.go:40] Failed to load config from "c:\\Users\\vinad\\OneDrive\\Documentos\\Curitiba 360\\dataconnect": could not find dataconnect.yaml in `c:\Users\vinad\OneDrive\Documentos\Curitiba 360\dataconnect`
 {"metadata":{"emulator":{"name":"dataconnect"},"message":"E0720 15:27:21.450632   36444 watch.go:40] Failed to load config from \"c:\\\\Users\\\\vinad\\\\OneDrive\\\\Documentos\\\\Curitiba 360\\\\dataconnect\": could not find dataconnect.yaml in `c:\\Users\\vinad\\OneDrive\\Documentos\\Curitiba 360\\dataconnect`\n"}}
[debug] [2026-07-20T18:27:31.450Z] E0720 15:27:31.450762   36444 watch.go:116] watchAllDir unable to walk dir `c:\Users\vinad\OneDrive\Documentos\Curitiba 360\dataconnect`: GetFileAttributesEx c:\Users\vinad\OneDrive\Documentos\Curitiba 360\dataconnect: The system cannot find the file specified.
 {"metadata":{"emulator":{"name":"dataconnect"},"message":"E0720 15:27:31.450762   36444 watch.go:116] watchAllDir unable to walk dir `c:\\Users\\vinad\\OneDrive\\Documentos\\Curitiba 360\\dataconnect`: GetFileAttributesEx c:\\Users\\vinad\\OneDrive\\Documentos\\Curitiba 360\\dataconnect: The system cannot find the file specified.\n"}}
[debug] [2026-07-20T18:27:31.451Z] E0720 15:27:31.450762   36444 watch.go:40] Failed to load config from "c:\\Users\\vinad\\OneDrive\\Documentos\\Curitiba 360\\dataconnect": could not find dataconnect.yaml in `c:\Users\vinad\OneDrive\Documentos\Curitiba 360\dataconnect`
 {"metadata":{"emulator":{"name":"dataconnect"},"message":"E0720 15:27:31.450762   36444 watch.go:40] Failed to load config from \"c:\\\\Users\\\\vinad\\\\OneDrive\\\\Documentos\\\\Curitiba 360\\\\dataconnect\": could not find dataconnect.yaml in `c:\\Users\\vinad\\OneDrive\\Documentos\\Curitiba 360\\dataconnect`\n"}}
[debug] [2026-07-20T18:27:41.451Z] E0720 15:27:41.450930   36444 watch.go:40] Failed to load config from "c:\\Users\\vinad\\OneDrive\\Documentos\\Curitiba 360\\dataconnect": could not find dataconnect.yaml in `c:\Users\vinad\OneDrive\Documentos\Curitiba 360\dataconnect`
 {"metadata":{"emulator":{"name":"dataconnect"},"message":"E0720 15:27:41.450930   36444 watch.go:40] Failed to load config from \"c:\\\\Users\\\\vinad\\\\OneDrive\\\\Documentos\\\\Curitiba 360\\\\dataconnect\": could not find dataconnect.yaml in `c:\\Users\\vinad\\OneDrive\\Documentos\\Curitiba 360\\dataconnect`\n"}}
[debug] [2026-07-20T18:27:51.450Z] E0720 15:27:51.450490   36444 watch.go:40] Failed to load config from "c:\\Users\\vinad\\OneDrive\\Documentos\\Curitiba 360\\dataconnect": could not find dataconnect.yaml in `c:\Users\vinad\OneDrive\Documentos\Curitiba 360\dataconnect`
 {"metadata":{"emulator":{"name":"dataconnect"},"message":"E0720 15:27:51.450490   36444 watch.go:40] Failed to load config from \"c:\\\\Users\\\\vinad\\\\OneDrive\\\\Documentos\\\\Curitiba 360\\\\dataconnect\": could not find dataconnect.yaml in `c:\\Users\\vinad\\OneDrive\\Documentos\\Curitiba 360\\dataconnect`\n"}}
[debug] [2026-07-20T18:28:01.451Z] E0720 15:28:01.450579   36444 watch.go:40] Failed to load config from "c:\\Users\\vinad\\OneDrive\\Documentos\\Curitiba 360\\dataconnect": could not find dataconnect.yaml in `c:\Users\vinad\OneDrive\Documentos\Curitiba 360\dataconnect`
 {"metadata":{"emulator":{"name":"dataconnect"},"message":"E0720 15:28:01.450579   36444 watch.go:40] Failed to load config from \"c:\\\\Users\\\\vinad\\\\OneDrive\\\\Documentos\\\\Curitiba 360\\\\dataconnect\": could not find dataconnect.yaml in `c:\\Users\\vinad\\OneDrive\\Documentos\\Curitiba 360\\dataconnect`\n"}}
[debug] [2026-07-20T18:28:11.451Z] E0720 15:28:11.450575   36444 watch.go:40] Failed to load config from "c:\\Users\\vinad\\OneDrive\\Documentos\\Curitiba 360\\dataconnect": could not find dataconnect.yaml in `c:\Users\vinad\OneDrive\Documentos\Curitiba 360\dataconnect`
 {"metadata":{"emulator":{"name":"dataconnect"},"message":"E0720 15:28:11.450575   36444 watch.go:40] Failed to load config from \"c:\\\\Users\\\\vinad\\\\OneDrive\\\\Documentos\\\\Curitiba 360\\\\dataconnect\": could not find dataconnect.yaml in `c:\\Users\\vinad\\OneDrive\\Documentos\\Curitiba 360\\dataconnect`\n"}}
[debug] [2026-07-20T18:28:21.451Z] E0720 15:28:21.450664   36444 watch.go:40] Failed to load config from "c:\\Users\\vinad\\OneDrive\\Documentos\\Curitiba 360\\dataconnect": could not find dataconnect.yaml in `c:\Users\vinad\OneDrive\Documentos\Curitiba 360\dataconnect`
 {"metadata":{"emulator":{"name":"dataconnect"},"message":"E0720 15:28:21.450664   36444 watch.go:40] Failed to load config from \"c:\\\\Users\\\\vinad\\\\OneDrive\\\\Documentos\\\\Curitiba 360\\\\dataconnect\": could not find dataconnect.yaml in `c:\\Users\\vinad\\OneDrive\\Documentos\\Curitiba 360\\dataconnect`\n"}}
[debug] [2026-07-20T18:28:31.450Z] E0720 15:28:31.450667   36444 watch.go:116] watchAllDir unable to walk dir `c:\Users\vinad\OneDrive\Documentos\Curitiba 360\dataconnect`: GetFileAttributesEx c:\Users\vinad\OneDrive\Documentos\Curitiba 360\dataconnect: The system cannot find the file specified.
 {"metadata":{"emulator":{"name":"dataconnect"},"message":"E0720 15:28:31.450667   36444 watch.go:116] watchAllDir unable to walk dir `c:\\Users\\vinad\\OneDrive\\Documentos\\Curitiba 360\\dataconnect`: GetFileAttributesEx c:\\Users\\vinad\\OneDrive\\Documentos\\Curitiba 360\\dataconnect: The system cannot find the file specified.\n"}}
[debug] [2026-07-20T18:28:31.451Z] E0720 15:28:31.450667   36444 watch.go:40] Failed to load config from "c:\\Users\\vinad\\OneDrive\\Documentos\\Curitiba 360\\dataconnect": could not find dataconnect.yaml in `c:\Users\vinad\OneDrive\Documentos\Curitiba 360\dataconnect`
 {"metadata":{"emulator":{"name":"dataconnect"},"message":"E0720 15:28:31.450667   36444 watch.go:40] Failed to load config from \"c:\\\\Users\\\\vinad\\\\OneDrive\\\\Documentos\\\\Curitiba 360\\\\dataconnect\": could not find dataconnect.yaml in `c:\\Users\\vinad\\OneDrive\\Documentos\\Curitiba 360\\dataconnect`\n"}}
[debug] [2026-07-20T18:28:41.452Z] E0720 15:28:41.451988   36444 watch.go:40] Failed to load config from "c:\\Users\\vinad\\OneDrive\\Documentos\\Curitiba 360\\dataconnect": could not find dataconnect.yaml in `c:\Users\vinad\OneDrive\Documentos\Curitiba 360\dataconnect`
 {"metadata":{"emulator":{"name":"dataconnect"},"message":"E0720 15:28:41.451988   36444 watch.go:40] Failed to load config from \"c:\\\\Users\\\\vinad\\\\OneDrive\\\\Documentos\\\\Curitiba 360\\\\dataconnect\": could not find dataconnect.yaml in `c:\\Users\\vinad\\OneDrive\\Documentos\\Curitiba 360\\dataconnect`\n"}}
[debug] [2026-07-20T18:28:51.451Z] E0720 15:28:51.450729   36444 watch.go:40] Failed to load config from "c:\\Users\\vinad\\OneDrive\\Documentos\\Curitiba 360\\dataconnect": could not find dataconnect.yaml in `c:\Users\vinad\OneDrive\Documentos\Curitiba 360\dataconnect`
 {"metadata":{"emulator":{"name":"dataconnect"},"message":"E0720 15:28:51.450729   36444 watch.go:40] Failed to load config from \"c:\\\\Users\\\\vinad\\\\OneDrive\\\\Documentos\\\\Curitiba 360\\\\dataconnect\": could not find dataconnect.yaml in `c:\\Users\\vinad\\OneDrive\\Documentos\\Curitiba 360\\dataconnect`\n"}}
[debug] [2026-07-20T18:29:01.451Z] E0720 15:29:01.450805   36444 watch.go:40] Failed to load config from "c:\\Users\\vinad\\OneDrive\\Documentos\\Curitiba 360\\dataconnect": could not find dataconnect.yaml in `c:\Users\vinad\OneDrive\Documentos\Curitiba 360\dataconnect`
 {"metadata":{"emulator":{"name":"dataconnect"},"message":"E0720 15:29:01.450805   36444 watch.go:40] Failed to load config from \"c:\\\\Users\\\\vinad\\\\OneDrive\\\\Documentos\\\\Curitiba 360\\\\dataconnect\": could not find dataconnect.yaml in `c:\\Users\\vinad\\OneDrive\\Documentos\\Curitiba 360\\dataconnect`\n"}}
[debug] [2026-07-20T18:29:11.450Z] E0720 15:29:11.450413   36444 watch.go:40] Failed to load config from "c:\\Users\\vinad\\OneDrive\\Documentos\\Curitiba 360\\dataconnect": could not find dataconnect.yaml in `c:\Users\vinad\OneDrive\Documentos\Curitiba 360\dataconnect`
 {"metadata":{"emulator":{"name":"dataconnect"},"message":"E0720 15:29:11.450413   36444 watch.go:40] Failed to load config from \"c:\\\\Users\\\\vinad\\\\OneDrive\\\\Documentos\\\\Curitiba 360\\\\dataconnect\": could not find dataconnect.yaml in `c:\\Users\\vinad\\OneDrive\\Documentos\\Curitiba 360\\dataconnect`\n"}}
[debug] [2026-07-20T18:29:21.450Z] E0720 15:29:21.450555   36444 watch.go:40] Failed to load config from "c:\\Users\\vinad\\OneDrive\\Documentos\\Curitiba 360\\dataconnect": could not find dataconnect.yaml in `c:\Users\vinad\OneDrive\Documentos\Curitiba 360\dataconnect`
 {"metadata":{"emulator":{"name":"dataconnect"},"message":"E0720 15:29:21.450555   36444 watch.go:40] Failed to load config from \"c:\\\\Users\\\\vinad\\\\OneDrive\\\\Documentos\\\\Curitiba 360\\\\dataconnect\": could not find dataconnect.yaml in `c:\\Users\\vinad\\OneDrive\\Documentos\\Curitiba 360\\dataconnect`\n"}}
[debug] [2026-07-20T18:29:31.450Z] E0720 15:29:31.450813   36444 watch.go:116] watchAllDir unable to walk dir `c:\Users\vinad\OneDrive\Documentos\Curitiba 360\dataconnect`: GetFileAttributesEx c:\Users\vinad\OneDrive\Documentos\Curitiba 360\dataconnect: The system cannot find the file specified.
 {"metadata":{"emulator":{"name":"dataconnect"},"message":"E0720 15:29:31.450813   36444 watch.go:116] watchAllDir unable to walk dir `c:\\Users\\vinad\\OneDrive\\Documentos\\Curitiba 360\\dataconnect`: GetFileAttributesEx c:\\Users\\vinad\\OneDrive\\Documentos\\Curitiba 360\\dataconnect: The system cannot find the file specified.\n"}}
[debug] [2026-07-20T18:29:31.451Z] E0720 15:29:31.450813   36444 watch.go:40] Failed to load config from "c:\\Users\\vinad\\OneDrive\\Documentos\\Curitiba 360\\dataconnect": could not find dataconnect.yaml in `c:\Users\vinad\OneDrive\Documentos\Curitiba 360\dataconnect`
 {"metadata":{"emulator":{"name":"dataconnect"},"message":"E0720 15:29:31.450813   36444 watch.go:40] Failed to load config from \"c:\\\\Users\\\\vinad\\\\OneDrive\\\\Documentos\\\\Curitiba 360\\\\dataconnect\": could not find dataconnect.yaml in `c:\\Users\\vinad\\OneDrive\\Documentos\\Curitiba 360\\dataconnect`\n"}}
[debug] [2026-07-20T18:29:41.450Z] E0720 15:29:41.450760   36444 watch.go:40] Failed to load config from "c:\\Users\\vinad\\OneDrive\\Documentos\\Curitiba 360\\dataconnect": could not find dataconnect.yaml in `c:\Users\vinad\OneDrive\Documentos\Curitiba 360\dataconnect`
 {"metadata":{"emulator":{"name":"dataconnect"},"message":"E0720 15:29:41.450760   36444 watch.go:40] Failed to load config from \"c:\\\\Users\\\\vinad\\\\OneDrive\\\\Documentos\\\\Curitiba 360\\\\dataconnect\": could not find dataconnect.yaml in `c:\\Users\\vinad\\OneDrive\\Documentos\\Curitiba 360\\dataconnect`\n"}}
[debug] [2026-07-20T18:29:51.450Z] E0720 15:29:51.450452   36444 watch.go:40] Failed to load config from "c:\\Users\\vinad\\OneDrive\\Documentos\\Curitiba 360\\dataconnect": could not find dataconnect.yaml in `c:\Users\vinad\OneDrive\Documentos\Curitiba 360\dataconnect`
 {"metadata":{"emulator":{"name":"dataconnect"},"message":"E0720 15:29:51.450452   36444 watch.go:40] Failed to load config from \"c:\\\\Users\\\\vinad\\\\OneDrive\\\\Documentos\\\\Curitiba 360\\\\dataconnect\": could not find dataconnect.yaml in `c:\\Users\\vinad\\OneDrive\\Documentos\\Curitiba 360\\dataconnect`\n"}}
[debug] [2026-07-20T18:30:01.450Z] E0720 15:30:01.450373   36444 watch.go:40] Failed to load config from "c:\\Users\\vinad\\OneDrive\\Documentos\\Curitiba 360\\dataconnect": could not find dataconnect.yaml in `c:\Users\vinad\OneDrive\Documentos\Curitiba 360\dataconnect`
 {"metadata":{"emulator":{"name":"dataconnect"},"message":"E0720 15:30:01.450373   36444 watch.go:40] Failed to load config from \"c:\\\\Users\\\\vinad\\\\OneDrive\\\\Documentos\\\\Curitiba 360\\\\dataconnect\": could not find dataconnect.yaml in `c:\\Users\\vinad\\OneDrive\\Documentos\\Curitiba 360\\dataconnect`\n"}}
[debug] [2026-07-20T18:30:11.450Z] E0720 15:30:11.451120   36444 watch.go:40] Failed to load config from "c:\\Users\\vinad\\OneDrive\\Documentos\\Curitiba 360\\dataconnect": could not find dataconnect.yaml in `c:\Users\vinad\OneDrive\Documentos\Curitiba 360\dataconnect`
 {"metadata":{"emulator":{"name":"dataconnect"},"message":"E0720 15:30:11.451120   36444 watch.go:40] Failed to load config from \"c:\\\\Users\\\\vinad\\\\OneDrive\\\\Documentos\\\\Curitiba 360\\\\dataconnect\": could not find dataconnect.yaml in `c:\\Users\\vinad\\OneDrive\\Documentos\\Curitiba 360\\dataconnect`\n"}}
[debug] [2026-07-20T18:30:21.450Z] E0720 15:30:21.450583   36444 watch.go:40] Failed to load config from "c:\\Users\\vinad\\OneDrive\\Documentos\\Curitiba 360\\dataconnect": could not find dataconnect.yaml in `c:\Users\vinad\OneDrive\Documentos\Curitiba 360\dataconnect`
 {"metadata":{"emulator":{"name":"dataconnect"},"message":"E0720 15:30:21.450583   36444 watch.go:40] Failed to load config from \"c:\\\\Users\\\\vinad\\\\OneDrive\\\\Documentos\\\\Curitiba 360\\\\dataconnect\": could not find dataconnect.yaml in `c:\\Users\\vinad\\OneDrive\\Documentos\\Curitiba 360\\dataconnect`\n"}}
[debug] [2026-07-20T18:30:31.450Z] E0720 15:30:31.450760   36444 watch.go:116] watchAllDir unable to walk dir `c:\Users\vinad\OneDrive\Documentos\Curitiba 360\dataconnect`: GetFileAttributesEx c:\Users\vinad\OneDrive\Documentos\Curitiba 360\dataconnect: The system cannot find the file specified.
 {"metadata":{"emulator":{"name":"dataconnect"},"message":"E0720 15:30:31.450760   36444 watch.go:116] watchAllDir unable to walk dir `c:\\Users\\vinad\\OneDrive\\Documentos\\Curitiba 360\\dataconnect`: GetFileAttributesEx c:\\Users\\vinad\\OneDrive\\Documentos\\Curitiba 360\\dataconnect: The system cannot find the file specified.\n"}}
[debug] [2026-07-20T18:30:31.450Z] E0720 15:30:31.450760   36444 watch.go:40] Failed to load config from "c:\\Users\\vinad\\OneDrive\\Documentos\\Curitiba 360\\dataconnect": could not find dataconnect.yaml in `c:\Users\vinad\OneDrive\Documentos\Curitiba 360\dataconnect`
 {"metadata":{"emulator":{"name":"dataconnect"},"message":"E0720 15:30:31.450760   36444 watch.go:40] Failed to load config from \"c:\\\\Users\\\\vinad\\\\OneDrive\\\\Documentos\\\\Curitiba 360\\\\dataconnect\": could not find dataconnect.yaml in `c:\\Users\\vinad\\OneDrive\\Documentos\\Curitiba 360\\dataconnect`\n"}}
[debug] [2026-07-20T18:30:41.450Z] E0720 15:30:41.450809   36444 watch.go:40] Failed to load config from "c:\\Users\\vinad\\OneDrive\\Documentos\\Curitiba 360\\dataconnect": could not find dataconnect.yaml in `c:\Users\vinad\OneDrive\Documentos\Curitiba 360\dataconnect`
 {"metadata":{"emulator":{"name":"dataconnect"},"message":"E0720 15:30:41.450809   36444 watch.go:40] Failed to load config from \"c:\\\\Users\\\\vinad\\\\OneDrive\\\\Documentos\\\\Curitiba 360\\\\dataconnect\": could not find dataconnect.yaml in `c:\\Users\\vinad\\OneDrive\\Documentos\\Curitiba 360\\dataconnect`\n"}}
[debug] [2026-07-20T18:30:51.451Z] E0720 15:30:51.451830   36444 watch.go:40] Failed to load config from "c:\\Users\\vinad\\OneDrive\\Documentos\\Curitiba 360\\dataconnect": could not find dataconnect.yaml in `c:\Users\vinad\OneDrive\Documentos\Curitiba 360\dataconnect`
 {"metadata":{"emulator":{"name":"dataconnect"},"message":"E0720 15:30:51.451830   36444 watch.go:40] Failed to load config from \"c:\\\\Users\\\\vinad\\\\OneDrive\\\\Documentos\\\\Curitiba 360\\\\dataconnect\": could not find dataconnect.yaml in `c:\\Users\\vinad\\OneDrive\\Documentos\\Curitiba 360\\dataconnect`\n"}}
[debug] [2026-07-20T18:31:01.450Z] E0720 15:31:01.450869   36444 watch.go:40] Failed to load config from "c:\\Users\\vinad\\OneDrive\\Documentos\\Curitiba 360\\dataconnect": could not find dataconnect.yaml in `c:\Users\vinad\OneDrive\Documentos\Curitiba 360\dataconnect`
 {"metadata":{"emulator":{"name":"dataconnect"},"message":"E0720 15:31:01.450869   36444 watch.go:40] Failed to load config from \"c:\\\\Users\\\\vinad\\\\OneDrive\\\\Documentos\\\\Curitiba 360\\\\dataconnect\": could not find dataconnect.yaml in `c:\\Users\\vinad\\OneDrive\\Documentos\\Curitiba 360\\dataconnect`\n"}}
[debug] [2026-07-20T18:31:11.452Z] E0720 15:31:11.450815   36444 watch.go:40] Failed to load config from "c:\\Users\\vinad\\OneDrive\\Documentos\\Curitiba 360\\dataconnect": could not find dataconnect.yaml in `c:\Users\vinad\OneDrive\Documentos\Curitiba 360\dataconnect`
 {"metadata":{"emulator":{"name":"dataconnect"},"message":"E0720 15:31:11.450815   36444 watch.go:40] Failed to load config from \"c:\\\\Users\\\\vinad\\\\OneDrive\\\\Documentos\\\\Curitiba 360\\\\dataconnect\": could not find dataconnect.yaml in `c:\\Users\\vinad\\OneDrive\\Documentos\\Curitiba 360\\dataconnect`\n"}}
[debug] [2026-07-20T18:31:21.450Z] E0720 15:31:21.450755   36444 watch.go:40] Failed to load config from "c:\\Users\\vinad\\OneDrive\\Documentos\\Curitiba 360\\dataconnect": could not find dataconnect.yaml in `c:\Users\vinad\OneDrive\Documentos\Curitiba 360\dataconnect`
 {"metadata":{"emulator":{"name":"dataconnect"},"message":"E0720 15:31:21.450755   36444 watch.go:40] Failed to load config from \"c:\\\\Users\\\\vinad\\\\OneDrive\\\\Documentos\\\\Curitiba 360\\\\dataconnect\": could not find dataconnect.yaml in `c:\\Users\\vinad\\OneDrive\\Documentos\\Curitiba 360\\dataconnect`\n"}}
[debug] [2026-07-20T18:31:31.450Z] E0720 15:31:31.450642   36444 watch.go:116] watchAllDir unable to walk dir `c:\Users\vinad\OneDrive\Documentos\Curitiba 360\dataconnect`: GetFileAttributesEx c:\Users\vinad\OneDrive\Documentos\Curitiba 360\dataconnect: The system cannot find the file specified.
 {"metadata":{"emulator":{"name":"dataconnect"},"message":"E0720 15:31:31.450642   36444 watch.go:116] watchAllDir unable to walk dir `c:\\Users\\vinad\\OneDrive\\Documentos\\Curitiba 360\\dataconnect`: GetFileAttributesEx c:\\Users\\vinad\\OneDrive\\Documentos\\Curitiba 360\\dataconnect: The system cannot find the file specified.\n"}}
[debug] [2026-07-20T18:31:31.451Z] E0720 15:31:31.450642   36444 watch.go:40] Failed to load config from "c:\\Users\\vinad\\OneDrive\\Documentos\\Curitiba 360\\dataconnect": could not find dataconnect.yaml in `c:\Users\vinad\OneDrive\Documentos\Curitiba 360\dataconnect`
 {"metadata":{"emulator":{"name":"dataconnect"},"message":"E0720 15:31:31.450642   36444 watch.go:40] Failed to load config from \"c:\\\\Users\\\\vinad\\\\OneDrive\\\\Documentos\\\\Curitiba 360\\\\dataconnect\": could not find dataconnect.yaml in `c:\\Users\\vinad\\OneDrive\\Documentos\\Curitiba 360\\dataconnect`\n"}}
[debug] [2026-07-20T18:31:41.450Z] E0720 15:31:41.450333   36444 watch.go:40] Failed to load config from "c:\\Users\\vinad\\OneDrive\\Documentos\\Curitiba 360\\dataconnect": could not find dataconnect.yaml in `c:\Users\vinad\OneDrive\Documentos\Curitiba 360\dataconnect`
 {"metadata":{"emulator":{"name":"dataconnect"},"message":"E0720 15:31:41.450333   36444 watch.go:40] Failed to load config from \"c:\\\\Users\\\\vinad\\\\OneDrive\\\\Documentos\\\\Curitiba 360\\\\dataconnect\": could not find dataconnect.yaml in `c:\\Users\\vinad\\OneDrive\\Documentos\\Curitiba 360\\dataconnect`\n"}}
[debug] [2026-07-20T18:31:51.450Z] E0720 15:31:51.450799   36444 watch.go:40] Failed to load config from "c:\\Users\\vinad\\OneDrive\\Documentos\\Curitiba 360\\dataconnect": could not find dataconnect.yaml in `c:\Users\vinad\OneDrive\Documentos\Curitiba 360\dataconnect`
 {"metadata":{"emulator":{"name":"dataconnect"},"message":"E0720 15:31:51.450799   36444 watch.go:40] Failed to load config from \"c:\\\\Users\\\\vinad\\\\OneDrive\\\\Documentos\\\\Curitiba 360\\\\dataconnect\": could not find dataconnect.yaml in `c:\\Users\\vinad\\OneDrive\\Documentos\\Curitiba 360\\dataconnect`\n"}}
[debug] [2026-07-20T18:32:01.450Z] E0720 15:32:01.450457   36444 watch.go:40] Failed to load config from "c:\\Users\\vinad\\OneDrive\\Documentos\\Curitiba 360\\dataconnect": could not find dataconnect.yaml in `c:\Users\vinad\OneDrive\Documentos\Curitiba 360\dataconnect`
 {"metadata":{"emulator":{"name":"dataconnect"},"message":"E0720 15:32:01.450457   36444 watch.go:40] Failed to load config from \"c:\\\\Users\\\\vinad\\\\OneDrive\\\\Documentos\\\\Curitiba 360\\\\dataconnect\": could not find dataconnect.yaml in `c:\\Users\\vinad\\OneDrive\\Documentos\\Curitiba 360\\dataconnect`\n"}}
[debug] [2026-07-20T18:32:11.450Z] E0720 15:32:11.450676   36444 watch.go:40] Failed to load config from "c:\\Users\\vinad\\OneDrive\\Documentos\\Curitiba 360\\dataconnect": could not find dataconnect.yaml in `c:\Users\vinad\OneDrive\Documentos\Curitiba 360\dataconnect`
 {"metadata":{"emulator":{"name":"dataconnect"},"message":"E0720 15:32:11.450676   36444 watch.go:40] Failed to load config from \"c:\\\\Users\\\\vinad\\\\OneDrive\\\\Documentos\\\\Curitiba 360\\\\dataconnect\": could not find dataconnect.yaml in `c:\\Users\\vinad\\OneDrive\\Documentos\\Curitiba 360\\dataconnect`\n"}}
[debug] [2026-07-20T18:32:21.450Z] E0720 15:32:21.450718   36444 watch.go:40] Failed to load config from "c:\\Users\\vinad\\OneDrive\\Documentos\\Curitiba 360\\dataconnect": could not find dataconnect.yaml in `c:\Users\vinad\OneDrive\Documentos\Curitiba 360\dataconnect`
 {"metadata":{"emulator":{"name":"dataconnect"},"message":"E0720 15:32:21.450718   36444 watch.go:40] Failed to load config from \"c:\\\\Users\\\\vinad\\\\OneDrive\\\\Documentos\\\\Curitiba 360\\\\dataconnect\": could not find dataconnect.yaml in `c:\\Users\\vinad\\OneDrive\\Documentos\\Curitiba 360\\dataconnect`\n"}}
[debug] [2026-07-20T18:32:31.450Z] E0720 15:32:31.450592   36444 watch.go:116] watchAllDir unable to walk dir `c:\Users\vinad\OneDrive\Documentos\Curitiba 360\dataconnect`: GetFileAttributesEx c:\Users\vinad\OneDrive\Documentos\Curitiba 360\dataconnect: The system cannot find the file specified.
 {"metadata":{"emulator":{"name":"dataconnect"},"message":"E0720 15:32:31.450592   36444 watch.go:116] watchAllDir unable to walk dir `c:\\Users\\vinad\\OneDrive\\Documentos\\Curitiba 360\\dataconnect`: GetFileAttributesEx c:\\Users\\vinad\\OneDrive\\Documentos\\Curitiba 360\\dataconnect: The system cannot find the file specified.\n"}}
[debug] [2026-07-20T18:32:31.451Z] E0720 15:32:31.451106   36444 watch.go:40] Failed to load config from "c:\\Users\\vinad\\OneDrive\\Documentos\\Curitiba 360\\dataconnect": could not find dataconnect.yaml in `c:\Users\vinad\OneDrive\Documentos\Curitiba 360\dataconnect`
 {"metadata":{"emulator":{"name":"dataconnect"},"message":"E0720 15:32:31.451106   36444 watch.go:40] Failed to load config from \"c:\\\\Users\\\\vinad\\\\OneDrive\\\\Documentos\\\\Curitiba 360\\\\dataconnect\": could not find dataconnect.yaml in `c:\\Users\\vinad\\OneDrive\\Documentos\\Curitiba 360\\dataconnect`\n"}}
[debug] [2026-07-20T18:32:41.450Z] E0720 15:32:41.450520   36444 watch.go:40] Failed to load config from "c:\\Users\\vinad\\OneDrive\\Documentos\\Curitiba 360\\dataconnect": could not find dataconnect.yaml in `c:\Users\vinad\OneDrive\Documentos\Curitiba 360\dataconnect`
 {"metadata":{"emulator":{"name":"dataconnect"},"message":"E0720 15:32:41.450520   36444 watch.go:40] Failed to load config from \"c:\\\\Users\\\\vinad\\\\OneDrive\\\\Documentos\\\\Curitiba 360\\\\dataconnect\": could not find dataconnect.yaml in `c:\\Users\\vinad\\OneDrive\\Documentos\\Curitiba 360\\dataconnect`\n"}}
[debug] [2026-07-20T18:32:51.450Z] E0720 15:32:51.450553   36444 watch.go:40] Failed to load config from "c:\\Users\\vinad\\OneDrive\\Documentos\\Curitiba 360\\dataconnect": could not find dataconnect.yaml in `c:\Users\vinad\OneDrive\Documentos\Curitiba 360\dataconnect`
 {"metadata":{"emulator":{"name":"dataconnect"},"message":"E0720 15:32:51.450553   36444 watch.go:40] Failed to load config from \"c:\\\\Users\\\\vinad\\\\OneDrive\\\\Documentos\\\\Curitiba 360\\\\dataconnect\": could not find dataconnect.yaml in `c:\\Users\\vinad\\OneDrive\\Documentos\\Curitiba 360\\dataconnect`\n"}}
[debug] [2026-07-20T18:33:01.450Z] E0720 15:33:01.450478   36444 watch.go:40] Failed to load config from "c:\\Users\\vinad\\OneDrive\\Documentos\\Curitiba 360\\dataconnect": could not find dataconnect.yaml in `c:\Users\vinad\OneDrive\Documentos\Curitiba 360\dataconnect`
 {"metadata":{"emulator":{"name":"dataconnect"},"message":"E0720 15:33:01.450478   36444 watch.go:40] Failed to load config from \"c:\\\\Users\\\\vinad\\\\OneDrive\\\\Documentos\\\\Curitiba 360\\\\dataconnect\": could not find dataconnect.yaml in `c:\\Users\\vinad\\OneDrive\\Documentos\\Curitiba 360\\dataconnect`\n"}}
[debug] [2026-07-20T18:33:11.450Z] E0720 15:33:11.450638   36444 watch.go:40] Failed to load config from "c:\\Users\\vinad\\OneDrive\\Documentos\\Curitiba 360\\dataconnect": could not find dataconnect.yaml in `c:\Users\vinad\OneDrive\Documentos\Curitiba 360\dataconnect`
 {"metadata":{"emulator":{"name":"dataconnect"},"message":"E0720 15:33:11.450638   36444 watch.go:40] Failed to load config from \"c:\\\\Users\\\\vinad\\\\OneDrive\\\\Documentos\\\\Curitiba 360\\\\dataconnect\": could not find dataconnect.yaml in `c:\\Users\\vinad\\OneDrive\\Documentos\\Curitiba 360\\dataconnect`\n"}}
[debug] [2026-07-20T18:33:21.450Z] E0720 15:33:21.450671   36444 watch.go:40] Failed to load config from "c:\\Users\\vinad\\OneDrive\\Documentos\\Curitiba 360\\dataconnect": could not find dataconnect.yaml in `c:\Users\vinad\OneDrive\Documentos\Curitiba 360\dataconnect`
 {"metadata":{"emulator":{"name":"dataconnect"},"message":"E0720 15:33:21.450671   36444 watch.go:40] Failed to load config from \"c:\\\\Users\\\\vinad\\\\OneDrive\\\\Documentos\\\\Curitiba 360\\\\dataconnect\": could not find dataconnect.yaml in `c:\\Users\\vinad\\OneDrive\\Documentos\\Curitiba 360\\dataconnect`\n"}}
[debug] [2026-07-20T18:33:31.450Z] E0720 15:33:31.450430   36444 watch.go:116] watchAllDir unable to walk dir `c:\Users\vinad\OneDrive\Documentos\Curitiba 360\dataconnect`: GetFileAttributesEx c:\Users\vinad\OneDrive\Documentos\Curitiba 360\dataconnect: The system cannot find the file specified.
 {"metadata":{"emulator":{"name":"dataconnect"},"message":"E0720 15:33:31.450430   36444 watch.go:116] watchAllDir unable to walk dir `c:\\Users\\vinad\\OneDrive\\Documentos\\Curitiba 360\\dataconnect`: GetFileAttributesEx c:\\Users\\vinad\\OneDrive\\Documentos\\Curitiba 360\\dataconnect: The system cannot find the file specified.\n"}}
[debug] [2026-07-20T18:33:31.450Z] E0720 15:33:31.450430   36444 watch.go:40] Failed to load config from "c:\\Users\\vinad\\OneDrive\\Documentos\\Curitiba 360\\dataconnect": could not find dataconnect.yaml in `c:\Users\vinad\OneDrive\Documentos\Curitiba 360\dataconnect`
 {"metadata":{"emulator":{"name":"dataconnect"},"message":"E0720 15:33:31.450430   36444 watch.go:40] Failed to load config from \"c:\\\\Users\\\\vinad\\\\OneDrive\\\\Documentos\\\\Curitiba 360\\\\dataconnect\": could not find dataconnect.yaml in `c:\\Users\\vinad\\OneDrive\\Documentos\\Curitiba 360\\dataconnect`\n"}}
[debug] [2026-07-20T18:33:41.450Z] E0720 15:33:41.450420   36444 watch.go:40] Failed to load config from "c:\\Users\\vinad\\OneDrive\\Documentos\\Curitiba 360\\dataconnect": could not find dataconnect.yaml in `c:\Users\vinad\OneDrive\Documentos\Curitiba 360\dataconnect`
 {"metadata":{"emulator":{"name":"dataconnect"},"message":"E0720 15:33:41.450420   36444 watch.go:40] Failed to load config from \"c:\\\\Users\\\\vinad\\\\OneDrive\\\\Documentos\\\\Curitiba 360\\\\dataconnect\": could not find dataconnect.yaml in `c:\\Users\\vinad\\OneDrive\\Documentos\\Curitiba 360\\dataconnect`\n"}}
[debug] [2026-07-20T18:33:51.450Z] E0720 15:33:51.450379   36444 watch.go:40] Failed to load config from "c:\\Users\\vinad\\OneDrive\\Documentos\\Curitiba 360\\dataconnect": could not find dataconnect.yaml in `c:\Users\vinad\OneDrive\Documentos\Curitiba 360\dataconnect`
 {"metadata":{"emulator":{"name":"dataconnect"},"message":"E0720 15:33:51.450379   36444 watch.go:40] Failed to load config from \"c:\\\\Users\\\\vinad\\\\OneDrive\\\\Documentos\\\\Curitiba 360\\\\dataconnect\": could not find dataconnect.yaml in `c:\\Users\\vinad\\OneDrive\\Documentos\\Curitiba 360\\dataconnect`\n"}}
[debug] [2026-07-20T18:34:01.450Z] E0720 15:34:01.450784   36444 watch.go:40] Failed to load config from "c:\\Users\\vinad\\OneDrive\\Documentos\\Curitiba 360\\dataconnect": could not find dataconnect.yaml in `c:\Users\vinad\OneDrive\Documentos\Curitiba 360\dataconnect`
 {"metadata":{"emulator":{"name":"dataconnect"},"message":"E0720 15:34:01.450784   36444 watch.go:40] Failed to load config from \"c:\\\\Users\\\\vinad\\\\OneDrive\\\\Documentos\\\\Curitiba 360\\\\dataconnect\": could not find dataconnect.yaml in `c:\\Users\\vinad\\OneDrive\\Documentos\\Curitiba 360\\dataconnect`\n"}}
[debug] [2026-07-20T18:34:11.450Z] E0720 15:34:11.450532   36444 watch.go:40] Failed to load config from "c:\\Users\\vinad\\OneDrive\\Documentos\\Curitiba 360\\dataconnect": could not find dataconnect.yaml in `c:\Users\vinad\OneDrive\Documentos\Curitiba 360\dataconnect`
 {"metadata":{"emulator":{"name":"dataconnect"},"message":"E0720 15:34:11.450532   36444 watch.go:40] Failed to load config from \"c:\\\\Users\\\\vinad\\\\OneDrive\\\\Documentos\\\\Curitiba 360\\\\dataconnect\": could not find dataconnect.yaml in `c:\\Users\\vinad\\OneDrive\\Documentos\\Curitiba 360\\dataconnect`\n"}}
[debug] [2026-07-20T18:34:21.451Z] E0720 15:34:21.450332   36444 watch.go:40] Failed to load config from "c:\\Users\\vinad\\OneDrive\\Documentos\\Curitiba 360\\dataconnect": could not find dataconnect.yaml in `c:\Users\vinad\OneDrive\Documentos\Curitiba 360\dataconnect`
 {"metadata":{"emulator":{"name":"dataconnect"},"message":"E0720 15:34:21.450332   36444 watch.go:40] Failed to load config from \"c:\\\\Users\\\\vinad\\\\OneDrive\\\\Documentos\\\\Curitiba 360\\\\dataconnect\": could not find dataconnect.yaml in `c:\\Users\\vinad\\OneDrive\\Documentos\\Curitiba 360\\dataconnect`\n"}}
[debug] [2026-07-20T18:34:31.450Z] E0720 15:34:31.450472   36444 watch.go:116] watchAllDir unable to walk dir `c:\Users\vinad\OneDrive\Documentos\Curitiba 360\dataconnect`: GetFileAttributesEx c:\Users\vinad\OneDrive\Documentos\Curitiba 360\dataconnect: The system cannot find the file specified.
E0720 15:34:31.450472   36444 watch.go:40] Failed to load config from "c:\\Users\\vinad\\OneDrive\\Documentos\\Curitiba 360\\dataconnect": could not find dataconnect.yaml in `c:\Users\vinad\OneDrive\Documentos\Curitiba 360\dataconnect`
 {"metadata":{"emulator":{"name":"dataconnect"},"message":"E0720 15:34:31.450472   36444 watch.go:116] watchAllDir unable to walk dir `c:\\Users\\vinad\\OneDrive\\Documentos\\Curitiba 360\\dataconnect`: GetFileAttributesEx c:\\Users\\vinad\\OneDrive\\Documentos\\Curitiba 360\\dataconnect: The system cannot find the file specified.\nE0720 15:34:31.450472   36444 watch.go:40] Failed to load config from \"c:\\\\Users\\\\vinad\\\\OneDrive\\\\Documentos\\\\Curitiba 360\\\\dataconnect\": could not find dataconnect.yaml in `c:\\Users\\vinad\\OneDrive\\Documentos\\Curitiba 360\\dataconnect`\n"}}
[debug] [2026-07-20T18:34:41.450Z] E0720 15:34:41.450545   36444 watch.go:40] Failed to load config from "c:\\Users\\vinad\\OneDrive\\Documentos\\Curitiba 360\\dataconnect": could not find dataconnect.yaml in `c:\Users\vinad\OneDrive\Documentos\Curitiba 360\dataconnect`
 {"metadata":{"emulator":{"name":"dataconnect"},"message":"E0720 15:34:41.450545   36444 watch.go:40] Failed to load config from \"c:\\\\Users\\\\vinad\\\\OneDrive\\\\Documentos\\\\Curitiba 360\\\\dataconnect\": could not find dataconnect.yaml in `c:\\Users\\vinad\\OneDrive\\Documentos\\Curitiba 360\\dataconnect`\n"}}
[debug] [2026-07-20T18:34:51.450Z] E0720 15:34:51.450493   36444 watch.go:40] Failed to load config from "c:\\Users\\vinad\\OneDrive\\Documentos\\Curitiba 360\\dataconnect": could not find dataconnect.yaml in `c:\Users\vinad\OneDrive\Documentos\Curitiba 360\dataconnect`
 {"metadata":{"emulator":{"name":"dataconnect"},"message":"E0720 15:34:51.450493   36444 watch.go:40] Failed to load config from \"c:\\\\Users\\\\vinad\\\\OneDrive\\\\Documentos\\\\Curitiba 360\\\\dataconnect\": could not find dataconnect.yaml in `c:\\Users\\vinad\\OneDrive\\Documentos\\Curitiba 360\\dataconnect`\n"}}
[debug] [2026-07-20T18:35:01.450Z] E0720 15:35:01.450703   36444 watch.go:40] Failed to load config from "c:\\Users\\vinad\\OneDrive\\Documentos\\Curitiba 360\\dataconnect": could not find dataconnect.yaml in `c:\Users\vinad\OneDrive\Documentos\Curitiba 360\dataconnect`
 {"metadata":{"emulator":{"name":"dataconnect"},"message":"E0720 15:35:01.450703   36444 watch.go:40] Failed to load config from \"c:\\\\Users\\\\vinad\\\\OneDrive\\\\Documentos\\\\Curitiba 360\\\\dataconnect\": could not find dataconnect.yaml in `c:\\Users\\vinad\\OneDrive\\Documentos\\Curitiba 360\\dataconnect`\n"}}
[debug] [2026-07-20T18:35:11.450Z] E0720 15:35:11.450698   36444 watch.go:40] Failed to load config from "c:\\Users\\vinad\\OneDrive\\Documentos\\Curitiba 360\\dataconnect": could not find dataconnect.yaml in `c:\Users\vinad\OneDrive\Documentos\Curitiba 360\dataconnect`
 {"metadata":{"emulator":{"name":"dataconnect"},"message":"E0720 15:35:11.450698   36444 watch.go:40] Failed to load config from \"c:\\\\Users\\\\vinad\\\\OneDrive\\\\Documentos\\\\Curitiba 360\\\\dataconnect\": could not find dataconnect.yaml in `c:\\Users\\vinad\\OneDrive\\Documentos\\Curitiba 360\\dataconnect`\n"}}
[debug] [2026-07-20T18:35:21.450Z] E0720 15:35:21.450477   36444 watch.go:40] Failed to load config from "c:\\Users\\vinad\\OneDrive\\Documentos\\Curitiba 360\\dataconnect": could not find dataconnect.yaml in `c:\Users\vinad\OneDrive\Documentos\Curitiba 360\dataconnect`
 {"metadata":{"emulator":{"name":"dataconnect"},"message":"E0720 15:35:21.450477   36444 watch.go:40] Failed to load config from \"c:\\\\Users\\\\vinad\\\\OneDrive\\\\Documentos\\\\Curitiba 360\\\\dataconnect\": could not find dataconnect.yaml in `c:\\Users\\vinad\\OneDrive\\Documentos\\Curitiba 360\\dataconnect`\n"}}
[debug] [2026-07-20T18:35:31.450Z] E0720 15:35:31.450597   36444 watch.go:116] watchAllDir unable to walk dir `c:\Users\vinad\OneDrive\Documentos\Curitiba 360\dataconnect`: GetFileAttributesEx c:\Users\vinad\OneDrive\Documentos\Curitiba 360\dataconnect: The system cannot find the file specified.
 {"metadata":{"emulator":{"name":"dataconnect"},"message":"E0720 15:35:31.450597   36444 watch.go:116] watchAllDir unable to walk dir `c:\\Users\\vinad\\OneDrive\\Documentos\\Curitiba 360\\dataconnect`: GetFileAttributesEx c:\\Users\\vinad\\OneDrive\\Documentos\\Curitiba 360\\dataconnect: The system cannot find the file specified.\n"}}
[debug] [2026-07-20T18:35:31.451Z] E0720 15:35:31.451131   36444 watch.go:40] Failed to load config from "c:\\Users\\vinad\\OneDrive\\Documentos\\Curitiba 360\\dataconnect": could not find dataconnect.yaml in `c:\Users\vinad\OneDrive\Documentos\Curitiba 360\dataconnect`
 {"metadata":{"emulator":{"name":"dataconnect"},"message":"E0720 15:35:31.451131   36444 watch.go:40] Failed to load config from \"c:\\\\Users\\\\vinad\\\\OneDrive\\\\Documentos\\\\Curitiba 360\\\\dataconnect\": could not find dataconnect.yaml in `c:\\Users\\vinad\\OneDrive\\Documentos\\Curitiba 360\\dataconnect`\n"}}
[debug] [2026-07-20T18:35:41.450Z] E0720 15:35:41.450608   36444 watch.go:40] Failed to load config from "c:\\Users\\vinad\\OneDrive\\Documentos\\Curitiba 360\\dataconnect": could not find dataconnect.yaml in `c:\Users\vinad\OneDrive\Documentos\Curitiba 360\dataconnect`
 {"metadata":{"emulator":{"name":"dataconnect"},"message":"E0720 15:35:41.450608   36444 watch.go:40] Failed to load config from \"c:\\\\Users\\\\vinad\\\\OneDrive\\\\Documentos\\\\Curitiba 360\\\\dataconnect\": could not find dataconnect.yaml in `c:\\Users\\vinad\\OneDrive\\Documentos\\Curitiba 360\\dataconnect`\n"}}
[debug] [2026-07-20T18:35:51.450Z] E0720 15:35:51.450423   36444 watch.go:40] Failed to load config from "c:\\Users\\vinad\\OneDrive\\Documentos\\Curitiba 360\\dataconnect": could not find dataconnect.yaml in `c:\Users\vinad\OneDrive\Documentos\Curitiba 360\dataconnect`
 {"metadata":{"emulator":{"name":"dataconnect"},"message":"E0720 15:35:51.450423   36444 watch.go:40] Failed to load config from \"c:\\\\Users\\\\vinad\\\\OneDrive\\\\Documentos\\\\Curitiba 360\\\\dataconnect\": could not find dataconnect.yaml in `c:\\Users\\vinad\\OneDrive\\Documentos\\Curitiba 360\\dataconnect`\n"}}
[debug] [2026-07-20T18:36:01.450Z] E0720 15:36:01.450447   36444 watch.go:40] Failed to load config from "c:\\Users\\vinad\\OneDrive\\Documentos\\Curitiba 360\\dataconnect": could not find dataconnect.yaml in `c:\Users\vinad\OneDrive\Documentos\Curitiba 360\dataconnect`
 {"metadata":{"emulator":{"name":"dataconnect"},"message":"E0720 15:36:01.450447   36444 watch.go:40] Failed to load config from \"c:\\\\Users\\\\vinad\\\\OneDrive\\\\Documentos\\\\Curitiba 360\\\\dataconnect\": could not find dataconnect.yaml in `c:\\Users\\vinad\\OneDrive\\Documentos\\Curitiba 360\\dataconnect`\n"}}
[debug] [2026-07-20T18:36:11.450Z] E0720 15:36:11.450430   36444 watch.go:40] Failed to load config from "c:\\Users\\vinad\\OneDrive\\Documentos\\Curitiba 360\\dataconnect": could not find dataconnect.yaml in `c:\Users\vinad\OneDrive\Documentos\Curitiba 360\dataconnect`
 {"metadata":{"emulator":{"name":"dataconnect"},"message":"E0720 15:36:11.450430   36444 watch.go:40] Failed to load config from \"c:\\\\Users\\\\vinad\\\\OneDrive\\\\Documentos\\\\Curitiba 360\\\\dataconnect\": could not find dataconnect.yaml in `c:\\Users\\vinad\\OneDrive\\Documentos\\Curitiba 360\\dataconnect`\n"}}
[debug] [2026-07-20T18:36:21.450Z] E0720 15:36:21.450631   36444 watch.go:40] Failed to load config from "c:\\Users\\vinad\\OneDrive\\Documentos\\Curitiba 360\\dataconnect": could not find dataconnect.yaml in `c:\Users\vinad\OneDrive\Documentos\Curitiba 360\dataconnect`
 {"metadata":{"emulator":{"name":"dataconnect"},"message":"E0720 15:36:21.450631   36444 watch.go:40] Failed to load config from \"c:\\\\Users\\\\vinad\\\\OneDrive\\\\Documentos\\\\Curitiba 360\\\\dataconnect\": could not find dataconnect.yaml in `c:\\Users\\vinad\\OneDrive\\Documentos\\Curitiba 360\\dataconnect`\n"}}
[debug] [2026-07-20T18:36:31.450Z] E0720 15:36:31.450412   36444 watch.go:116] watchAllDir unable to walk dir `c:\Users\vinad\OneDrive\Documentos\Curitiba 360\dataconnect`: GetFileAttributesEx c:\Users\vinad\OneDrive\Documentos\Curitiba 360\dataconnect: The system cannot find the file specified.
 {"metadata":{"emulator":{"name":"dataconnect"},"message":"E0720 15:36:31.450412   36444 watch.go:116] watchAllDir unable to walk dir `c:\\Users\\vinad\\OneDrive\\Documentos\\Curitiba 360\\dataconnect`: GetFileAttributesEx c:\\Users\\vinad\\OneDrive\\Documentos\\Curitiba 360\\dataconnect: The system cannot find the file specified.\n"}}
[debug] [2026-07-20T18:36:31.450Z] E0720 15:36:31.450412   36444 watch.go:40] Failed to load config from "c:\\Users\\vinad\\OneDrive\\Documentos\\Curitiba 360\\dataconnect": could not find dataconnect.yaml in `c:\Users\vinad\OneDrive\Documentos\Curitiba 360\dataconnect`
 {"metadata":{"emulator":{"name":"dataconnect"},"message":"E0720 15:36:31.450412   36444 watch.go:40] Failed to load config from \"c:\\\\Users\\\\vinad\\\\OneDrive\\\\Documentos\\\\Curitiba 360\\\\dataconnect\": could not find dataconnect.yaml in `c:\\Users\\vinad\\OneDrive\\Documentos\\Curitiba 360\\dataconnect`\n"}}
[debug] [2026-07-20T18:36:41.450Z] E0720 15:36:41.450589   36444 watch.go:40] Failed to load config from "c:\\Users\\vinad\\OneDrive\\Documentos\\Curitiba 360\\dataconnect": could not find dataconnect.yaml in `c:\Users\vinad\OneDrive\Documentos\Curitiba 360\dataconnect`
 {"metadata":{"emulator":{"name":"dataconnect"},"message":"E0720 15:36:41.450589   36444 watch.go:40] Failed to load config from \"c:\\\\Users\\\\vinad\\\\OneDrive\\\\Documentos\\\\Curitiba 360\\\\dataconnect\": could not find dataconnect.yaml in `c:\\Users\\vinad\\OneDrive\\Documentos\\Curitiba 360\\dataconnect`\n"}}
[debug] [2026-07-20T18:36:51.450Z] E0720 15:36:51.450633   36444 watch.go:40] Failed to load config from "c:\\Users\\vinad\\OneDrive\\Documentos\\Curitiba 360\\dataconnect": could not find dataconnect.yaml in `c:\Users\vinad\OneDrive\Documentos\Curitiba 360\dataconnect`
 {"metadata":{"emulator":{"name":"dataconnect"},"message":"E0720 15:36:51.450633   36444 watch.go:40] Failed to load config from \"c:\\\\Users\\\\vinad\\\\OneDrive\\\\Documentos\\\\Curitiba 360\\\\dataconnect\": could not find dataconnect.yaml in `c:\\Users\\vinad\\OneDrive\\Documentos\\Curitiba 360\\dataconnect`\n"}}
[debug] [2026-07-20T18:37:01.451Z] E0720 15:37:01.451054   36444 watch.go:40] Failed to load config from "c:\\Users\\vinad\\OneDrive\\Documentos\\Curitiba 360\\dataconnect": could not find dataconnect.yaml in `c:\Users\vinad\OneDrive\Documentos\Curitiba 360\dataconnect`
 {"metadata":{"emulator":{"name":"dataconnect"},"message":"E0720 15:37:01.451054   36444 watch.go:40] Failed to load config from \"c:\\\\Users\\\\vinad\\\\OneDrive\\\\Documentos\\\\Curitiba 360\\\\dataconnect\": could not find dataconnect.yaml in `c:\\Users\\vinad\\OneDrive\\Documentos\\Curitiba 360\\dataconnect`\n"}}
[debug] [2026-07-20T18:37:11.450Z] E0720 15:37:11.450753   36444 watch.go:40] Failed to load config from "c:\\Users\\vinad\\OneDrive\\Documentos\\Curitiba 360\\dataconnect": could not find dataconnect.yaml in `c:\Users\vinad\OneDrive\Documentos\Curitiba 360\dataconnect`
 {"metadata":{"emulator":{"name":"dataconnect"},"message":"E0720 15:37:11.450753   36444 watch.go:40] Failed to load config from \"c:\\\\Users\\\\vinad\\\\OneDrive\\\\Documentos\\\\Curitiba 360\\\\dataconnect\": could not find dataconnect.yaml in `c:\\Users\\vinad\\OneDrive\\Documentos\\Curitiba 360\\dataconnect`\n"}}
[debug] [2026-07-20T18:37:21.450Z] E0720 15:37:21.450624   36444 watch.go:40] Failed to load config from "c:\\Users\\vinad\\OneDrive\\Documentos\\Curitiba 360\\dataconnect": could not find dataconnect.yaml in `c:\Users\vinad\OneDrive\Documentos\Curitiba 360\dataconnect`
 {"metadata":{"emulator":{"name":"dataconnect"},"message":"E0720 15:37:21.450624   36444 watch.go:40] Failed to load config from \"c:\\\\Users\\\\vinad\\\\OneDrive\\\\Documentos\\\\Curitiba 360\\\\dataconnect\": could not find dataconnect.yaml in `c:\\Users\\vinad\\OneDrive\\Documentos\\Curitiba 360\\dataconnect`\n"}}
[debug] [2026-07-20T18:37:31.450Z] E0720 15:37:31.450595   36444 watch.go:116] watchAllDir unable to walk dir `c:\Users\vinad\OneDrive\Documentos\Curitiba 360\dataconnect`: GetFileAttributesEx c:\Users\vinad\OneDrive\Documentos\Curitiba 360\dataconnect: The system cannot find the file specified.
 {"metadata":{"emulator":{"name":"dataconnect"},"message":"E0720 15:37:31.450595   36444 watch.go:116] watchAllDir unable to walk dir `c:\\Users\\vinad\\OneDrive\\Documentos\\Curitiba 360\\dataconnect`: GetFileAttributesEx c:\\Users\\vinad\\OneDrive\\Documentos\\Curitiba 360\\dataconnect: The system cannot find the file specified.\n"}}
[debug] [2026-07-20T18:37:31.451Z] E0720 15:37:31.450595   36444 watch.go:40] Failed to load config from "c:\\Users\\vinad\\OneDrive\\Documentos\\Curitiba 360\\dataconnect": could not find dataconnect.yaml in `c:\Users\vinad\OneDrive\Documentos\Curitiba 360\dataconnect`
 {"metadata":{"emulator":{"name":"dataconnect"},"message":"E0720 15:37:31.450595   36444 watch.go:40] Failed to load config from \"c:\\\\Users\\\\vinad\\\\OneDrive\\\\Documentos\\\\Curitiba 360\\\\dataconnect\": could not find dataconnect.yaml in `c:\\Users\\vinad\\OneDrive\\Documentos\\Curitiba 360\\dataconnect`\n"}}
[debug] [2026-07-20T18:37:41.451Z] E0720 15:37:41.450998   36444 watch.go:40] Failed to load config from "c:\\Users\\vinad\\OneDrive\\Documentos\\Curitiba 360\\dataconnect": could not find dataconnect.yaml in `c:\Users\vinad\OneDrive\Documentos\Curitiba 360\dataconnect`
 {"metadata":{"emulator":{"name":"dataconnect"},"message":"E0720 15:37:41.450998   36444 watch.go:40] Failed to load config from \"c:\\\\Users\\\\vinad\\\\OneDrive\\\\Documentos\\\\Curitiba 360\\\\dataconnect\": could not find dataconnect.yaml in `c:\\Users\\vinad\\OneDrive\\Documentos\\Curitiba 360\\dataconnect`\n"}}
[debug] [2026-07-20T18:37:51.450Z] E0720 15:37:51.450587   36444 watch.go:40] Failed to load config from "c:\\Users\\vinad\\OneDrive\\Documentos\\Curitiba 360\\dataconnect": could not find dataconnect.yaml in `c:\Users\vinad\OneDrive\Documentos\Curitiba 360\dataconnect`
 {"metadata":{"emulator":{"name":"dataconnect"},"message":"E0720 15:37:51.450587   36444 watch.go:40] Failed to load config from \"c:\\\\Users\\\\vinad\\\\OneDrive\\\\Documentos\\\\Curitiba 360\\\\dataconnect\": could not find dataconnect.yaml in `c:\\Users\\vinad\\OneDrive\\Documentos\\Curitiba 360\\dataconnect`\n"}}
[debug] [2026-07-20T18:38:01.450Z] E0720 15:38:01.450513   36444 watch.go:40] Failed to load config from "c:\\Users\\vinad\\OneDrive\\Documentos\\Curitiba 360\\dataconnect": could not find dataconnect.yaml in `c:\Users\vinad\OneDrive\Documentos\Curitiba 360\dataconnect`
 {"metadata":{"emulator":{"name":"dataconnect"},"message":"E0720 15:38:01.450513   36444 watch.go:40] Failed to load config from \"c:\\\\Users\\\\vinad\\\\OneDrive\\\\Documentos\\\\Curitiba 360\\\\dataconnect\": could not find dataconnect.yaml in `c:\\Users\\vinad\\OneDrive\\Documentos\\Curitiba 360\\dataconnect`\n"}}
[debug] [2026-07-20T18:38:11.450Z] E0720 15:38:11.450809   36444 watch.go:40] Failed to load config from "c:\\Users\\vinad\\OneDrive\\Documentos\\Curitiba 360\\dataconnect": could not find dataconnect.yaml in `c:\Users\vinad\OneDrive\Documentos\Curitiba 360\dataconnect`
 {"metadata":{"emulator":{"name":"dataconnect"},"message":"E0720 15:38:11.450809   36444 watch.go:40] Failed to load config from \"c:\\\\Users\\\\vinad\\\\OneDrive\\\\Documentos\\\\Curitiba 360\\\\dataconnect\": could not find dataconnect.yaml in `c:\\Users\\vinad\\OneDrive\\Documentos\\Curitiba 360\\dataconnect`\n"}}
[debug] [2026-07-20T18:38:21.450Z] E0720 15:38:21.450710   36444 watch.go:40] Failed to load config from "c:\\Users\\vinad\\OneDrive\\Documentos\\Curitiba 360\\dataconnect": could not find dataconnect.yaml in `c:\Users\vinad\OneDrive\Documentos\Curitiba 360\dataconnect`
 {"metadata":{"emulator":{"name":"dataconnect"},"message":"E0720 15:38:21.450710   36444 watch.go:40] Failed to load config from \"c:\\\\Users\\\\vinad\\\\OneDrive\\\\Documentos\\\\Curitiba 360\\\\dataconnect\": could not find dataconnect.yaml in `c:\\Users\\vinad\\OneDrive\\Documentos\\Curitiba 360\\dataconnect`\n"}}
[debug] [2026-07-20T18:38:31.450Z] E0720 15:38:31.450748   36444 watch.go:116] watchAllDir unable to walk dir `c:\Users\vinad\OneDrive\Documentos\Curitiba 360\dataconnect`: GetFileAttributesEx c:\Users\vinad\OneDrive\Documentos\Curitiba 360\dataconnect: The system cannot find the file specified.
 {"metadata":{"emulator":{"name":"dataconnect"},"message":"E0720 15:38:31.450748   36444 watch.go:116] watchAllDir unable to walk dir `c:\\Users\\vinad\\OneDrive\\Documentos\\Curitiba 360\\dataconnect`: GetFileAttributesEx c:\\Users\\vinad\\OneDrive\\Documentos\\Curitiba 360\\dataconnect: The system cannot find the file specified.\n"}}
[debug] [2026-07-20T18:38:31.451Z] E0720 15:38:31.450748   36444 watch.go:40] Failed to load config from "c:\\Users\\vinad\\OneDrive\\Documentos\\Curitiba 360\\dataconnect": could not find dataconnect.yaml in `c:\Users\vinad\OneDrive\Documentos\Curitiba 360\dataconnect`
 {"metadata":{"emulator":{"name":"dataconnect"},"message":"E0720 15:38:31.450748   36444 watch.go:40] Failed to load config from \"c:\\\\Users\\\\vinad\\\\OneDrive\\\\Documentos\\\\Curitiba 360\\\\dataconnect\": could not find dataconnect.yaml in `c:\\Users\\vinad\\OneDrive\\Documentos\\Curitiba 360\\dataconnect`\n"}}
[debug] [2026-07-20T18:38:41.450Z] E0720 15:38:41.450532   36444 watch.go:40] Failed to load config from "c:\\Users\\vinad\\OneDrive\\Documentos\\Curitiba 360\\dataconnect": could not find dataconnect.yaml in `c:\Users\vinad\OneDrive\Documentos\Curitiba 360\dataconnect`
 {"metadata":{"emulator":{"name":"dataconnect"},"message":"E0720 15:38:41.450532   36444 watch.go:40] Failed to load config from \"c:\\\\Users\\\\vinad\\\\OneDrive\\\\Documentos\\\\Curitiba 360\\\\dataconnect\": could not find dataconnect.yaml in `c:\\Users\\vinad\\OneDrive\\Documentos\\Curitiba 360\\dataconnect`\n"}}
[debug] [2026-07-20T18:38:51.450Z] E0720 15:38:51.450528   36444 watch.go:40] Failed to load config from "c:\\Users\\vinad\\OneDrive\\Documentos\\Curitiba 360\\dataconnect": could not find dataconnect.yaml in `c:\Users\vinad\OneDrive\Documentos\Curitiba 360\dataconnect`
 {"metadata":{"emulator":{"name":"dataconnect"},"message":"E0720 15:38:51.450528   36444 watch.go:40] Failed to load config from \"c:\\\\Users\\\\vinad\\\\OneDrive\\\\Documentos\\\\Curitiba 360\\\\dataconnect\": could not find dataconnect.yaml in `c:\\Users\\vinad\\OneDrive\\Documentos\\Curitiba 360\\dataconnect`\n"}}
[debug] [2026-07-20T18:39:01.451Z] E0720 15:39:01.450567   36444 watch.go:40] Failed to load config from "c:\\Users\\vinad\\OneDrive\\Documentos\\Curitiba 360\\dataconnect": could not find dataconnect.yaml in `c:\Users\vinad\OneDrive\Documentos\Curitiba 360\dataconnect`
 {"metadata":{"emulator":{"name":"dataconnect"},"message":"E0720 15:39:01.450567   36444 watch.go:40] Failed to load config from \"c:\\\\Users\\\\vinad\\\\OneDrive\\\\Documentos\\\\Curitiba 360\\\\dataconnect\": could not find dataconnect.yaml in `c:\\Users\\vinad\\OneDrive\\Documentos\\Curitiba 360\\dataconnect`\n"}}
[debug] [2026-07-20T18:39:11.451Z] E0720 15:39:11.451372   36444 watch.go:40] Failed to load config from "c:\\Users\\vinad\\OneDrive\\Documentos\\Curitiba 360\\dataconnect": could not find dataconnect.yaml in `c:\Users\vinad\OneDrive\Documentos\Curitiba 360\dataconnect`
 {"metadata":{"emulator":{"name":"dataconnect"},"message":"E0720 15:39:11.451372   36444 watch.go:40] Failed to load config from \"c:\\\\Users\\\\vinad\\\\OneDrive\\\\Documentos\\\\Curitiba 360\\\\dataconnect\": could not find dataconnect.yaml in `c:\\Users\\vinad\\OneDrive\\Documentos\\Curitiba 360\\dataconnect`\n"}}
[debug] [2026-07-20T18:39:21.451Z] E0720 15:39:21.450550   36444 watch.go:40] Failed to load config from "c:\\Users\\vinad\\OneDrive\\Documentos\\Curitiba 360\\dataconnect": could not find dataconnect.yaml in `c:\Users\vinad\OneDrive\Documentos\Curitiba 360\dataconnect`
 {"metadata":{"emulator":{"name":"dataconnect"},"message":"E0720 15:39:21.450550   36444 watch.go:40] Failed to load config from \"c:\\\\Users\\\\vinad\\\\OneDrive\\\\Documentos\\\\Curitiba 360\\\\dataconnect\": could not find dataconnect.yaml in `c:\\Users\\vinad\\OneDrive\\Documentos\\Curitiba 360\\dataconnect`\n"}}
[debug] [2026-07-20T18:39:31.450Z] E0720 15:39:31.450293   36444 watch.go:116] watchAllDir unable to walk dir `c:\Users\vinad\OneDrive\Documentos\Curitiba 360\dataconnect`: GetFileAttributesEx c:\Users\vinad\OneDrive\Documentos\Curitiba 360\dataconnect: The system cannot find the file specified.
E0720 15:39:31.450293   36444 watch.go:40] Failed to load config from "c:\\Users\\vinad\\OneDrive\\Documentos\\Curitiba 360\\dataconnect": could not find dataconnect.yaml in `c:\Users\vinad\OneDrive\Documentos\Curitiba 360\dataconnect`
 {"metadata":{"emulator":{"name":"dataconnect"},"message":"E0720 15:39:31.450293   36444 watch.go:116] watchAllDir unable to walk dir `c:\\Users\\vinad\\OneDrive\\Documentos\\Curitiba 360\\dataconnect`: GetFileAttributesEx c:\\Users\\vinad\\OneDrive\\Documentos\\Curitiba 360\\dataconnect: The system cannot find the file specified.\nE0720 15:39:31.450293   36444 watch.go:40] Failed to load config from \"c:\\\\Users\\\\vinad\\\\OneDrive\\\\Documentos\\\\Curitiba 360\\\\dataconnect\": could not find dataconnect.yaml in `c:\\Users\\vinad\\OneDrive\\Documentos\\Curitiba 360\\dataconnect`\n"}}
[debug] [2026-07-20T18:39:41.450Z] E0720 15:39:41.450572   36444 watch.go:40] Failed to load config from "c:\\Users\\vinad\\OneDrive\\Documentos\\Curitiba 360\\dataconnect": could not find dataconnect.yaml in `c:\Users\vinad\OneDrive\Documentos\Curitiba 360\dataconnect`
 {"metadata":{"emulator":{"name":"dataconnect"},"message":"E0720 15:39:41.450572   36444 watch.go:40] Failed to load config from \"c:\\\\Users\\\\vinad\\\\OneDrive\\\\Documentos\\\\Curitiba 360\\\\dataconnect\": could not find dataconnect.yaml in `c:\\Users\\vinad\\OneDrive\\Documentos\\Curitiba 360\\dataconnect`\n"}}
[debug] [2026-07-20T18:39:51.450Z] E0720 15:39:51.450540   36444 watch.go:40] Failed to load config from "c:\\Users\\vinad\\OneDrive\\Documentos\\Curitiba 360\\dataconnect": could not find dataconnect.yaml in `c:\Users\vinad\OneDrive\Documentos\Curitiba 360\dataconnect`
 {"metadata":{"emulator":{"name":"dataconnect"},"message":"E0720 15:39:51.450540   36444 watch.go:40] Failed to load config from \"c:\\\\Users\\\\vinad\\\\OneDrive\\\\Documentos\\\\Curitiba 360\\\\dataconnect\": could not find dataconnect.yaml in `c:\\Users\\vinad\\OneDrive\\Documentos\\Curitiba 360\\dataconnect`\n"}}
[debug] [2026-07-20T18:40:01.450Z] E0720 15:40:01.450734   36444 watch.go:40] Failed to load config from "c:\\Users\\vinad\\OneDrive\\Documentos\\Curitiba 360\\dataconnect": could not find dataconnect.yaml in `c:\Users\vinad\OneDrive\Documentos\Curitiba 360\dataconnect`
 {"metadata":{"emulator":{"name":"dataconnect"},"message":"E0720 15:40:01.450734   36444 watch.go:40] Failed to load config from \"c:\\\\Users\\\\vinad\\\\OneDrive\\\\Documentos\\\\Curitiba 360\\\\dataconnect\": could not find dataconnect.yaml in `c:\\Users\\vinad\\OneDrive\\Documentos\\Curitiba 360\\dataconnect`\n"}}
[debug] [2026-07-20T18:40:11.450Z] E0720 15:40:11.450302   36444 watch.go:40] Failed to load config from "c:\\Users\\vinad\\OneDrive\\Documentos\\Curitiba 360\\dataconnect": could not find dataconnect.yaml in `c:\Users\vinad\OneDrive\Documentos\Curitiba 360\dataconnect`
 {"metadata":{"emulator":{"name":"dataconnect"},"message":"E0720 15:40:11.450302   36444 watch.go:40] Failed to load config from \"c:\\\\Users\\\\vinad\\\\OneDrive\\\\Documentos\\\\Curitiba 360\\\\dataconnect\": could not find dataconnect.yaml in `c:\\Users\\vinad\\OneDrive\\Documentos\\Curitiba 360\\dataconnect`\n"}}
[debug] [2026-07-20T18:40:21.450Z] E0720 15:40:21.450412   36444 watch.go:40] Failed to load config from "c:\\Users\\vinad\\OneDrive\\Documentos\\Curitiba 360\\dataconnect": could not find dataconnect.yaml in `c:\Users\vinad\OneDrive\Documentos\Curitiba 360\dataconnect`
 {"metadata":{"emulator":{"name":"dataconnect"},"message":"E0720 15:40:21.450412   36444 watch.go:40] Failed to load config from \"c:\\\\Users\\\\vinad\\\\OneDrive\\\\Documentos\\\\Curitiba 360\\\\dataconnect\": could not find dataconnect.yaml in `c:\\Users\\vinad\\OneDrive\\Documentos\\Curitiba 360\\dataconnect`\n"}}
[debug] [2026-07-20T18:40:31.450Z] E0720 15:40:31.450338   36444 watch.go:116] watchAllDir unable to walk dir `c:\Users\vinad\OneDrive\Documentos\Curitiba 360\dataconnect`: GetFileAttributesEx c:\Users\vinad\OneDrive\Documentos\Curitiba 360\dataconnect: The system cannot find the file specified.
 {"metadata":{"emulator":{"name":"dataconnect"},"message":"E0720 15:40:31.450338   36444 watch.go:116] watchAllDir unable to walk dir `c:\\Users\\vinad\\OneDrive\\Documentos\\Curitiba 360\\dataconnect`: GetFileAttributesEx c:\\Users\\vinad\\OneDrive\\Documentos\\Curitiba 360\\dataconnect: The system cannot find the file specified.\n"}}
[debug] [2026-07-20T18:40:31.450Z] E0720 15:40:31.450338   36444 watch.go:40] Failed to load config from "c:\\Users\\vinad\\OneDrive\\Documentos\\Curitiba 360\\dataconnect": could not find dataconnect.yaml in `c:\Users\vinad\OneDrive\Documentos\Curitiba 360\dataconnect`
 {"metadata":{"emulator":{"name":"dataconnect"},"message":"E0720 15:40:31.450338   36444 watch.go:40] Failed to load config from \"c:\\\\Users\\\\vinad\\\\OneDrive\\\\Documentos\\\\Curitiba 360\\\\dataconnect\": could not find dataconnect.yaml in `c:\\Users\\vinad\\OneDrive\\Documentos\\Curitiba 360\\dataconnect`\n"}}
[debug] [2026-07-20T18:40:41.450Z] E0720 15:40:41.450670   36444 watch.go:40] Failed to load config from "c:\\Users\\vinad\\OneDrive\\Documentos\\Curitiba 360\\dataconnect": could not find dataconnect.yaml in `c:\Users\vinad\OneDrive\Documentos\Curitiba 360\dataconnect`
 {"metadata":{"emulator":{"name":"dataconnect"},"message":"E0720 15:40:41.450670   36444 watch.go:40] Failed to load config from \"c:\\\\Users\\\\vinad\\\\OneDrive\\\\Documentos\\\\Curitiba 360\\\\dataconnect\": could not find dataconnect.yaml in `c:\\Users\\vinad\\OneDrive\\Documentos\\Curitiba 360\\dataconnect`\n"}}
[debug] [2026-07-20T18:40:51.450Z] E0720 15:40:51.450590   36444 watch.go:40] Failed to load config from "c:\\Users\\vinad\\OneDrive\\Documentos\\Curitiba 360\\dataconnect": could not find dataconnect.yaml in `c:\Users\vinad\OneDrive\Documentos\Curitiba 360\dataconnect`
 {"metadata":{"emulator":{"name":"dataconnect"},"message":"E0720 15:40:51.450590   36444 watch.go:40] Failed to load config from \"c:\\\\Users\\\\vinad\\\\OneDrive\\\\Documentos\\\\Curitiba 360\\\\dataconnect\": could not find dataconnect.yaml in `c:\\Users\\vinad\\OneDrive\\Documentos\\Curitiba 360\\dataconnect`\n"}}
[debug] [2026-07-20T18:41:01.451Z] E0720 15:41:01.450639   36444 watch.go:40] Failed to load config from "c:\\Users\\vinad\\OneDrive\\Documentos\\Curitiba 360\\dataconnect": could not find dataconnect.yaml in `c:\Users\vinad\OneDrive\Documentos\Curitiba 360\dataconnect`
 {"metadata":{"emulator":{"name":"dataconnect"},"message":"E0720 15:41:01.450639   36444 watch.go:40] Failed to load config from \"c:\\\\Users\\\\vinad\\\\OneDrive\\\\Documentos\\\\Curitiba 360\\\\dataconnect\": could not find dataconnect.yaml in `c:\\Users\\vinad\\OneDrive\\Documentos\\Curitiba 360\\dataconnect`\n"}}
[debug] [2026-07-20T18:41:11.450Z] E0720 15:41:11.450383   36444 watch.go:40] Failed to load config from "c:\\Users\\vinad\\OneDrive\\Documentos\\Curitiba 360\\dataconnect": could not find dataconnect.yaml in `c:\Users\vinad\OneDrive\Documentos\Curitiba 360\dataconnect`
 {"metadata":{"emulator":{"name":"dataconnect"},"message":"E0720 15:41:11.450383   36444 watch.go:40] Failed to load config from \"c:\\\\Users\\\\vinad\\\\OneDrive\\\\Documentos\\\\Curitiba 360\\\\dataconnect\": could not find dataconnect.yaml in `c:\\Users\\vinad\\OneDrive\\Documentos\\Curitiba 360\\dataconnect`\n"}}
[debug] [2026-07-20T18:41:21.451Z] E0720 15:41:21.450615   36444 watch.go:40] Failed to load config from "c:\\Users\\vinad\\OneDrive\\Documentos\\Curitiba 360\\dataconnect": could not find dataconnect.yaml in `c:\Users\vinad\OneDrive\Documentos\Curitiba 360\dataconnect`
 {"metadata":{"emulator":{"name":"dataconnect"},"message":"E0720 15:41:21.450615   36444 watch.go:40] Failed to load config from \"c:\\\\Users\\\\vinad\\\\OneDrive\\\\Documentos\\\\Curitiba 360\\\\dataconnect\": could not find dataconnect.yaml in `c:\\Users\\vinad\\OneDrive\\Documentos\\Curitiba 360\\dataconnect`\n"}}
[debug] [2026-07-20T18:41:31.450Z] E0720 15:41:31.450328   36444 watch.go:116] watchAllDir unable to walk dir `c:\Users\vinad\OneDrive\Documentos\Curitiba 360\dataconnect`: GetFileAttributesEx c:\Users\vinad\OneDrive\Documentos\Curitiba 360\dataconnect: The system cannot find the file specified.
 {"metadata":{"emulator":{"name":"dataconnect"},"message":"E0720 15:41:31.450328   36444 watch.go:116] watchAllDir unable to walk dir `c:\\Users\\vinad\\OneDrive\\Documentos\\Curitiba 360\\dataconnect`: GetFileAttributesEx c:\\Users\\vinad\\OneDrive\\Documentos\\Curitiba 360\\dataconnect: The system cannot find the file specified.\n"}}
[debug] [2026-07-20T18:41:31.451Z] E0720 15:41:31.450328   36444 watch.go:40] Failed to load config from "c:\\Users\\vinad\\OneDrive\\Documentos\\Curitiba 360\\dataconnect": could not find dataconnect.yaml in `c:\Users\vinad\OneDrive\Documentos\Curitiba 360\dataconnect`
 {"metadata":{"emulator":{"name":"dataconnect"},"message":"E0720 15:41:31.450328   36444 watch.go:40] Failed to load config from \"c:\\\\Users\\\\vinad\\\\OneDrive\\\\Documentos\\\\Curitiba 360\\\\dataconnect\": could not find dataconnect.yaml in `c:\\Users\\vinad\\OneDrive\\Documentos\\Curitiba 360\\dataconnect`\n"}}
[debug] [2026-07-20T18:41:41.450Z] E0720 15:41:41.450682   36444 watch.go:40] Failed to load config from "c:\\Users\\vinad\\OneDrive\\Documentos\\Curitiba 360\\dataconnect": could not find dataconnect.yaml in `c:\Users\vinad\OneDrive\Documentos\Curitiba 360\dataconnect`
 {"metadata":{"emulator":{"name":"dataconnect"},"message":"E0720 15:41:41.450682   36444 watch.go:40] Failed to load config from \"c:\\\\Users\\\\vinad\\\\OneDrive\\\\Documentos\\\\Curitiba 360\\\\dataconnect\": could not find dataconnect.yaml in `c:\\Users\\vinad\\OneDrive\\Documentos\\Curitiba 360\\dataconnect`\n"}}
[debug] [2026-07-20T18:41:51.450Z] E0720 15:41:51.450458   36444 watch.go:40] Failed to load config from "c:\\Users\\vinad\\OneDrive\\Documentos\\Curitiba 360\\dataconnect": could not find dataconnect.yaml in `c:\Users\vinad\OneDrive\Documentos\Curitiba 360\dataconnect`
 {"metadata":{"emulator":{"name":"dataconnect"},"message":"E0720 15:41:51.450458   36444 watch.go:40] Failed to load config from \"c:\\\\Users\\\\vinad\\\\OneDrive\\\\Documentos\\\\Curitiba 360\\\\dataconnect\": could not find dataconnect.yaml in `c:\\Users\\vinad\\OneDrive\\Documentos\\Curitiba 360\\dataconnect`\n"}}
[debug] [2026-07-20T18:42:01.451Z] E0720 15:42:01.450721   36444 watch.go:40] Failed to load config from "c:\\Users\\vinad\\OneDrive\\Documentos\\Curitiba 360\\dataconnect": could not find dataconnect.yaml in `c:\Users\vinad\OneDrive\Documentos\Curitiba 360\dataconnect`
 {"metadata":{"emulator":{"name":"dataconnect"},"message":"E0720 15:42:01.450721   36444 watch.go:40] Failed to load config from \"c:\\\\Users\\\\vinad\\\\OneDrive\\\\Documentos\\\\Curitiba 360\\\\dataconnect\": could not find dataconnect.yaml in `c:\\Users\\vinad\\OneDrive\\Documentos\\Curitiba 360\\dataconnect`\n"}}
[debug] [2026-07-20T18:42:11.450Z] E0720 15:42:11.450614   36444 watch.go:40] Failed to load config from "c:\\Users\\vinad\\OneDrive\\Documentos\\Curitiba 360\\dataconnect": could not find dataconnect.yaml in `c:\Users\vinad\OneDrive\Documentos\Curitiba 360\dataconnect`
 {"metadata":{"emulator":{"name":"dataconnect"},"message":"E0720 15:42:11.450614   36444 watch.go:40] Failed to load config from \"c:\\\\Users\\\\vinad\\\\OneDrive\\\\Documentos\\\\Curitiba 360\\\\dataconnect\": could not find dataconnect.yaml in `c:\\Users\\vinad\\OneDrive\\Documentos\\Curitiba 360\\dataconnect`\n"}}
[debug] [2026-07-20T18:42:21.450Z] E0720 15:42:21.450472   36444 watch.go:40] Failed to load config from "c:\\Users\\vinad\\OneDrive\\Documentos\\Curitiba 360\\dataconnect": could not find dataconnect.yaml in `c:\Users\vinad\OneDrive\Documentos\Curitiba 360\dataconnect`
 {"metadata":{"emulator":{"name":"dataconnect"},"message":"E0720 15:42:21.450472   36444 watch.go:40] Failed to load config from \"c:\\\\Users\\\\vinad\\\\OneDrive\\\\Documentos\\\\Curitiba 360\\\\dataconnect\": could not find dataconnect.yaml in `c:\\Users\\vinad\\OneDrive\\Documentos\\Curitiba 360\\dataconnect`\n"}}
[debug] [2026-07-20T18:42:31.450Z] E0720 15:42:31.450699   36444 watch.go:116] watchAllDir unable to walk dir `c:\Users\vinad\OneDrive\Documentos\Curitiba 360\dataconnect`: GetFileAttributesEx c:\Users\vinad\OneDrive\Documentos\Curitiba 360\dataconnect: The system cannot find the file specified.
 {"metadata":{"emulator":{"name":"dataconnect"},"message":"E0720 15:42:31.450699   36444 watch.go:116] watchAllDir unable to walk dir `c:\\Users\\vinad\\OneDrive\\Documentos\\Curitiba 360\\dataconnect`: GetFileAttributesEx c:\\Users\\vinad\\OneDrive\\Documentos\\Curitiba 360\\dataconnect: The system cannot find the file specified.\n"}}
[debug] [2026-07-20T18:42:31.451Z] E0720 15:42:31.450699   36444 watch.go:40] Failed to load config from "c:\\Users\\vinad\\OneDrive\\Documentos\\Curitiba 360\\dataconnect": could not find dataconnect.yaml in `c:\Users\vinad\OneDrive\Documentos\Curitiba 360\dataconnect`
 {"metadata":{"emulator":{"name":"dataconnect"},"message":"E0720 15:42:31.450699   36444 watch.go:40] Failed to load config from \"c:\\\\Users\\\\vinad\\\\OneDrive\\\\Documentos\\\\Curitiba 360\\\\dataconnect\": could not find dataconnect.yaml in `c:\\Users\\vinad\\OneDrive\\Documentos\\Curitiba 360\\dataconnect`\n"}}
[debug] [2026-07-20T18:42:41.450Z] E0720 15:42:41.450564   36444 watch.go:40] Failed to load config from "c:\\Users\\vinad\\OneDrive\\Documentos\\Curitiba 360\\dataconnect": could not find dataconnect.yaml in `c:\Users\vinad\OneDrive\Documentos\Curitiba 360\dataconnect`
 {"metadata":{"emulator":{"name":"dataconnect"},"message":"E0720 15:42:41.450564   36444 watch.go:40] Failed to load config from \"c:\\\\Users\\\\vinad\\\\OneDrive\\\\Documentos\\\\Curitiba 360\\\\dataconnect\": could not find dataconnect.yaml in `c:\\Users\\vinad\\OneDrive\\Documentos\\Curitiba 360\\dataconnect`\n"}}
[debug] [2026-07-20T18:42:51.450Z] E0720 15:42:51.450497   36444 watch.go:40] Failed to load config from "c:\\Users\\vinad\\OneDrive\\Documentos\\Curitiba 360\\dataconnect": could not find dataconnect.yaml in `c:\Users\vinad\OneDrive\Documentos\Curitiba 360\dataconnect`
 {"metadata":{"emulator":{"name":"dataconnect"},"message":"E0720 15:42:51.450497   36444 watch.go:40] Failed to load config from \"c:\\\\Users\\\\vinad\\\\OneDrive\\\\Documentos\\\\Curitiba 360\\\\dataconnect\": could not find dataconnect.yaml in `c:\\Users\\vinad\\OneDrive\\Documentos\\Curitiba 360\\dataconnect`\n"}}
[debug] [2026-07-20T18:43:01.451Z] E0720 15:43:01.450697   36444 watch.go:40] Failed to load config from "c:\\Users\\vinad\\OneDrive\\Documentos\\Curitiba 360\\dataconnect": could not find dataconnect.yaml in `c:\Users\vinad\OneDrive\Documentos\Curitiba 360\dataconnect`
 {"metadata":{"emulator":{"name":"dataconnect"},"message":"E0720 15:43:01.450697   36444 watch.go:40] Failed to load config from \"c:\\\\Users\\\\vinad\\\\OneDrive\\\\Documentos\\\\Curitiba 360\\\\dataconnect\": could not find dataconnect.yaml in `c:\\Users\\vinad\\OneDrive\\Documentos\\Curitiba 360\\dataconnect`\n"}}
[debug] [2026-07-20T18:43:11.451Z] E0720 15:43:11.450835   36444 watch.go:40] Failed to load config from "c:\\Users\\vinad\\OneDrive\\Documentos\\Curitiba 360\\dataconnect": could not find dataconnect.yaml in `c:\Users\vinad\OneDrive\Documentos\Curitiba 360\dataconnect`
 {"metadata":{"emulator":{"name":"dataconnect"},"message":"E0720 15:43:11.450835   36444 watch.go:40] Failed to load config from \"c:\\\\Users\\\\vinad\\\\OneDrive\\\\Documentos\\\\Curitiba 360\\\\dataconnect\": could not find dataconnect.yaml in `c:\\Users\\vinad\\OneDrive\\Documentos\\Curitiba 360\\dataconnect`\n"}}
[debug] [2026-07-20T18:43:21.450Z] E0720 15:43:21.450589   36444 watch.go:40] Failed to load config from "c:\\Users\\vinad\\OneDrive\\Documentos\\Curitiba 360\\dataconnect": could not find dataconnect.yaml in `c:\Users\vinad\OneDrive\Documentos\Curitiba 360\dataconnect`
 {"metadata":{"emulator":{"name":"dataconnect"},"message":"E0720 15:43:21.450589   36444 watch.go:40] Failed to load config from \"c:\\\\Users\\\\vinad\\\\OneDrive\\\\Documentos\\\\Curitiba 360\\\\dataconnect\": could not find dataconnect.yaml in `c:\\Users\\vinad\\OneDrive\\Documentos\\Curitiba 360\\dataconnect`\n"}}
[debug] [2026-07-20T18:43:31.450Z] E0720 15:43:31.450380   36444 watch.go:116] watchAllDir unable to walk dir `c:\Users\vinad\OneDrive\Documentos\Curitiba 360\dataconnect`: GetFileAttributesEx c:\Users\vinad\OneDrive\Documentos\Curitiba 360\dataconnect: The system cannot find the file specified.
 {"metadata":{"emulator":{"name":"dataconnect"},"message":"E0720 15:43:31.450380   36444 watch.go:116] watchAllDir unable to walk dir `c:\\Users\\vinad\\OneDrive\\Documentos\\Curitiba 360\\dataconnect`: GetFileAttributesEx c:\\Users\\vinad\\OneDrive\\Documentos\\Curitiba 360\\dataconnect: The system cannot find the file specified.\n"}}
[debug] [2026-07-20T18:43:31.451Z] E0720 15:43:31.450380   36444 watch.go:40] Failed to load config from "c:\\Users\\vinad\\OneDrive\\Documentos\\Curitiba 360\\dataconnect": could not find dataconnect.yaml in `c:\Users\vinad\OneDrive\Documentos\Curitiba 360\dataconnect`
 {"metadata":{"emulator":{"name":"dataconnect"},"message":"E0720 15:43:31.450380   36444 watch.go:40] Failed to load config from \"c:\\\\Users\\\\vinad\\\\OneDrive\\\\Documentos\\\\Curitiba 360\\\\dataconnect\": could not find dataconnect.yaml in `c:\\Users\\vinad\\OneDrive\\Documentos\\Curitiba 360\\dataconnect`\n"}}
[debug] [2026-07-20T18:43:41.451Z] E0720 15:43:41.450638   36444 watch.go:40] Failed to load config from "c:\\Users\\vinad\\OneDrive\\Documentos\\Curitiba 360\\dataconnect": could not find dataconnect.yaml in `c:\Users\vinad\OneDrive\Documentos\Curitiba 360\dataconnect`
 {"metadata":{"emulator":{"name":"dataconnect"},"message":"E0720 15:43:41.450638   36444 watch.go:40] Failed to load config from \"c:\\\\Users\\\\vinad\\\\OneDrive\\\\Documentos\\\\Curitiba 360\\\\dataconnect\": could not find dataconnect.yaml in `c:\\Users\\vinad\\OneDrive\\Documentos\\Curitiba 360\\dataconnect`\n"}}
[debug] [2026-07-20T18:43:51.450Z] E0720 15:43:51.450399   36444 watch.go:40] Failed to load config from "c:\\Users\\vinad\\OneDrive\\Documentos\\Curitiba 360\\dataconnect": could not find dataconnect.yaml in `c:\Users\vinad\OneDrive\Documentos\Curitiba 360\dataconnect`
 {"metadata":{"emulator":{"name":"dataconnect"},"message":"E0720 15:43:51.450399   36444 watch.go:40] Failed to load config from \"c:\\\\Users\\\\vinad\\\\OneDrive\\\\Documentos\\\\Curitiba 360\\\\dataconnect\": could not find dataconnect.yaml in `c:\\Users\\vinad\\OneDrive\\Documentos\\Curitiba 360\\dataconnect`\n"}}
[debug] [2026-07-20T18:44:01.450Z] E0720 15:44:01.450455   36444 watch.go:40] Failed to load config from "c:\\Users\\vinad\\OneDrive\\Documentos\\Curitiba 360\\dataconnect": could not find dataconnect.yaml in `c:\Users\vinad\OneDrive\Documentos\Curitiba 360\dataconnect`
 {"metadata":{"emulator":{"name":"dataconnect"},"message":"E0720 15:44:01.450455   36444 watch.go:40] Failed to load config from \"c:\\\\Users\\\\vinad\\\\OneDrive\\\\Documentos\\\\Curitiba 360\\\\dataconnect\": could not find dataconnect.yaml in `c:\\Users\\vinad\\OneDrive\\Documentos\\Curitiba 360\\dataconnect`\n"}}
[debug] [2026-07-20T18:44:11.450Z] E0720 15:44:11.450385   36444 watch.go:40] Failed to load config from "c:\\Users\\vinad\\OneDrive\\Documentos\\Curitiba 360\\dataconnect": could not find dataconnect.yaml in `c:\Users\vinad\OneDrive\Documentos\Curitiba 360\dataconnect`
 {"metadata":{"emulator":{"name":"dataconnect"},"message":"E0720 15:44:11.450385   36444 watch.go:40] Failed to load config from \"c:\\\\Users\\\\vinad\\\\OneDrive\\\\Documentos\\\\Curitiba 360\\\\dataconnect\": could not find dataconnect.yaml in `c:\\Users\\vinad\\OneDrive\\Documentos\\Curitiba 360\\dataconnect`\n"}}
[debug] [2026-07-20T18:44:21.450Z] E0720 15:44:21.450704   36444 watch.go:40] Failed to load config from "c:\\Users\\vinad\\OneDrive\\Documentos\\Curitiba 360\\dataconnect": could not find dataconnect.yaml in `c:\Users\vinad\OneDrive\Documentos\Curitiba 360\dataconnect`
 {"metadata":{"emulator":{"name":"dataconnect"},"message":"E0720 15:44:21.450704   36444 watch.go:40] Failed to load config from \"c:\\\\Users\\\\vinad\\\\OneDrive\\\\Documentos\\\\Curitiba 360\\\\dataconnect\": could not find dataconnect.yaml in `c:\\Users\\vinad\\OneDrive\\Documentos\\Curitiba 360\\dataconnect`\n"}}
[debug] [2026-07-20T18:44:31.450Z] E0720 15:44:31.450680   36444 watch.go:116] watchAllDir unable to walk dir `c:\Users\vinad\OneDrive\Documentos\Curitiba 360\dataconnect`: GetFileAttributesEx c:\Users\vinad\OneDrive\Documentos\Curitiba 360\dataconnect: The system cannot find the file specified.
 {"metadata":{"emulator":{"name":"dataconnect"},"message":"E0720 15:44:31.450680   36444 watch.go:116] watchAllDir unable to walk dir `c:\\Users\\vinad\\OneDrive\\Documentos\\Curitiba 360\\dataconnect`: GetFileAttributesEx c:\\Users\\vinad\\OneDrive\\Documentos\\Curitiba 360\\dataconnect: The system cannot find the file specified.\n"}}
[debug] [2026-07-20T18:44:31.451Z] E0720 15:44:31.450680   36444 watch.go:40] Failed to load config from "c:\\Users\\vinad\\OneDrive\\Documentos\\Curitiba 360\\dataconnect": could not find dataconnect.yaml in `c:\Users\vinad\OneDrive\Documentos\Curitiba 360\dataconnect`
 {"metadata":{"emulator":{"name":"dataconnect"},"message":"E0720 15:44:31.450680   36444 watch.go:40] Failed to load config from \"c:\\\\Users\\\\vinad\\\\OneDrive\\\\Documentos\\\\Curitiba 360\\\\dataconnect\": could not find dataconnect.yaml in `c:\\Users\\vinad\\OneDrive\\Documentos\\Curitiba 360\\dataconnect`\n"}}
[debug] [2026-07-20T18:44:41.451Z] E0720 15:44:41.450966   36444 watch.go:40] Failed to load config from "c:\\Users\\vinad\\OneDrive\\Documentos\\Curitiba 360\\dataconnect": could not find dataconnect.yaml in `c:\Users\vinad\OneDrive\Documentos\Curitiba 360\dataconnect`
 {"metadata":{"emulator":{"name":"dataconnect"},"message":"E0720 15:44:41.450966   36444 watch.go:40] Failed to load config from \"c:\\\\Users\\\\vinad\\\\OneDrive\\\\Documentos\\\\Curitiba 360\\\\dataconnect\": could not find dataconnect.yaml in `c:\\Users\\vinad\\OneDrive\\Documentos\\Curitiba 360\\dataconnect`\n"}}
[debug] [2026-07-20T18:44:51.450Z] E0720 15:44:51.450401   36444 watch.go:40] Failed to load config from "c:\\Users\\vinad\\OneDrive\\Documentos\\Curitiba 360\\dataconnect": could not find dataconnect.yaml in `c:\Users\vinad\OneDrive\Documentos\Curitiba 360\dataconnect`
 {"metadata":{"emulator":{"name":"dataconnect"},"message":"E0720 15:44:51.450401   36444 watch.go:40] Failed to load config from \"c:\\\\Users\\\\vinad\\\\OneDrive\\\\Documentos\\\\Curitiba 360\\\\dataconnect\": could not find dataconnect.yaml in `c:\\Users\\vinad\\OneDrive\\Documentos\\Curitiba 360\\dataconnect`\n"}}
[debug] [2026-07-20T18:45:01.450Z] E0720 15:45:01.450660   36444 watch.go:40] Failed to load config from "c:\\Users\\vinad\\OneDrive\\Documentos\\Curitiba 360\\dataconnect": could not find dataconnect.yaml in `c:\Users\vinad\OneDrive\Documentos\Curitiba 360\dataconnect`
 {"metadata":{"emulator":{"name":"dataconnect"},"message":"E0720 15:45:01.450660   36444 watch.go:40] Failed to load config from \"c:\\\\Users\\\\vinad\\\\OneDrive\\\\Documentos\\\\Curitiba 360\\\\dataconnect\": could not find dataconnect.yaml in `c:\\Users\\vinad\\OneDrive\\Documentos\\Curitiba 360\\dataconnect`\n"}}
[debug] [2026-07-20T18:45:11.450Z] E0720 15:45:11.450414   36444 watch.go:40] Failed to load config from "c:\\Users\\vinad\\OneDrive\\Documentos\\Curitiba 360\\dataconnect": could not find dataconnect.yaml in `c:\Users\vinad\OneDrive\Documentos\Curitiba 360\dataconnect`
 {"metadata":{"emulator":{"name":"dataconnect"},"message":"E0720 15:45:11.450414   36444 watch.go:40] Failed to load config from \"c:\\\\Users\\\\vinad\\\\OneDrive\\\\Documentos\\\\Curitiba 360\\\\dataconnect\": could not find dataconnect.yaml in `c:\\Users\\vinad\\OneDrive\\Documentos\\Curitiba 360\\dataconnect`\n"}}
[debug] [2026-07-20T18:45:21.451Z] E0720 15:45:21.451340   36444 watch.go:40] Failed to load config from "c:\\Users\\vinad\\OneDrive\\Documentos\\Curitiba 360\\dataconnect": could not find dataconnect.yaml in `c:\Users\vinad\OneDrive\Documentos\Curitiba 360\dataconnect`
 {"metadata":{"emulator":{"name":"dataconnect"},"message":"E0720 15:45:21.451340   36444 watch.go:40] Failed to load config from \"c:\\\\Users\\\\vinad\\\\OneDrive\\\\Documentos\\\\Curitiba 360\\\\dataconnect\": could not find dataconnect.yaml in `c:\\Users\\vinad\\OneDrive\\Documentos\\Curitiba 360\\dataconnect`\n"}}
[debug] [2026-07-20T18:45:31.450Z] E0720 15:45:31.450316   36444 watch.go:116] watchAllDir unable to walk dir `c:\Users\vinad\OneDrive\Documentos\Curitiba 360\dataconnect`: GetFileAttributesEx c:\Users\vinad\OneDrive\Documentos\Curitiba 360\dataconnect: The system cannot find the file specified.
 {"metadata":{"emulator":{"name":"dataconnect"},"message":"E0720 15:45:31.450316   36444 watch.go:116] watchAllDir unable to walk dir `c:\\Users\\vinad\\OneDrive\\Documentos\\Curitiba 360\\dataconnect`: GetFileAttributesEx c:\\Users\\vinad\\OneDrive\\Documentos\\Curitiba 360\\dataconnect: The system cannot find the file specified.\n"}}
[debug] [2026-07-20T18:45:31.450Z] E0720 15:45:31.450891   36444 watch.go:40] Failed to load config from "c:\\Users\\vinad\\OneDrive\\Documentos\\Curitiba 360\\dataconnect": could not find dataconnect.yaml in `c:\Users\vinad\OneDrive\Documentos\Curitiba 360\dataconnect`
 {"metadata":{"emulator":{"name":"dataconnect"},"message":"E0720 15:45:31.450891   36444 watch.go:40] Failed to load config from \"c:\\\\Users\\\\vinad\\\\OneDrive\\\\Documentos\\\\Curitiba 360\\\\dataconnect\": could not find dataconnect.yaml in `c:\\Users\\vinad\\OneDrive\\Documentos\\Curitiba 360\\dataconnect`\n"}}
[debug] [2026-07-20T18:45:41.451Z] E0720 15:45:41.451162   36444 watch.go:40] Failed to load config from "c:\\Users\\vinad\\OneDrive\\Documentos\\Curitiba 360\\dataconnect": could not find dataconnect.yaml in `c:\Users\vinad\OneDrive\Documentos\Curitiba 360\dataconnect`
 {"metadata":{"emulator":{"name":"dataconnect"},"message":"E0720 15:45:41.451162   36444 watch.go:40] Failed to load config from \"c:\\\\Users\\\\vinad\\\\OneDrive\\\\Documentos\\\\Curitiba 360\\\\dataconnect\": could not find dataconnect.yaml in `c:\\Users\\vinad\\OneDrive\\Documentos\\Curitiba 360\\dataconnect`\n"}}
[debug] [2026-07-20T18:45:51.450Z] E0720 15:45:51.450580   36444 watch.go:40] Failed to load config from "c:\\Users\\vinad\\OneDrive\\Documentos\\Curitiba 360\\dataconnect": could not find dataconnect.yaml in `c:\Users\vinad\OneDrive\Documentos\Curitiba 360\dataconnect`
 {"metadata":{"emulator":{"name":"dataconnect"},"message":"E0720 15:45:51.450580   36444 watch.go:40] Failed to load config from \"c:\\\\Users\\\\vinad\\\\OneDrive\\\\Documentos\\\\Curitiba 360\\\\dataconnect\": could not find dataconnect.yaml in `c:\\Users\\vinad\\OneDrive\\Documentos\\Curitiba 360\\dataconnect`\n"}}
[debug] [2026-07-20T18:46:01.451Z] E0720 15:46:01.450781   36444 watch.go:40] Failed to load config from "c:\\Users\\vinad\\OneDrive\\Documentos\\Curitiba 360\\dataconnect": could not find dataconnect.yaml in `c:\Users\vinad\OneDrive\Documentos\Curitiba 360\dataconnect`
 {"metadata":{"emulator":{"name":"dataconnect"},"message":"E0720 15:46:01.450781   36444 watch.go:40] Failed to load config from \"c:\\\\Users\\\\vinad\\\\OneDrive\\\\Documentos\\\\Curitiba 360\\\\dataconnect\": could not find dataconnect.yaml in `c:\\Users\\vinad\\OneDrive\\Documentos\\Curitiba 360\\dataconnect`\n"}}
[debug] [2026-07-20T18:46:11.450Z] E0720 15:46:11.450595   36444 watch.go:40] Failed to load config from "c:\\Users\\vinad\\OneDrive\\Documentos\\Curitiba 360\\dataconnect": could not find dataconnect.yaml in `c:\Users\vinad\OneDrive\Documentos\Curitiba 360\dataconnect`
 {"metadata":{"emulator":{"name":"dataconnect"},"message":"E0720 15:46:11.450595   36444 watch.go:40] Failed to load config from \"c:\\\\Users\\\\vinad\\\\OneDrive\\\\Documentos\\\\Curitiba 360\\\\dataconnect\": could not find dataconnect.yaml in `c:\\Users\\vinad\\OneDrive\\Documentos\\Curitiba 360\\dataconnect`\n"}}
[debug] [2026-07-20T18:46:21.450Z] E0720 15:46:21.450423   36444 watch.go:40] Failed to load config from "c:\\Users\\vinad\\OneDrive\\Documentos\\Curitiba 360\\dataconnect": could not find dataconnect.yaml in `c:\Users\vinad\OneDrive\Documentos\Curitiba 360\dataconnect`
 {"metadata":{"emulator":{"name":"dataconnect"},"message":"E0720 15:46:21.450423   36444 watch.go:40] Failed to load config from \"c:\\\\Users\\\\vinad\\\\OneDrive\\\\Documentos\\\\Curitiba 360\\\\dataconnect\": could not find dataconnect.yaml in `c:\\Users\\vinad\\OneDrive\\Documentos\\Curitiba 360\\dataconnect`\n"}}
[debug] [2026-07-20T18:46:31.450Z] E0720 15:46:31.450696   36444 watch.go:116] watchAllDir unable to walk dir `c:\Users\vinad\OneDrive\Documentos\Curitiba 360\dataconnect`: GetFileAttributesEx c:\Users\vinad\OneDrive\Documentos\Curitiba 360\dataconnect: The system cannot find the file specified.
 {"metadata":{"emulator":{"name":"dataconnect"},"message":"E0720 15:46:31.450696   36444 watch.go:116] watchAllDir unable to walk dir `c:\\Users\\vinad\\OneDrive\\Documentos\\Curitiba 360\\dataconnect`: GetFileAttributesEx c:\\Users\\vinad\\OneDrive\\Documentos\\Curitiba 360\\dataconnect: The system cannot find the file specified.\n"}}
[debug] [2026-07-20T18:46:31.451Z] E0720 15:46:31.450696   36444 watch.go:40] Failed to load config from "c:\\Users\\vinad\\OneDrive\\Documentos\\Curitiba 360\\dataconnect": could not find dataconnect.yaml in `c:\Users\vinad\OneDrive\Documentos\Curitiba 360\dataconnect`
 {"metadata":{"emulator":{"name":"dataconnect"},"message":"E0720 15:46:31.450696   36444 watch.go:40] Failed to load config from \"c:\\\\Users\\\\vinad\\\\OneDrive\\\\Documentos\\\\Curitiba 360\\\\dataconnect\": could not find dataconnect.yaml in `c:\\Users\\vinad\\OneDrive\\Documentos\\Curitiba 360\\dataconnect`\n"}}
[debug] [2026-07-20T18:46:41.450Z] E0720 15:46:41.450523   36444 watch.go:40] Failed to load config from "c:\\Users\\vinad\\OneDrive\\Documentos\\Curitiba 360\\dataconnect": could not find dataconnect.yaml in `c:\Users\vinad\OneDrive\Documentos\Curitiba 360\dataconnect`
 {"metadata":{"emulator":{"name":"dataconnect"},"message":"E0720 15:46:41.450523   36444 watch.go:40] Failed to load config from \"c:\\\\Users\\\\vinad\\\\OneDrive\\\\Documentos\\\\Curitiba 360\\\\dataconnect\": could not find dataconnect.yaml in `c:\\Users\\vinad\\OneDrive\\Documentos\\Curitiba 360\\dataconnect`\n"}}
[debug] [2026-07-20T18:46:51.451Z] E0720 15:46:51.450834   36444 watch.go:40] Failed to load config from "c:\\Users\\vinad\\OneDrive\\Documentos\\Curitiba 360\\dataconnect": could not find dataconnect.yaml in `c:\Users\vinad\OneDrive\Documentos\Curitiba 360\dataconnect`
 {"metadata":{"emulator":{"name":"dataconnect"},"message":"E0720 15:46:51.450834   36444 watch.go:40] Failed to load config from \"c:\\\\Users\\\\vinad\\\\OneDrive\\\\Documentos\\\\Curitiba 360\\\\dataconnect\": could not find dataconnect.yaml in `c:\\Users\\vinad\\OneDrive\\Documentos\\Curitiba 360\\dataconnect`\n"}}
[debug] [2026-07-20T18:47:01.450Z] E0720 15:47:01.450611   36444 watch.go:40] Failed to load config from "c:\\Users\\vinad\\OneDrive\\Documentos\\Curitiba 360\\dataconnect": could not find dataconnect.yaml in `c:\Users\vinad\OneDrive\Documentos\Curitiba 360\dataconnect`
 {"metadata":{"emulator":{"name":"dataconnect"},"message":"E0720 15:47:01.450611   36444 watch.go:40] Failed to load config from \"c:\\\\Users\\\\vinad\\\\OneDrive\\\\Documentos\\\\Curitiba 360\\\\dataconnect\": could not find dataconnect.yaml in `c:\\Users\\vinad\\OneDrive\\Documentos\\Curitiba 360\\dataconnect`\n"}}
[debug] [2026-07-20T18:47:11.450Z] E0720 15:47:11.450484   36444 watch.go:40] Failed to load config from "c:\\Users\\vinad\\OneDrive\\Documentos\\Curitiba 360\\dataconnect": could not find dataconnect.yaml in `c:\Users\vinad\OneDrive\Documentos\Curitiba 360\dataconnect`
 {"metadata":{"emulator":{"name":"dataconnect"},"message":"E0720 15:47:11.450484   36444 watch.go:40] Failed to load config from \"c:\\\\Users\\\\vinad\\\\OneDrive\\\\Documentos\\\\Curitiba 360\\\\dataconnect\": could not find dataconnect.yaml in `c:\\Users\\vinad\\OneDrive\\Documentos\\Curitiba 360\\dataconnect`\n"}}
[debug] [2026-07-20T18:47:21.450Z] E0720 15:47:21.450456   36444 watch.go:40] Failed to load config from "c:\\Users\\vinad\\OneDrive\\Documentos\\Curitiba 360\\dataconnect": could not find dataconnect.yaml in `c:\Users\vinad\OneDrive\Documentos\Curitiba 360\dataconnect`
 {"metadata":{"emulator":{"name":"dataconnect"},"message":"E0720 15:47:21.450456   36444 watch.go:40] Failed to load config from \"c:\\\\Users\\\\vinad\\\\OneDrive\\\\Documentos\\\\Curitiba 360\\\\dataconnect\": could not find dataconnect.yaml in `c:\\Users\\vinad\\OneDrive\\Documentos\\Curitiba 360\\dataconnect`\n"}}
[debug] [2026-07-20T18:47:31.450Z] E0720 15:47:31.450524   36444 watch.go:116] watchAllDir unable to walk dir `c:\Users\vinad\OneDrive\Documentos\Curitiba 360\dataconnect`: GetFileAttributesEx c:\Users\vinad\OneDrive\Documentos\Curitiba 360\dataconnect: The system cannot find the file specified.
 {"metadata":{"emulator":{"name":"dataconnect"},"message":"E0720 15:47:31.450524   36444 watch.go:116] watchAllDir unable to walk dir `c:\\Users\\vinad\\OneDrive\\Documentos\\Curitiba 360\\dataconnect`: GetFileAttributesEx c:\\Users\\vinad\\OneDrive\\Documentos\\Curitiba 360\\dataconnect: The system cannot find the file specified.\n"}}
[debug] [2026-07-20T18:47:31.451Z] E0720 15:47:31.450524   36444 watch.go:40] Failed to load config from "c:\\Users\\vinad\\OneDrive\\Documentos\\Curitiba 360\\dataconnect": could not find dataconnect.yaml in `c:\Users\vinad\OneDrive\Documentos\Curitiba 360\dataconnect`
 {"metadata":{"emulator":{"name":"dataconnect"},"message":"E0720 15:47:31.450524   36444 watch.go:40] Failed to load config from \"c:\\\\Users\\\\vinad\\\\OneDrive\\\\Documentos\\\\Curitiba 360\\\\dataconnect\": could not find dataconnect.yaml in `c:\\Users\\vinad\\OneDrive\\Documentos\\Curitiba 360\\dataconnect`\n"}}
[debug] [2026-07-20T18:47:41.450Z] E0720 15:47:41.450628   36444 watch.go:40] Failed to load config from "c:\\Users\\vinad\\OneDrive\\Documentos\\Curitiba 360\\dataconnect": could not find dataconnect.yaml in `c:\Users\vinad\OneDrive\Documentos\Curitiba 360\dataconnect`
 {"metadata":{"emulator":{"name":"dataconnect"},"message":"E0720 15:47:41.450628   36444 watch.go:40] Failed to load config from \"c:\\\\Users\\\\vinad\\\\OneDrive\\\\Documentos\\\\Curitiba 360\\\\dataconnect\": could not find dataconnect.yaml in `c:\\Users\\vinad\\OneDrive\\Documentos\\Curitiba 360\\dataconnect`\n"}}
[debug] [2026-07-20T18:47:51.450Z] E0720 15:47:51.450643   36444 watch.go:40] Failed to load config from "c:\\Users\\vinad\\OneDrive\\Documentos\\Curitiba 360\\dataconnect": could not find dataconnect.yaml in `c:\Users\vinad\OneDrive\Documentos\Curitiba 360\dataconnect`
 {"metadata":{"emulator":{"name":"dataconnect"},"message":"E0720 15:47:51.450643   36444 watch.go:40] Failed to load config from \"c:\\\\Users\\\\vinad\\\\OneDrive\\\\Documentos\\\\Curitiba 360\\\\dataconnect\": could not find dataconnect.yaml in `c:\\Users\\vinad\\OneDrive\\Documentos\\Curitiba 360\\dataconnect`\n"}}
[debug] [2026-07-20T18:48:01.450Z] E0720 15:48:01.450630   36444 watch.go:40] Failed to load config from "c:\\Users\\vinad\\OneDrive\\Documentos\\Curitiba 360\\dataconnect": could not find dataconnect.yaml in `c:\Users\vinad\OneDrive\Documentos\Curitiba 360\dataconnect`
 {"metadata":{"emulator":{"name":"dataconnect"},"message":"E0720 15:48:01.450630   36444 watch.go:40] Failed to load config from \"c:\\\\Users\\\\vinad\\\\OneDrive\\\\Documentos\\\\Curitiba 360\\\\dataconnect\": could not find dataconnect.yaml in `c:\\Users\\vinad\\OneDrive\\Documentos\\Curitiba 360\\dataconnect`\n"}}
[debug] [2026-07-20T18:48:11.450Z] E0720 15:48:11.450679   36444 watch.go:40] Failed to load config from "c:\\Users\\vinad\\OneDrive\\Documentos\\Curitiba 360\\dataconnect": could not find dataconnect.yaml in `c:\Users\vinad\OneDrive\Documentos\Curitiba 360\dataconnect`
 {"metadata":{"emulator":{"name":"dataconnect"},"message":"E0720 15:48:11.450679   36444 watch.go:40] Failed to load config from \"c:\\\\Users\\\\vinad\\\\OneDrive\\\\Documentos\\\\Curitiba 360\\\\dataconnect\": could not find dataconnect.yaml in `c:\\Users\\vinad\\OneDrive\\Documentos\\Curitiba 360\\dataconnect`\n"}}
[debug] [2026-07-20T18:48:21.450Z] E0720 15:48:21.450326   36444 watch.go:40] Failed to load config from "c:\\Users\\vinad\\OneDrive\\Documentos\\Curitiba 360\\dataconnect": could not find dataconnect.yaml in `c:\Users\vinad\OneDrive\Documentos\Curitiba 360\dataconnect`
 {"metadata":{"emulator":{"name":"dataconnect"},"message":"E0720 15:48:21.450326   36444 watch.go:40] Failed to load config from \"c:\\\\Users\\\\vinad\\\\OneDrive\\\\Documentos\\\\Curitiba 360\\\\dataconnect\": could not find dataconnect.yaml in `c:\\Users\\vinad\\OneDrive\\Documentos\\Curitiba 360\\dataconnect`\n"}}
[debug] [2026-07-20T18:48:31.450Z] E0720 15:48:31.450357   36444 watch.go:116] watchAllDir unable to walk dir `c:\Users\vinad\OneDrive\Documentos\Curitiba 360\dataconnect`: GetFileAttributesEx c:\Users\vinad\OneDrive\Documentos\Curitiba 360\dataconnect: The system cannot find the file specified.
 {"metadata":{"emulator":{"name":"dataconnect"},"message":"E0720 15:48:31.450357   36444 watch.go:116] watchAllDir unable to walk dir `c:\\Users\\vinad\\OneDrive\\Documentos\\Curitiba 360\\dataconnect`: GetFileAttributesEx c:\\Users\\vinad\\OneDrive\\Documentos\\Curitiba 360\\dataconnect: The system cannot find the file specified.\n"}}
[debug] [2026-07-20T18:48:31.451Z] E0720 15:48:31.450357   36444 watch.go:40] Failed to load config from "c:\\Users\\vinad\\OneDrive\\Documentos\\Curitiba 360\\dataconnect": could not find dataconnect.yaml in `c:\Users\vinad\OneDrive\Documentos\Curitiba 360\dataconnect`
 {"metadata":{"emulator":{"name":"dataconnect"},"message":"E0720 15:48:31.450357   36444 watch.go:40] Failed to load config from \"c:\\\\Users\\\\vinad\\\\OneDrive\\\\Documentos\\\\Curitiba 360\\\\dataconnect\": could not find dataconnect.yaml in `c:\\Users\\vinad\\OneDrive\\Documentos\\Curitiba 360\\dataconnect`\n"}}
[debug] [2026-07-20T18:48:41.450Z] E0720 15:48:41.450543   36444 watch.go:40] Failed to load config from "c:\\Users\\vinad\\OneDrive\\Documentos\\Curitiba 360\\dataconnect": could not find dataconnect.yaml in `c:\Users\vinad\OneDrive\Documentos\Curitiba 360\dataconnect`
 {"metadata":{"emulator":{"name":"dataconnect"},"message":"E0720 15:48:41.450543   36444 watch.go:40] Failed to load config from \"c:\\\\Users\\\\vinad\\\\OneDrive\\\\Documentos\\\\Curitiba 360\\\\dataconnect\": could not find dataconnect.yaml in `c:\\Users\\vinad\\OneDrive\\Documentos\\Curitiba 360\\dataconnect`\n"}}
[debug] [2026-07-20T18:48:51.450Z] E0720 15:48:51.450600   36444 watch.go:40] Failed to load config from "c:\\Users\\vinad\\OneDrive\\Documentos\\Curitiba 360\\dataconnect": could not find dataconnect.yaml in `c:\Users\vinad\OneDrive\Documentos\Curitiba 360\dataconnect`
 {"metadata":{"emulator":{"name":"dataconnect"},"message":"E0720 15:48:51.450600   36444 watch.go:40] Failed to load config from \"c:\\\\Users\\\\vinad\\\\OneDrive\\\\Documentos\\\\Curitiba 360\\\\dataconnect\": could not find dataconnect.yaml in `c:\\Users\\vinad\\OneDrive\\Documentos\\Curitiba 360\\dataconnect`\n"}}
[debug] [2026-07-20T18:49:01.451Z] E0720 15:49:01.450469   36444 watch.go:40] Failed to load config from "c:\\Users\\vinad\\OneDrive\\Documentos\\Curitiba 360\\dataconnect": could not find dataconnect.yaml in `c:\Users\vinad\OneDrive\Documentos\Curitiba 360\dataconnect`
 {"metadata":{"emulator":{"name":"dataconnect"},"message":"E0720 15:49:01.450469   36444 watch.go:40] Failed to load config from \"c:\\\\Users\\\\vinad\\\\OneDrive\\\\Documentos\\\\Curitiba 360\\\\dataconnect\": could not find dataconnect.yaml in `c:\\Users\\vinad\\OneDrive\\Documentos\\Curitiba 360\\dataconnect`\n"}}
[debug] [2026-07-20T18:49:11.450Z] E0720 15:49:11.450701   36444 watch.go:40] Failed to load config from "c:\\Users\\vinad\\OneDrive\\Documentos\\Curitiba 360\\dataconnect": could not find dataconnect.yaml in `c:\Users\vinad\OneDrive\Documentos\Curitiba 360\dataconnect`
 {"metadata":{"emulator":{"name":"dataconnect"},"message":"E0720 15:49:11.450701   36444 watch.go:40] Failed to load config from \"c:\\\\Users\\\\vinad\\\\OneDrive\\\\Documentos\\\\Curitiba 360\\\\dataconnect\": could not find dataconnect.yaml in `c:\\Users\\vinad\\OneDrive\\Documentos\\Curitiba 360\\dataconnect`\n"}}
[debug] [2026-07-20T18:49:21.450Z] E0720 15:49:21.450719   36444 watch.go:40] Failed to load config from "c:\\Users\\vinad\\OneDrive\\Documentos\\Curitiba 360\\dataconnect": could not find dataconnect.yaml in `c:\Users\vinad\OneDrive\Documentos\Curitiba 360\dataconnect`
 {"metadata":{"emulator":{"name":"dataconnect"},"message":"E0720 15:49:21.450719   36444 watch.go:40] Failed to load config from \"c:\\\\Users\\\\vinad\\\\OneDrive\\\\Documentos\\\\Curitiba 360\\\\dataconnect\": could not find dataconnect.yaml in `c:\\Users\\vinad\\OneDrive\\Documentos\\Curitiba 360\\dataconnect`\n"}}
[debug] [2026-07-20T18:49:31.450Z] E0720 15:49:31.450746   36444 watch.go:116] watchAllDir unable to walk dir `c:\Users\vinad\OneDrive\Documentos\Curitiba 360\dataconnect`: GetFileAttributesEx c:\Users\vinad\OneDrive\Documentos\Curitiba 360\dataconnect: The system cannot find the file specified.
 {"metadata":{"emulator":{"name":"dataconnect"},"message":"E0720 15:49:31.450746   36444 watch.go:116] watchAllDir unable to walk dir `c:\\Users\\vinad\\OneDrive\\Documentos\\Curitiba 360\\dataconnect`: GetFileAttributesEx c:\\Users\\vinad\\OneDrive\\Documentos\\Curitiba 360\\dataconnect: The system cannot find the file specified.\n"}}
[debug] [2026-07-20T18:49:31.451Z] E0720 15:49:31.450746   36444 watch.go:40] Failed to load config from "c:\\Users\\vinad\\OneDrive\\Documentos\\Curitiba 360\\dataconnect": could not find dataconnect.yaml in `c:\Users\vinad\OneDrive\Documentos\Curitiba 360\dataconnect`
 {"metadata":{"emulator":{"name":"dataconnect"},"message":"E0720 15:49:31.450746   36444 watch.go:40] Failed to load config from \"c:\\\\Users\\\\vinad\\\\OneDrive\\\\Documentos\\\\Curitiba 360\\\\dataconnect\": could not find dataconnect.yaml in `c:\\Users\\vinad\\OneDrive\\Documentos\\Curitiba 360\\dataconnect`\n"}}
[debug] [2026-07-20T18:49:41.450Z] E0720 15:49:41.450649   36444 watch.go:40] Failed to load config from "c:\\Users\\vinad\\OneDrive\\Documentos\\Curitiba 360\\dataconnect": could not find dataconnect.yaml in `c:\Users\vinad\OneDrive\Documentos\Curitiba 360\dataconnect`
 {"metadata":{"emulator":{"name":"dataconnect"},"message":"E0720 15:49:41.450649   36444 watch.go:40] Failed to load config from \"c:\\\\Users\\\\vinad\\\\OneDrive\\\\Documentos\\\\Curitiba 360\\\\dataconnect\": could not find dataconnect.yaml in `c:\\Users\\vinad\\OneDrive\\Documentos\\Curitiba 360\\dataconnect`\n"}}
[debug] [2026-07-20T18:49:51.450Z] E0720 15:49:51.450750   36444 watch.go:40] Failed to load config from "c:\\Users\\vinad\\OneDrive\\Documentos\\Curitiba 360\\dataconnect": could not find dataconnect.yaml in `c:\Users\vinad\OneDrive\Documentos\Curitiba 360\dataconnect`
 {"metadata":{"emulator":{"name":"dataconnect"},"message":"E0720 15:49:51.450750   36444 watch.go:40] Failed to load config from \"c:\\\\Users\\\\vinad\\\\OneDrive\\\\Documentos\\\\Curitiba 360\\\\dataconnect\": could not find dataconnect.yaml in `c:\\Users\\vinad\\OneDrive\\Documentos\\Curitiba 360\\dataconnect`\n"}}
[debug] [2026-07-20T18:50:01.450Z] E0720 15:50:01.450483   36444 watch.go:40] Failed to load config from "c:\\Users\\vinad\\OneDrive\\Documentos\\Curitiba 360\\dataconnect": could not find dataconnect.yaml in `c:\Users\vinad\OneDrive\Documentos\Curitiba 360\dataconnect`
 {"metadata":{"emulator":{"name":"dataconnect"},"message":"E0720 15:50:01.450483   36444 watch.go:40] Failed to load config from \"c:\\\\Users\\\\vinad\\\\OneDrive\\\\Documentos\\\\Curitiba 360\\\\dataconnect\": could not find dataconnect.yaml in `c:\\Users\\vinad\\OneDrive\\Documentos\\Curitiba 360\\dataconnect`\n"}}
[debug] [2026-07-20T18:50:11.451Z] E0720 15:50:11.450785   36444 watch.go:40] Failed to load config from "c:\\Users\\vinad\\OneDrive\\Documentos\\Curitiba 360\\dataconnect": could not find dataconnect.yaml in `c:\Users\vinad\OneDrive\Documentos\Curitiba 360\dataconnect`
 {"metadata":{"emulator":{"name":"dataconnect"},"message":"E0720 15:50:11.450785   36444 watch.go:40] Failed to load config from \"c:\\\\Users\\\\vinad\\\\OneDrive\\\\Documentos\\\\Curitiba 360\\\\dataconnect\": could not find dataconnect.yaml in `c:\\Users\\vinad\\OneDrive\\Documentos\\Curitiba 360\\dataconnect`\n"}}
[debug] [2026-07-20T18:50:21.450Z] E0720 15:50:21.450290   36444 watch.go:40] Failed to load config from "c:\\Users\\vinad\\OneDrive\\Documentos\\Curitiba 360\\dataconnect": could not find dataconnect.yaml in `c:\Users\vinad\OneDrive\Documentos\Curitiba 360\dataconnect`
 {"metadata":{"emulator":{"name":"dataconnect"},"message":"E0720 15:50:21.450290   36444 watch.go:40] Failed to load config from \"c:\\\\Users\\\\vinad\\\\OneDrive\\\\Documentos\\\\Curitiba 360\\\\dataconnect\": could not find dataconnect.yaml in `c:\\Users\\vinad\\OneDrive\\Documentos\\Curitiba 360\\dataconnect`\n"}}
[debug] [2026-07-20T18:50:31.450Z] E0720 15:50:31.450820   36444 watch.go:116] watchAllDir unable to walk dir `c:\Users\vinad\OneDrive\Documentos\Curitiba 360\dataconnect`: GetFileAttributesEx c:\Users\vinad\OneDrive\Documentos\Curitiba 360\dataconnect: The system cannot find the file specified.
 {"metadata":{"emulator":{"name":"dataconnect"},"message":"E0720 15:50:31.450820   36444 watch.go:116] watchAllDir unable to walk dir `c:\\Users\\vinad\\OneDrive\\Documentos\\Curitiba 360\\dataconnect`: GetFileAttributesEx c:\\Users\\vinad\\OneDrive\\Documentos\\Curitiba 360\\dataconnect: The system cannot find the file specified.\n"}}
[debug] [2026-07-20T18:50:31.451Z] E0720 15:50:31.450820   36444 watch.go:40] Failed to load config from "c:\\Users\\vinad\\OneDrive\\Documentos\\Curitiba 360\\dataconnect": could not find dataconnect.yaml in `c:\Users\vinad\OneDrive\Documentos\Curitiba 360\dataconnect`
 {"metadata":{"emulator":{"name":"dataconnect"},"message":"E0720 15:50:31.450820   36444 watch.go:40] Failed to load config from \"c:\\\\Users\\\\vinad\\\\OneDrive\\\\Documentos\\\\Curitiba 360\\\\dataconnect\": could not find dataconnect.yaml in `c:\\Users\\vinad\\OneDrive\\Documentos\\Curitiba 360\\dataconnect`\n"}}
[debug] [2026-07-20T18:50:41.451Z] E0720 15:50:41.450765   36444 watch.go:40] Failed to load config from "c:\\Users\\vinad\\OneDrive\\Documentos\\Curitiba 360\\dataconnect": could not find dataconnect.yaml in `c:\Users\vinad\OneDrive\Documentos\Curitiba 360\dataconnect`
 {"metadata":{"emulator":{"name":"dataconnect"},"message":"E0720 15:50:41.450765   36444 watch.go:40] Failed to load config from \"c:\\\\Users\\\\vinad\\\\OneDrive\\\\Documentos\\\\Curitiba 360\\\\dataconnect\": could not find dataconnect.yaml in `c:\\Users\\vinad\\OneDrive\\Documentos\\Curitiba 360\\dataconnect`\n"}}
[debug] [2026-07-20T18:50:51.451Z] E0720 15:50:51.450714   36444 watch.go:40] Failed to load config from "c:\\Users\\vinad\\OneDrive\\Documentos\\Curitiba 360\\dataconnect": could not find dataconnect.yaml in `c:\Users\vinad\OneDrive\Documentos\Curitiba 360\dataconnect`
 {"metadata":{"emulator":{"name":"dataconnect"},"message":"E0720 15:50:51.450714   36444 watch.go:40] Failed to load config from \"c:\\\\Users\\\\vinad\\\\OneDrive\\\\Documentos\\\\Curitiba 360\\\\dataconnect\": could not find dataconnect.yaml in `c:\\Users\\vinad\\OneDrive\\Documentos\\Curitiba 360\\dataconnect`\n"}}
[debug] [2026-07-20T18:51:01.450Z] E0720 15:51:01.450432   36444 watch.go:40] Failed to load config from "c:\\Users\\vinad\\OneDrive\\Documentos\\Curitiba 360\\dataconnect": could not find dataconnect.yaml in `c:\Users\vinad\OneDrive\Documentos\Curitiba 360\dataconnect`
 {"metadata":{"emulator":{"name":"dataconnect"},"message":"E0720 15:51:01.450432   36444 watch.go:40] Failed to load config from \"c:\\\\Users\\\\vinad\\\\OneDrive\\\\Documentos\\\\Curitiba 360\\\\dataconnect\": could not find dataconnect.yaml in `c:\\Users\\vinad\\OneDrive\\Documentos\\Curitiba 360\\dataconnect`\n"}}
[debug] [2026-07-20T18:51:11.450Z] E0720 15:51:11.450600   36444 watch.go:40] Failed to load config from "c:\\Users\\vinad\\OneDrive\\Documentos\\Curitiba 360\\dataconnect": could not find dataconnect.yaml in `c:\Users\vinad\OneDrive\Documentos\Curitiba 360\dataconnect`
 {"metadata":{"emulator":{"name":"dataconnect"},"message":"E0720 15:51:11.450600   36444 watch.go:40] Failed to load config from \"c:\\\\Users\\\\vinad\\\\OneDrive\\\\Documentos\\\\Curitiba 360\\\\dataconnect\": could not find dataconnect.yaml in `c:\\Users\\vinad\\OneDrive\\Documentos\\Curitiba 360\\dataconnect`\n"}}
[debug] [2026-07-20T18:51:21.450Z] E0720 15:51:21.450475   36444 watch.go:40] Failed to load config from "c:\\Users\\vinad\\OneDrive\\Documentos\\Curitiba 360\\dataconnect": could not find dataconnect.yaml in `c:\Users\vinad\OneDrive\Documentos\Curitiba 360\dataconnect`
 {"metadata":{"emulator":{"name":"dataconnect"},"message":"E0720 15:51:21.450475   36444 watch.go:40] Failed to load config from \"c:\\\\Users\\\\vinad\\\\OneDrive\\\\Documentos\\\\Curitiba 360\\\\dataconnect\": could not find dataconnect.yaml in `c:\\Users\\vinad\\OneDrive\\Documentos\\Curitiba 360\\dataconnect`\n"}}
[debug] [2026-07-20T18:51:31.450Z] E0720 15:51:31.450802   36444 watch.go:116] watchAllDir unable to walk dir `c:\Users\vinad\OneDrive\Documentos\Curitiba 360\dataconnect`: GetFileAttributesEx c:\Users\vinad\OneDrive\Documentos\Curitiba 360\dataconnect: The system cannot find the file specified.
 {"metadata":{"emulator":{"name":"dataconnect"},"message":"E0720 15:51:31.450802   36444 watch.go:116] watchAllDir unable to walk dir `c:\\Users\\vinad\\OneDrive\\Documentos\\Curitiba 360\\dataconnect`: GetFileAttributesEx c:\\Users\\vinad\\OneDrive\\Documentos\\Curitiba 360\\dataconnect: The system cannot find the file specified.\n"}}
[debug] [2026-07-20T18:51:31.451Z] E0720 15:51:31.450802   36444 watch.go:40] Failed to load config from "c:\\Users\\vinad\\OneDrive\\Documentos\\Curitiba 360\\dataconnect": could not find dataconnect.yaml in `c:\Users\vinad\OneDrive\Documentos\Curitiba 360\dataconnect`
 {"metadata":{"emulator":{"name":"dataconnect"},"message":"E0720 15:51:31.450802   36444 watch.go:40] Failed to load config from \"c:\\\\Users\\\\vinad\\\\OneDrive\\\\Documentos\\\\Curitiba 360\\\\dataconnect\": could not find dataconnect.yaml in `c:\\Users\\vinad\\OneDrive\\Documentos\\Curitiba 360\\dataconnect`\n"}}
[debug] [2026-07-20T18:51:41.450Z] E0720 15:51:41.450710   36444 watch.go:40] Failed to load config from "c:\\Users\\vinad\\OneDrive\\Documentos\\Curitiba 360\\dataconnect": could not find dataconnect.yaml in `c:\Users\vinad\OneDrive\Documentos\Curitiba 360\dataconnect`
 {"metadata":{"emulator":{"name":"dataconnect"},"message":"E0720 15:51:41.450710   36444 watch.go:40] Failed to load config from \"c:\\\\Users\\\\vinad\\\\OneDrive\\\\Documentos\\\\Curitiba 360\\\\dataconnect\": could not find dataconnect.yaml in `c:\\Users\\vinad\\OneDrive\\Documentos\\Curitiba 360\\dataconnect`\n"}}
[debug] [2026-07-20T18:51:51.450Z] E0720 15:51:51.450443   36444 watch.go:40] Failed to load config from "c:\\Users\\vinad\\OneDrive\\Documentos\\Curitiba 360\\dataconnect": could not find dataconnect.yaml in `c:\Users\vinad\OneDrive\Documentos\Curitiba 360\dataconnect`
 {"metadata":{"emulator":{"name":"dataconnect"},"message":"E0720 15:51:51.450443   36444 watch.go:40] Failed to load config from \"c:\\\\Users\\\\vinad\\\\OneDrive\\\\Documentos\\\\Curitiba 360\\\\dataconnect\": could not find dataconnect.yaml in `c:\\Users\\vinad\\OneDrive\\Documentos\\Curitiba 360\\dataconnect`\n"}}
[debug] [2026-07-20T18:52:01.450Z] E0720 15:52:01.450631   36444 watch.go:40] Failed to load config from "c:\\Users\\vinad\\OneDrive\\Documentos\\Curitiba 360\\dataconnect": could not find dataconnect.yaml in `c:\Users\vinad\OneDrive\Documentos\Curitiba 360\dataconnect`
 {"metadata":{"emulator":{"name":"dataconnect"},"message":"E0720 15:52:01.450631   36444 watch.go:40] Failed to load config from \"c:\\\\Users\\\\vinad\\\\OneDrive\\\\Documentos\\\\Curitiba 360\\\\dataconnect\": could not find dataconnect.yaml in `c:\\Users\\vinad\\OneDrive\\Documentos\\Curitiba 360\\dataconnect`\n"}}
[debug] [2026-07-20T18:52:11.450Z] E0720 15:52:11.450569   36444 watch.go:40] Failed to load config from "c:\\Users\\vinad\\OneDrive\\Documentos\\Curitiba 360\\dataconnect": could not find dataconnect.yaml in `c:\Users\vinad\OneDrive\Documentos\Curitiba 360\dataconnect`
 {"metadata":{"emulator":{"name":"dataconnect"},"message":"E0720 15:52:11.450569   36444 watch.go:40] Failed to load config from \"c:\\\\Users\\\\vinad\\\\OneDrive\\\\Documentos\\\\Curitiba 360\\\\dataconnect\": could not find dataconnect.yaml in `c:\\Users\\vinad\\OneDrive\\Documentos\\Curitiba 360\\dataconnect`\n"}}
[debug] [2026-07-20T18:52:21.451Z] E0720 15:52:21.450801   36444 watch.go:40] Failed to load config from "c:\\Users\\vinad\\OneDrive\\Documentos\\Curitiba 360\\dataconnect": could not find dataconnect.yaml in `c:\Users\vinad\OneDrive\Documentos\Curitiba 360\dataconnect`
 {"metadata":{"emulator":{"name":"dataconnect"},"message":"E0720 15:52:21.450801   36444 watch.go:40] Failed to load config from \"c:\\\\Users\\\\vinad\\\\OneDrive\\\\Documentos\\\\Curitiba 360\\\\dataconnect\": could not find dataconnect.yaml in `c:\\Users\\vinad\\OneDrive\\Documentos\\Curitiba 360\\dataconnect`\n"}}
[debug] [2026-07-20T18:52:31.450Z] E0720 15:52:31.450653   36444 watch.go:116] watchAllDir unable to walk dir `c:\Users\vinad\OneDrive\Documentos\Curitiba 360\dataconnect`: GetFileAttributesEx c:\Users\vinad\OneDrive\Documentos\Curitiba 360\dataconnect: The system cannot find the file specified.
 {"metadata":{"emulator":{"name":"dataconnect"},"message":"E0720 15:52:31.450653   36444 watch.go:116] watchAllDir unable to walk dir `c:\\Users\\vinad\\OneDrive\\Documentos\\Curitiba 360\\dataconnect`: GetFileAttributesEx c:\\Users\\vinad\\OneDrive\\Documentos\\Curitiba 360\\dataconnect: The system cannot find the file specified.\n"}}
[debug] [2026-07-20T18:52:31.451Z] E0720 15:52:31.450653   36444 watch.go:40] Failed to load config from "c:\\Users\\vinad\\OneDrive\\Documentos\\Curitiba 360\\dataconnect": could not find dataconnect.yaml in `c:\Users\vinad\OneDrive\Documentos\Curitiba 360\dataconnect`
 {"metadata":{"emulator":{"name":"dataconnect"},"message":"E0720 15:52:31.450653   36444 watch.go:40] Failed to load config from \"c:\\\\Users\\\\vinad\\\\OneDrive\\\\Documentos\\\\Curitiba 360\\\\dataconnect\": could not find dataconnect.yaml in `c:\\Users\\vinad\\OneDrive\\Documentos\\Curitiba 360\\dataconnect`\n"}}
[debug] [2026-07-20T18:52:41.451Z] E0720 15:52:41.450919   36444 watch.go:40] Failed to load config from "c:\\Users\\vinad\\OneDrive\\Documentos\\Curitiba 360\\dataconnect": could not find dataconnect.yaml in `c:\Users\vinad\OneDrive\Documentos\Curitiba 360\dataconnect`
 {"metadata":{"emulator":{"name":"dataconnect"},"message":"E0720 15:52:41.450919   36444 watch.go:40] Failed to load config from \"c:\\\\Users\\\\vinad\\\\OneDrive\\\\Documentos\\\\Curitiba 360\\\\dataconnect\": could not find dataconnect.yaml in `c:\\Users\\vinad\\OneDrive\\Documentos\\Curitiba 360\\dataconnect`\n"}}
[debug] [2026-07-20T18:52:51.450Z] E0720 15:52:51.450653   36444 watch.go:40] Failed to load config from "c:\\Users\\vinad\\OneDrive\\Documentos\\Curitiba 360\\dataconnect": could not find dataconnect.yaml in `c:\Users\vinad\OneDrive\Documentos\Curitiba 360\dataconnect`
 {"metadata":{"emulator":{"name":"dataconnect"},"message":"E0720 15:52:51.450653   36444 watch.go:40] Failed to load config from \"c:\\\\Users\\\\vinad\\\\OneDrive\\\\Documentos\\\\Curitiba 360\\\\dataconnect\": could not find dataconnect.yaml in `c:\\Users\\vinad\\OneDrive\\Documentos\\Curitiba 360\\dataconnect`\n"}}
[debug] [2026-07-20T18:53:01.450Z] E0720 15:53:01.450781   36444 watch.go:40] Failed to load config from "c:\\Users\\vinad\\OneDrive\\Documentos\\Curitiba 360\\dataconnect": could not find dataconnect.yaml in `c:\Users\vinad\OneDrive\Documentos\Curitiba 360\dataconnect`
 {"metadata":{"emulator":{"name":"dataconnect"},"message":"E0720 15:53:01.450781   36444 watch.go:40] Failed to load config from \"c:\\\\Users\\\\vinad\\\\OneDrive\\\\Documentos\\\\Curitiba 360\\\\dataconnect\": could not find dataconnect.yaml in `c:\\Users\\vinad\\OneDrive\\Documentos\\Curitiba 360\\dataconnect`\n"}}
[debug] [2026-07-20T18:53:11.450Z] E0720 15:53:11.450400   36444 watch.go:40] Failed to load config from "c:\\Users\\vinad\\OneDrive\\Documentos\\Curitiba 360\\dataconnect": could not find dataconnect.yaml in `c:\Users\vinad\OneDrive\Documentos\Curitiba 360\dataconnect`
 {"metadata":{"emulator":{"name":"dataconnect"},"message":"E0720 15:53:11.450400   36444 watch.go:40] Failed to load config from \"c:\\\\Users\\\\vinad\\\\OneDrive\\\\Documentos\\\\Curitiba 360\\\\dataconnect\": could not find dataconnect.yaml in `c:\\Users\\vinad\\OneDrive\\Documentos\\Curitiba 360\\dataconnect`\n"}}
[debug] [2026-07-20T18:53:21.450Z] E0720 15:53:21.450355   36444 watch.go:40] Failed to load config from "c:\\Users\\vinad\\OneDrive\\Documentos\\Curitiba 360\\dataconnect": could not find dataconnect.yaml in `c:\Users\vinad\OneDrive\Documentos\Curitiba 360\dataconnect`
 {"metadata":{"emulator":{"name":"dataconnect"},"message":"E0720 15:53:21.450355   36444 watch.go:40] Failed to load config from \"c:\\\\Users\\\\vinad\\\\OneDrive\\\\Documentos\\\\Curitiba 360\\\\dataconnect\": could not find dataconnect.yaml in `c:\\Users\\vinad\\OneDrive\\Documentos\\Curitiba 360\\dataconnect`\n"}}
[debug] [2026-07-20T18:53:31.450Z] E0720 15:53:31.450370   36444 watch.go:116] watchAllDir unable to walk dir `c:\Users\vinad\OneDrive\Documentos\Curitiba 360\dataconnect`: GetFileAttributesEx c:\Users\vinad\OneDrive\Documentos\Curitiba 360\dataconnect: The system cannot find the file specified.
 {"metadata":{"emulator":{"name":"dataconnect"},"message":"E0720 15:53:31.450370   36444 watch.go:116] watchAllDir unable to walk dir `c:\\Users\\vinad\\OneDrive\\Documentos\\Curitiba 360\\dataconnect`: GetFileAttributesEx c:\\Users\\vinad\\OneDrive\\Documentos\\Curitiba 360\\dataconnect: The system cannot find the file specified.\n"}}
[debug] [2026-07-20T18:53:31.451Z] E0720 15:53:31.450370   36444 watch.go:40] Failed to load config from "c:\\Users\\vinad\\OneDrive\\Documentos\\Curitiba 360\\dataconnect": could not find dataconnect.yaml in `c:\Users\vinad\OneDrive\Documentos\Curitiba 360\dataconnect`
 {"metadata":{"emulator":{"name":"dataconnect"},"message":"E0720 15:53:31.450370   36444 watch.go:40] Failed to load config from \"c:\\\\Users\\\\vinad\\\\OneDrive\\\\Documentos\\\\Curitiba 360\\\\dataconnect\": could not find dataconnect.yaml in `c:\\Users\\vinad\\OneDrive\\Documentos\\Curitiba 360\\dataconnect`\n"}}
[debug] [2026-07-20T18:53:41.450Z] E0720 15:53:41.450603   36444 watch.go:40] Failed to load config from "c:\\Users\\vinad\\OneDrive\\Documentos\\Curitiba 360\\dataconnect": could not find dataconnect.yaml in `c:\Users\vinad\OneDrive\Documentos\Curitiba 360\dataconnect`
 {"metadata":{"emulator":{"name":"dataconnect"},"message":"E0720 15:53:41.450603   36444 watch.go:40] Failed to load config from \"c:\\\\Users\\\\vinad\\\\OneDrive\\\\Documentos\\\\Curitiba 360\\\\dataconnect\": could not find dataconnect.yaml in `c:\\Users\\vinad\\OneDrive\\Documentos\\Curitiba 360\\dataconnect`\n"}}
[debug] [2026-07-20T18:53:51.450Z] E0720 15:53:51.450764   36444 watch.go:40] Failed to load config from "c:\\Users\\vinad\\OneDrive\\Documentos\\Curitiba 360\\dataconnect": could not find dataconnect.yaml in `c:\Users\vinad\OneDrive\Documentos\Curitiba 360\dataconnect`
 {"metadata":{"emulator":{"name":"dataconnect"},"message":"E0720 15:53:51.450764   36444 watch.go:40] Failed to load config from \"c:\\\\Users\\\\vinad\\\\OneDrive\\\\Documentos\\\\Curitiba 360\\\\dataconnect\": could not find dataconnect.yaml in `c:\\Users\\vinad\\OneDrive\\Documentos\\Curitiba 360\\dataconnect`\n"}}
[debug] [2026-07-20T18:54:01.450Z] E0720 15:54:01.450577   36444 watch.go:40] Failed to load config from "c:\\Users\\vinad\\OneDrive\\Documentos\\Curitiba 360\\dataconnect": could not find dataconnect.yaml in `c:\Users\vinad\OneDrive\Documentos\Curitiba 360\dataconnect`
 {"metadata":{"emulator":{"name":"dataconnect"},"message":"E0720 15:54:01.450577   36444 watch.go:40] Failed to load config from \"c:\\\\Users\\\\vinad\\\\OneDrive\\\\Documentos\\\\Curitiba 360\\\\dataconnect\": could not find dataconnect.yaml in `c:\\Users\\vinad\\OneDrive\\Documentos\\Curitiba 360\\dataconnect`\n"}}
[debug] [2026-07-20T18:54:11.451Z] E0720 15:54:11.451004   36444 watch.go:40] Failed to load config from "c:\\Users\\vinad\\OneDrive\\Documentos\\Curitiba 360\\dataconnect": could not find dataconnect.yaml in `c:\Users\vinad\OneDrive\Documentos\Curitiba 360\dataconnect`
 {"metadata":{"emulator":{"name":"dataconnect"},"message":"E0720 15:54:11.451004   36444 watch.go:40] Failed to load config from \"c:\\\\Users\\\\vinad\\\\OneDrive\\\\Documentos\\\\Curitiba 360\\\\dataconnect\": could not find dataconnect.yaml in `c:\\Users\\vinad\\OneDrive\\Documentos\\Curitiba 360\\dataconnect`\n"}}
[debug] [2026-07-20T18:54:21.450Z] E0720 15:54:21.450636   36444 watch.go:40] Failed to load config from "c:\\Users\\vinad\\OneDrive\\Documentos\\Curitiba 360\\dataconnect": could not find dataconnect.yaml in `c:\Users\vinad\OneDrive\Documentos\Curitiba 360\dataconnect`
 {"metadata":{"emulator":{"name":"dataconnect"},"message":"E0720 15:54:21.450636   36444 watch.go:40] Failed to load config from \"c:\\\\Users\\\\vinad\\\\OneDrive\\\\Documentos\\\\Curitiba 360\\\\dataconnect\": could not find dataconnect.yaml in `c:\\Users\\vinad\\OneDrive\\Documentos\\Curitiba 360\\dataconnect`\n"}}
[debug] [2026-07-20T18:54:31.450Z] E0720 15:54:31.450346   36444 watch.go:116] watchAllDir unable to walk dir `c:\Users\vinad\OneDrive\Documentos\Curitiba 360\dataconnect`: GetFileAttributesEx c:\Users\vinad\OneDrive\Documentos\Curitiba 360\dataconnect: The system cannot find the file specified.
 {"metadata":{"emulator":{"name":"dataconnect"},"message":"E0720 15:54:31.450346   36444 watch.go:116] watchAllDir unable to walk dir `c:\\Users\\vinad\\OneDrive\\Documentos\\Curitiba 360\\dataconnect`: GetFileAttributesEx c:\\Users\\vinad\\OneDrive\\Documentos\\Curitiba 360\\dataconnect: The system cannot find the file specified.\n"}}
[debug] [2026-07-20T18:54:31.451Z] E0720 15:54:31.450346   36444 watch.go:40] Failed to load config from "c:\\Users\\vinad\\OneDrive\\Documentos\\Curitiba 360\\dataconnect": could not find dataconnect.yaml in `c:\Users\vinad\OneDrive\Documentos\Curitiba 360\dataconnect`
 {"metadata":{"emulator":{"name":"dataconnect"},"message":"E0720 15:54:31.450346   36444 watch.go:40] Failed to load config from \"c:\\\\Users\\\\vinad\\\\OneDrive\\\\Documentos\\\\Curitiba 360\\\\dataconnect\": could not find dataconnect.yaml in `c:\\Users\\vinad\\OneDrive\\Documentos\\Curitiba 360\\dataconnect`\n"}}
[debug] [2026-07-20T18:54:41.450Z] E0720 15:54:41.450476   36444 watch.go:40] Failed to load config from "c:\\Users\\vinad\\OneDrive\\Documentos\\Curitiba 360\\dataconnect": could not find dataconnect.yaml in `c:\Users\vinad\OneDrive\Documentos\Curitiba 360\dataconnect`
 {"metadata":{"emulator":{"name":"dataconnect"},"message":"E0720 15:54:41.450476   36444 watch.go:40] Failed to load config from \"c:\\\\Users\\\\vinad\\\\OneDrive\\\\Documentos\\\\Curitiba 360\\\\dataconnect\": could not find dataconnect.yaml in `c:\\Users\\vinad\\OneDrive\\Documentos\\Curitiba 360\\dataconnect`\n"}}
[debug] [2026-07-20T18:54:51.450Z] E0720 15:54:51.450376   36444 watch.go:40] Failed to load config from "c:\\Users\\vinad\\OneDrive\\Documentos\\Curitiba 360\\dataconnect": could not find dataconnect.yaml in `c:\Users\vinad\OneDrive\Documentos\Curitiba 360\dataconnect`
 {"metadata":{"emulator":{"name":"dataconnect"},"message":"E0720 15:54:51.450376   36444 watch.go:40] Failed to load config from \"c:\\\\Users\\\\vinad\\\\OneDrive\\\\Documentos\\\\Curitiba 360\\\\dataconnect\": could not find dataconnect.yaml in `c:\\Users\\vinad\\OneDrive\\Documentos\\Curitiba 360\\dataconnect`\n"}}
[debug] [2026-07-20T18:55:01.450Z] E0720 15:55:01.450465   36444 watch.go:40] Failed to load config from "c:\\Users\\vinad\\OneDrive\\Documentos\\Curitiba 360\\dataconnect": could not find dataconnect.yaml in `c:\Users\vinad\OneDrive\Documentos\Curitiba 360\dataconnect`
 {"metadata":{"emulator":{"name":"dataconnect"},"message":"E0720 15:55:01.450465   36444 watch.go:40] Failed to load config from \"c:\\\\Users\\\\vinad\\\\OneDrive\\\\Documentos\\\\Curitiba 360\\\\dataconnect\": could not find dataconnect.yaml in `c:\\Users\\vinad\\OneDrive\\Documentos\\Curitiba 360\\dataconnect`\n"}}
[debug] [2026-07-20T18:55:11.450Z] E0720 15:55:11.450469   36444 watch.go:40] Failed to load config from "c:\\Users\\vinad\\OneDrive\\Documentos\\Curitiba 360\\dataconnect": could not find dataconnect.yaml in `c:\Users\vinad\OneDrive\Documentos\Curitiba 360\dataconnect`
 {"metadata":{"emulator":{"name":"dataconnect"},"message":"E0720 15:55:11.450469   36444 watch.go:40] Failed to load config from \"c:\\\\Users\\\\vinad\\\\OneDrive\\\\Documentos\\\\Curitiba 360\\\\dataconnect\": could not find dataconnect.yaml in `c:\\Users\\vinad\\OneDrive\\Documentos\\Curitiba 360\\dataconnect`\n"}}
[debug] [2026-07-20T18:55:21.450Z] E0720 15:55:21.450576   36444 watch.go:40] Failed to load config from "c:\\Users\\vinad\\OneDrive\\Documentos\\Curitiba 360\\dataconnect": could not find dataconnect.yaml in `c:\Users\vinad\OneDrive\Documentos\Curitiba 360\dataconnect`
 {"metadata":{"emulator":{"name":"dataconnect"},"message":"E0720 15:55:21.450576   36444 watch.go:40] Failed to load config from \"c:\\\\Users\\\\vinad\\\\OneDrive\\\\Documentos\\\\Curitiba 360\\\\dataconnect\": could not find dataconnect.yaml in `c:\\Users\\vinad\\OneDrive\\Documentos\\Curitiba 360\\dataconnect`\n"}}
[debug] [2026-07-20T18:55:31.450Z] E0720 15:55:31.450745   36444 watch.go:116] watchAllDir unable to walk dir `c:\Users\vinad\OneDrive\Documentos\Curitiba 360\dataconnect`: GetFileAttributesEx c:\Users\vinad\OneDrive\Documentos\Curitiba 360\dataconnect: The system cannot find the file specified.
 {"metadata":{"emulator":{"name":"dataconnect"},"message":"E0720 15:55:31.450745   36444 watch.go:116] watchAllDir unable to walk dir `c:\\Users\\vinad\\OneDrive\\Documentos\\Curitiba 360\\dataconnect`: GetFileAttributesEx c:\\Users\\vinad\\OneDrive\\Documentos\\Curitiba 360\\dataconnect: The system cannot find the file specified.\n"}}
[debug] [2026-07-20T18:55:31.451Z] E0720 15:55:31.450745   36444 watch.go:40] Failed to load config from "c:\\Users\\vinad\\OneDrive\\Documentos\\Curitiba 360\\dataconnect": could not find dataconnect.yaml in `c:\Users\vinad\OneDrive\Documentos\Curitiba 360\dataconnect`
 {"metadata":{"emulator":{"name":"dataconnect"},"message":"E0720 15:55:31.450745   36444 watch.go:40] Failed to load config from \"c:\\\\Users\\\\vinad\\\\OneDrive\\\\Documentos\\\\Curitiba 360\\\\dataconnect\": could not find dataconnect.yaml in `c:\\Users\\vinad\\OneDrive\\Documentos\\Curitiba 360\\dataconnect`\n"}}
[debug] [2026-07-20T18:55:41.450Z] E0720 15:55:41.450604   36444 watch.go:40] Failed to load config from "c:\\Users\\vinad\\OneDrive\\Documentos\\Curitiba 360\\dataconnect": could not find dataconnect.yaml in `c:\Users\vinad\OneDrive\Documentos\Curitiba 360\dataconnect`
 {"metadata":{"emulator":{"name":"dataconnect"},"message":"E0720 15:55:41.450604   36444 watch.go:40] Failed to load config from \"c:\\\\Users\\\\vinad\\\\OneDrive\\\\Documentos\\\\Curitiba 360\\\\dataconnect\": could not find dataconnect.yaml in `c:\\Users\\vinad\\OneDrive\\Documentos\\Curitiba 360\\dataconnect`\n"}}
[debug] [2026-07-20T18:55:51.450Z] E0720 15:55:51.450542   36444 watch.go:40] Failed to load config from "c:\\Users\\vinad\\OneDrive\\Documentos\\Curitiba 360\\dataconnect": could not find dataconnect.yaml in `c:\Users\vinad\OneDrive\Documentos\Curitiba 360\dataconnect`
 {"metadata":{"emulator":{"name":"dataconnect"},"message":"E0720 15:55:51.450542   36444 watch.go:40] Failed to load config from \"c:\\\\Users\\\\vinad\\\\OneDrive\\\\Documentos\\\\Curitiba 360\\\\dataconnect\": could not find dataconnect.yaml in `c:\\Users\\vinad\\OneDrive\\Documentos\\Curitiba 360\\dataconnect`\n"}}
[debug] [2026-07-20T18:56:01.450Z] E0720 15:56:01.450740   36444 watch.go:40] Failed to load config from "c:\\Users\\vinad\\OneDrive\\Documentos\\Curitiba 360\\dataconnect": could not find dataconnect.yaml in `c:\Users\vinad\OneDrive\Documentos\Curitiba 360\dataconnect`
 {"metadata":{"emulator":{"name":"dataconnect"},"message":"E0720 15:56:01.450740   36444 watch.go:40] Failed to load config from \"c:\\\\Users\\\\vinad\\\\OneDrive\\\\Documentos\\\\Curitiba 360\\\\dataconnect\": could not find dataconnect.yaml in `c:\\Users\\vinad\\OneDrive\\Documentos\\Curitiba 360\\dataconnect`\n"}}
[debug] [2026-07-20T18:56:11.450Z] E0720 15:56:11.450581   36444 watch.go:40] Failed to load config from "c:\\Users\\vinad\\OneDrive\\Documentos\\Curitiba 360\\dataconnect": could not find dataconnect.yaml in `c:\Users\vinad\OneDrive\Documentos\Curitiba 360\dataconnect`
 {"metadata":{"emulator":{"name":"dataconnect"},"message":"E0720 15:56:11.450581   36444 watch.go:40] Failed to load config from \"c:\\\\Users\\\\vinad\\\\OneDrive\\\\Documentos\\\\Curitiba 360\\\\dataconnect\": could not find dataconnect.yaml in `c:\\Users\\vinad\\OneDrive\\Documentos\\Curitiba 360\\dataconnect`\n"}}
[debug] [2026-07-20T18:56:21.450Z] E0720 15:56:21.450612   36444 watch.go:40] Failed to load config from "c:\\Users\\vinad\\OneDrive\\Documentos\\Curitiba 360\\dataconnect": could not find dataconnect.yaml in `c:\Users\vinad\OneDrive\Documentos\Curitiba 360\dataconnect`
 {"metadata":{"emulator":{"name":"dataconnect"},"message":"E0720 15:56:21.450612   36444 watch.go:40] Failed to load config from \"c:\\\\Users\\\\vinad\\\\OneDrive\\\\Documentos\\\\Curitiba 360\\\\dataconnect\": could not find dataconnect.yaml in `c:\\Users\\vinad\\OneDrive\\Documentos\\Curitiba 360\\dataconnect`\n"}}
[debug] [2026-07-20T18:56:31.450Z] E0720 15:56:31.450458   36444 watch.go:116] watchAllDir unable to walk dir `c:\Users\vinad\OneDrive\Documentos\Curitiba 360\dataconnect`: GetFileAttributesEx c:\Users\vinad\OneDrive\Documentos\Curitiba 360\dataconnect: The system cannot find the file specified.
 {"metadata":{"emulator":{"name":"dataconnect"},"message":"E0720 15:56:31.450458   36444 watch.go:116] watchAllDir unable to walk dir `c:\\Users\\vinad\\OneDrive\\Documentos\\Curitiba 360\\dataconnect`: GetFileAttributesEx c:\\Users\\vinad\\OneDrive\\Documentos\\Curitiba 360\\dataconnect: The system cannot find the file specified.\n"}}
[debug] [2026-07-20T18:56:31.450Z] E0720 15:56:31.450458   36444 watch.go:40] Failed to load config from "c:\\Users\\vinad\\OneDrive\\Documentos\\Curitiba 360\\dataconnect": could not find dataconnect.yaml in `c:\Users\vinad\OneDrive\Documentos\Curitiba 360\dataconnect`
 {"metadata":{"emulator":{"name":"dataconnect"},"message":"E0720 15:56:31.450458   36444 watch.go:40] Failed to load config from \"c:\\\\Users\\\\vinad\\\\OneDrive\\\\Documentos\\\\Curitiba 360\\\\dataconnect\": could not find dataconnect.yaml in `c:\\Users\\vinad\\OneDrive\\Documentos\\Curitiba 360\\dataconnect`\n"}}
[debug] [2026-07-20T18:56:41.450Z] E0720 15:56:41.450584   36444 watch.go:40] Failed to load config from "c:\\Users\\vinad\\OneDrive\\Documentos\\Curitiba 360\\dataconnect": could not find dataconnect.yaml in `c:\Users\vinad\OneDrive\Documentos\Curitiba 360\dataconnect`
 {"metadata":{"emulator":{"name":"dataconnect"},"message":"E0720 15:56:41.450584   36444 watch.go:40] Failed to load config from \"c:\\\\Users\\\\vinad\\\\OneDrive\\\\Documentos\\\\Curitiba 360\\\\dataconnect\": could not find dataconnect.yaml in `c:\\Users\\vinad\\OneDrive\\Documentos\\Curitiba 360\\dataconnect`\n"}}
[debug] [2026-07-20T18:56:51.451Z] E0720 15:56:51.450763   36444 watch.go:40] Failed to load config from "c:\\Users\\vinad\\OneDrive\\Documentos\\Curitiba 360\\dataconnect": could not find dataconnect.yaml in `c:\Users\vinad\OneDrive\Documentos\Curitiba 360\dataconnect`
 {"metadata":{"emulator":{"name":"dataconnect"},"message":"E0720 15:56:51.450763   36444 watch.go:40] Failed to load config from \"c:\\\\Users\\\\vinad\\\\OneDrive\\\\Documentos\\\\Curitiba 360\\\\dataconnect\": could not find dataconnect.yaml in `c:\\Users\\vinad\\OneDrive\\Documentos\\Curitiba 360\\dataconnect`\n"}}
[debug] [2026-07-20T18:57:01.450Z] E0720 15:57:01.450500   36444 watch.go:40] Failed to load config from "c:\\Users\\vinad\\OneDrive\\Documentos\\Curitiba 360\\dataconnect": could not find dataconnect.yaml in `c:\Users\vinad\OneDrive\Documentos\Curitiba 360\dataconnect`
 {"metadata":{"emulator":{"name":"dataconnect"},"message":"E0720 15:57:01.450500   36444 watch.go:40] Failed to load config from \"c:\\\\Users\\\\vinad\\\\OneDrive\\\\Documentos\\\\Curitiba 360\\\\dataconnect\": could not find dataconnect.yaml in `c:\\Users\\vinad\\OneDrive\\Documentos\\Curitiba 360\\dataconnect`\n"}}
[debug] [2026-07-20T18:57:11.450Z] E0720 15:57:11.450462   36444 watch.go:40] Failed to load config from "c:\\Users\\vinad\\OneDrive\\Documentos\\Curitiba 360\\dataconnect": could not find dataconnect.yaml in `c:\Users\vinad\OneDrive\Documentos\Curitiba 360\dataconnect`
 {"metadata":{"emulator":{"name":"dataconnect"},"message":"E0720 15:57:11.450462   36444 watch.go:40] Failed to load config from \"c:\\\\Users\\\\vinad\\\\OneDrive\\\\Documentos\\\\Curitiba 360\\\\dataconnect\": could not find dataconnect.yaml in `c:\\Users\\vinad\\OneDrive\\Documentos\\Curitiba 360\\dataconnect`\n"}}
[debug] [2026-07-20T18:57:21.450Z] E0720 15:57:21.450736   36444 watch.go:40] Failed to load config from "c:\\Users\\vinad\\OneDrive\\Documentos\\Curitiba 360\\dataconnect": could not find dataconnect.yaml in `c:\Users\vinad\OneDrive\Documentos\Curitiba 360\dataconnect`
 {"metadata":{"emulator":{"name":"dataconnect"},"message":"E0720 15:57:21.450736   36444 watch.go:40] Failed to load config from \"c:\\\\Users\\\\vinad\\\\OneDrive\\\\Documentos\\\\Curitiba 360\\\\dataconnect\": could not find dataconnect.yaml in `c:\\Users\\vinad\\OneDrive\\Documentos\\Curitiba 360\\dataconnect`\n"}}
[debug] [2026-07-20T18:57:31.450Z] E0720 15:57:31.450455   36444 watch.go:116] watchAllDir unable to walk dir `c:\Users\vinad\OneDrive\Documentos\Curitiba 360\dataconnect`: GetFileAttributesEx c:\Users\vinad\OneDrive\Documentos\Curitiba 360\dataconnect: The system cannot find the file specified.
 {"metadata":{"emulator":{"name":"dataconnect"},"message":"E0720 15:57:31.450455   36444 watch.go:116] watchAllDir unable to walk dir `c:\\Users\\vinad\\OneDrive\\Documentos\\Curitiba 360\\dataconnect`: GetFileAttributesEx c:\\Users\\vinad\\OneDrive\\Documentos\\Curitiba 360\\dataconnect: The system cannot find the file specified.\n"}}
[debug] [2026-07-20T18:57:31.450Z] E0720 15:57:31.450455   36444 watch.go:40] Failed to load config from "c:\\Users\\vinad\\OneDrive\\Documentos\\Curitiba 360\\dataconnect": could not find dataconnect.yaml in `c:\Users\vinad\OneDrive\Documentos\Curitiba 360\dataconnect`
 {"metadata":{"emulator":{"name":"dataconnect"},"message":"E0720 15:57:31.450455   36444 watch.go:40] Failed to load config from \"c:\\\\Users\\\\vinad\\\\OneDrive\\\\Documentos\\\\Curitiba 360\\\\dataconnect\": could not find dataconnect.yaml in `c:\\Users\\vinad\\OneDrive\\Documentos\\Curitiba 360\\dataconnect`\n"}}
[debug] [2026-07-20T18:57:41.450Z] E0720 15:57:41.450385   36444 watch.go:40] Failed to load config from "c:\\Users\\vinad\\OneDrive\\Documentos\\Curitiba 360\\dataconnect": could not find dataconnect.yaml in `c:\Users\vinad\OneDrive\Documentos\Curitiba 360\dataconnect`
 {"metadata":{"emulator":{"name":"dataconnect"},"message":"E0720 15:57:41.450385   36444 watch.go:40] Failed to load config from \"c:\\\\Users\\\\vinad\\\\OneDrive\\\\Documentos\\\\Curitiba 360\\\\dataconnect\": could not find dataconnect.yaml in `c:\\Users\\vinad\\OneDrive\\Documentos\\Curitiba 360\\dataconnect`\n"}}
[debug] [2026-07-20T18:57:51.450Z] E0720 15:57:51.450802   36444 watch.go:40] Failed to load config from "c:\\Users\\vinad\\OneDrive\\Documentos\\Curitiba 360\\dataconnect": could not find dataconnect.yaml in `c:\Users\vinad\OneDrive\Documentos\Curitiba 360\dataconnect`
 {"metadata":{"emulator":{"name":"dataconnect"},"message":"E0720 15:57:51.450802   36444 watch.go:40] Failed to load config from \"c:\\\\Users\\\\vinad\\\\OneDrive\\\\Documentos\\\\Curitiba 360\\\\dataconnect\": could not find dataconnect.yaml in `c:\\Users\\vinad\\OneDrive\\Documentos\\Curitiba 360\\dataconnect`\n"}}
[debug] [2026-07-20T18:58:01.451Z] E0720 15:58:01.450584   36444 watch.go:40] Failed to load config from "c:\\Users\\vinad\\OneDrive\\Documentos\\Curitiba 360\\dataconnect": could not find dataconnect.yaml in `c:\Users\vinad\OneDrive\Documentos\Curitiba 360\dataconnect`
 {"metadata":{"emulator":{"name":"dataconnect"},"message":"E0720 15:58:01.450584   36444 watch.go:40] Failed to load config from \"c:\\\\Users\\\\vinad\\\\OneDrive\\\\Documentos\\\\Curitiba 360\\\\dataconnect\": could not find dataconnect.yaml in `c:\\Users\\vinad\\OneDrive\\Documentos\\Curitiba 360\\dataconnect`\n"}}
[debug] [2026-07-20T18:58:11.450Z] E0720 15:58:11.450392   36444 watch.go:40] Failed to load config from "c:\\Users\\vinad\\OneDrive\\Documentos\\Curitiba 360\\dataconnect": could not find dataconnect.yaml in `c:\Users\vinad\OneDrive\Documentos\Curitiba 360\dataconnect`
 {"metadata":{"emulator":{"name":"dataconnect"},"message":"E0720 15:58:11.450392   36444 watch.go:40] Failed to load config from \"c:\\\\Users\\\\vinad\\\\OneDrive\\\\Documentos\\\\Curitiba 360\\\\dataconnect\": could not find dataconnect.yaml in `c:\\Users\\vinad\\OneDrive\\Documentos\\Curitiba 360\\dataconnect`\n"}}
[debug] [2026-07-20T18:58:21.450Z] E0720 15:58:21.450560   36444 watch.go:40] Failed to load config from "c:\\Users\\vinad\\OneDrive\\Documentos\\Curitiba 360\\dataconnect": could not find dataconnect.yaml in `c:\Users\vinad\OneDrive\Documentos\Curitiba 360\dataconnect`
 {"metadata":{"emulator":{"name":"dataconnect"},"message":"E0720 15:58:21.450560   36444 watch.go:40] Failed to load config from \"c:\\\\Users\\\\vinad\\\\OneDrive\\\\Documentos\\\\Curitiba 360\\\\dataconnect\": could not find dataconnect.yaml in `c:\\Users\\vinad\\OneDrive\\Documentos\\Curitiba 360\\dataconnect`\n"}}
[debug] [2026-07-20T18:58:31.450Z] E0720 15:58:31.450821   36444 watch.go:116] watchAllDir unable to walk dir `c:\Users\vinad\OneDrive\Documentos\Curitiba 360\dataconnect`: GetFileAttributesEx c:\Users\vinad\OneDrive\Documentos\Curitiba 360\dataconnect: The system cannot find the file specified.
 {"metadata":{"emulator":{"name":"dataconnect"},"message":"E0720 15:58:31.450821   36444 watch.go:116] watchAllDir unable to walk dir `c:\\Users\\vinad\\OneDrive\\Documentos\\Curitiba 360\\dataconnect`: GetFileAttributesEx c:\\Users\\vinad\\OneDrive\\Documentos\\Curitiba 360\\dataconnect: The system cannot find the file specified.\n"}}
[debug] [2026-07-20T18:58:31.451Z] E0720 15:58:31.450821   36444 watch.go:40] Failed to load config from "c:\\Users\\vinad\\OneDrive\\Documentos\\Curitiba 360\\dataconnect": could not find dataconnect.yaml in `c:\Users\vinad\OneDrive\Documentos\Curitiba 360\dataconnect`
 {"metadata":{"emulator":{"name":"dataconnect"},"message":"E0720 15:58:31.450821   36444 watch.go:40] Failed to load config from \"c:\\\\Users\\\\vinad\\\\OneDrive\\\\Documentos\\\\Curitiba 360\\\\dataconnect\": could not find dataconnect.yaml in `c:\\Users\\vinad\\OneDrive\\Documentos\\Curitiba 360\\dataconnect`\n"}}
[debug] [2026-07-20T18:58:41.450Z] E0720 15:58:41.450686   36444 watch.go:40] Failed to load config from "c:\\Users\\vinad\\OneDrive\\Documentos\\Curitiba 360\\dataconnect": could not find dataconnect.yaml in `c:\Users\vinad\OneDrive\Documentos\Curitiba 360\dataconnect`
 {"metadata":{"emulator":{"name":"dataconnect"},"message":"E0720 15:58:41.450686   36444 watch.go:40] Failed to load config from \"c:\\\\Users\\\\vinad\\\\OneDrive\\\\Documentos\\\\Curitiba 360\\\\dataconnect\": could not find dataconnect.yaml in `c:\\Users\\vinad\\OneDrive\\Documentos\\Curitiba 360\\dataconnect`\n"}}
[debug] [2026-07-20T18:58:51.450Z] E0720 15:58:51.450633   36444 watch.go:40] Failed to load config from "c:\\Users\\vinad\\OneDrive\\Documentos\\Curitiba 360\\dataconnect": could not find dataconnect.yaml in `c:\Users\vinad\OneDrive\Documentos\Curitiba 360\dataconnect`
 {"metadata":{"emulator":{"name":"dataconnect"},"message":"E0720 15:58:51.450633   36444 watch.go:40] Failed to load config from \"c:\\\\Users\\\\vinad\\\\OneDrive\\\\Documentos\\\\Curitiba 360\\\\dataconnect\": could not find dataconnect.yaml in `c:\\Users\\vinad\\OneDrive\\Documentos\\Curitiba 360\\dataconnect`\n"}}
[debug] [2026-07-20T18:59:01.450Z] E0720 15:59:01.450687   36444 watch.go:40] Failed to load config from "c:\\Users\\vinad\\OneDrive\\Documentos\\Curitiba 360\\dataconnect": could not find dataconnect.yaml in `c:\Users\vinad\OneDrive\Documentos\Curitiba 360\dataconnect`
 {"metadata":{"emulator":{"name":"dataconnect"},"message":"E0720 15:59:01.450687   36444 watch.go:40] Failed to load config from \"c:\\\\Users\\\\vinad\\\\OneDrive\\\\Documentos\\\\Curitiba 360\\\\dataconnect\": could not find dataconnect.yaml in `c:\\Users\\vinad\\OneDrive\\Documentos\\Curitiba 360\\dataconnect`\n"}}
[debug] [2026-07-20T18:59:11.450Z] E0720 15:59:11.450392   36444 watch.go:40] Failed to load config from "c:\\Users\\vinad\\OneDrive\\Documentos\\Curitiba 360\\dataconnect": could not find dataconnect.yaml in `c:\Users\vinad\OneDrive\Documentos\Curitiba 360\dataconnect`
 {"metadata":{"emulator":{"name":"dataconnect"},"message":"E0720 15:59:11.450392   36444 watch.go:40] Failed to load config from \"c:\\\\Users\\\\vinad\\\\OneDrive\\\\Documentos\\\\Curitiba 360\\\\dataconnect\": could not find dataconnect.yaml in `c:\\Users\\vinad\\OneDrive\\Documentos\\Curitiba 360\\dataconnect`\n"}}
[debug] [2026-07-20T18:59:21.450Z] E0720 15:59:21.450622   36444 watch.go:40] Failed to load config from "c:\\Users\\vinad\\OneDrive\\Documentos\\Curitiba 360\\dataconnect": could not find dataconnect.yaml in `c:\Users\vinad\OneDrive\Documentos\Curitiba 360\dataconnect`
 {"metadata":{"emulator":{"name":"dataconnect"},"message":"E0720 15:59:21.450622   36444 watch.go:40] Failed to load config from \"c:\\\\Users\\\\vinad\\\\OneDrive\\\\Documentos\\\\Curitiba 360\\\\dataconnect\": could not find dataconnect.yaml in `c:\\Users\\vinad\\OneDrive\\Documentos\\Curitiba 360\\dataconnect`\n"}}
[debug] [2026-07-20T18:59:31.450Z] E0720 15:59:31.450498   36444 watch.go:116] watchAllDir unable to walk dir `c:\Users\vinad\OneDrive\Documentos\Curitiba 360\dataconnect`: GetFileAttributesEx c:\Users\vinad\OneDrive\Documentos\Curitiba 360\dataconnect: The system cannot find the file specified.
 {"metadata":{"emulator":{"name":"dataconnect"},"message":"E0720 15:59:31.450498   36444 watch.go:116] watchAllDir unable to walk dir `c:\\Users\\vinad\\OneDrive\\Documentos\\Curitiba 360\\dataconnect`: GetFileAttributesEx c:\\Users\\vinad\\OneDrive\\Documentos\\Curitiba 360\\dataconnect: The system cannot find the file specified.\n"}}
[debug] [2026-07-20T18:59:31.451Z] E0720 15:59:31.450498   36444 watch.go:40] Failed to load config from "c:\\Users\\vinad\\OneDrive\\Documentos\\Curitiba 360\\dataconnect": could not find dataconnect.yaml in `c:\Users\vinad\OneDrive\Documentos\Curitiba 360\dataconnect`
 {"metadata":{"emulator":{"name":"dataconnect"},"message":"E0720 15:59:31.450498   36444 watch.go:40] Failed to load config from \"c:\\\\Users\\\\vinad\\\\OneDrive\\\\Documentos\\\\Curitiba 360\\\\dataconnect\": could not find dataconnect.yaml in `c:\\Users\\vinad\\OneDrive\\Documentos\\Curitiba 360\\dataconnect`\n"}}
[debug] [2026-07-20T18:59:41.451Z] E0720 15:59:41.450802   36444 watch.go:40] Failed to load config from "c:\\Users\\vinad\\OneDrive\\Documentos\\Curitiba 360\\dataconnect": could not find dataconnect.yaml in `c:\Users\vinad\OneDrive\Documentos\Curitiba 360\dataconnect`
 {"metadata":{"emulator":{"name":"dataconnect"},"message":"E0720 15:59:41.450802   36444 watch.go:40] Failed to load config from \"c:\\\\Users\\\\vinad\\\\OneDrive\\\\Documentos\\\\Curitiba 360\\\\dataconnect\": could not find dataconnect.yaml in `c:\\Users\\vinad\\OneDrive\\Documentos\\Curitiba 360\\dataconnect`\n"}}
[debug] [2026-07-20T18:59:51.450Z] E0720 15:59:51.450450   36444 watch.go:40] Failed to load config from "c:\\Users\\vinad\\OneDrive\\Documentos\\Curitiba 360\\dataconnect": could not find dataconnect.yaml in `c:\Users\vinad\OneDrive\Documentos\Curitiba 360\dataconnect`
 {"metadata":{"emulator":{"name":"dataconnect"},"message":"E0720 15:59:51.450450   36444 watch.go:40] Failed to load config from \"c:\\\\Users\\\\vinad\\\\OneDrive\\\\Documentos\\\\Curitiba 360\\\\dataconnect\": could not find dataconnect.yaml in `c:\\Users\\vinad\\OneDrive\\Documentos\\Curitiba 360\\dataconnect`\n"}}
[debug] [2026-07-20T19:00:01.450Z] E0720 16:00:01.450714   36444 watch.go:40] Failed to load config from "c:\\Users\\vinad\\OneDrive\\Documentos\\Curitiba 360\\dataconnect": could not find dataconnect.yaml in `c:\Users\vinad\OneDrive\Documentos\Curitiba 360\dataconnect`
 {"metadata":{"emulator":{"name":"dataconnect"},"message":"E0720 16:00:01.450714   36444 watch.go:40] Failed to load config from \"c:\\\\Users\\\\vinad\\\\OneDrive\\\\Documentos\\\\Curitiba 360\\\\dataconnect\": could not find dataconnect.yaml in `c:\\Users\\vinad\\OneDrive\\Documentos\\Curitiba 360\\dataconnect`\n"}}
[debug] [2026-07-20T19:00:11.451Z] E0720 16:00:11.450752   36444 watch.go:40] Failed to load config from "c:\\Users\\vinad\\OneDrive\\Documentos\\Curitiba 360\\dataconnect": could not find dataconnect.yaml in `c:\Users\vinad\OneDrive\Documentos\Curitiba 360\dataconnect`
 {"metadata":{"emulator":{"name":"dataconnect"},"message":"E0720 16:00:11.450752   36444 watch.go:40] Failed to load config from \"c:\\\\Users\\\\vinad\\\\OneDrive\\\\Documentos\\\\Curitiba 360\\\\dataconnect\": could not find dataconnect.yaml in `c:\\Users\\vinad\\OneDrive\\Documentos\\Curitiba 360\\dataconnect`\n"}}
[debug] [2026-07-20T19:00:21.450Z] E0720 16:00:21.450387   36444 watch.go:40] Failed to load config from "c:\\Users\\vinad\\OneDrive\\Documentos\\Curitiba 360\\dataconnect": could not find dataconnect.yaml in `c:\Users\vinad\OneDrive\Documentos\Curitiba 360\dataconnect`
 {"metadata":{"emulator":{"name":"dataconnect"},"message":"E0720 16:00:21.450387   36444 watch.go:40] Failed to load config from \"c:\\\\Users\\\\vinad\\\\OneDrive\\\\Documentos\\\\Curitiba 360\\\\dataconnect\": could not find dataconnect.yaml in `c:\\Users\\vinad\\OneDrive\\Documentos\\Curitiba 360\\dataconnect`\n"}}
[debug] [2026-07-20T19:00:31.450Z] E0720 16:00:31.450808   36444 watch.go:116] watchAllDir unable to walk dir `c:\Users\vinad\OneDrive\Documentos\Curitiba 360\dataconnect`: GetFileAttributesEx c:\Users\vinad\OneDrive\Documentos\Curitiba 360\dataconnect: The system cannot find the file specified.
 {"metadata":{"emulator":{"name":"dataconnect"},"message":"E0720 16:00:31.450808   36444 watch.go:116] watchAllDir unable to walk dir `c:\\Users\\vinad\\OneDrive\\Documentos\\Curitiba 360\\dataconnect`: GetFileAttributesEx c:\\Users\\vinad\\OneDrive\\Documentos\\Curitiba 360\\dataconnect: The system cannot find the file specified.\n"}}
[debug] [2026-07-20T19:00:31.451Z] E0720 16:00:31.450808   36444 watch.go:40] Failed to load config from "c:\\Users\\vinad\\OneDrive\\Documentos\\Curitiba 360\\dataconnect": could not find dataconnect.yaml in `c:\Users\vinad\OneDrive\Documentos\Curitiba 360\dataconnect`
 {"metadata":{"emulator":{"name":"dataconnect"},"message":"E0720 16:00:31.450808   36444 watch.go:40] Failed to load config from \"c:\\\\Users\\\\vinad\\\\OneDrive\\\\Documentos\\\\Curitiba 360\\\\dataconnect\": could not find dataconnect.yaml in `c:\\Users\\vinad\\OneDrive\\Documentos\\Curitiba 360\\dataconnect`\n"}}
[debug] [2026-07-20T19:00:41.450Z] E0720 16:00:41.450603   36444 watch.go:40] Failed to load config from "c:\\Users\\vinad\\OneDrive\\Documentos\\Curitiba 360\\dataconnect": could not find dataconnect.yaml in `c:\Users\vinad\OneDrive\Documentos\Curitiba 360\dataconnect`
 {"metadata":{"emulator":{"name":"dataconnect"},"message":"E0720 16:00:41.450603   36444 watch.go:40] Failed to load config from \"c:\\\\Users\\\\vinad\\\\OneDrive\\\\Documentos\\\\Curitiba 360\\\\dataconnect\": could not find dataconnect.yaml in `c:\\Users\\vinad\\OneDrive\\Documentos\\Curitiba 360\\dataconnect`\n"}}
[debug] [2026-07-20T19:00:51.450Z] E0720 16:00:51.450614   36444 watch.go:40] Failed to load config from "c:\\Users\\vinad\\OneDrive\\Documentos\\Curitiba 360\\dataconnect": could not find dataconnect.yaml in `c:\Users\vinad\OneDrive\Documentos\Curitiba 360\dataconnect`
 {"metadata":{"emulator":{"name":"dataconnect"},"message":"E0720 16:00:51.450614   36444 watch.go:40] Failed to load config from \"c:\\\\Users\\\\vinad\\\\OneDrive\\\\Documentos\\\\Curitiba 360\\\\dataconnect\": could not find dataconnect.yaml in `c:\\Users\\vinad\\OneDrive\\Documentos\\Curitiba 360\\dataconnect`\n"}}
[debug] [2026-07-20T19:01:01.450Z] E0720 16:01:01.450560   36444 watch.go:40] Failed to load config from "c:\\Users\\vinad\\OneDrive\\Documentos\\Curitiba 360\\dataconnect": could not find dataconnect.yaml in `c:\Users\vinad\OneDrive\Documentos\Curitiba 360\dataconnect`
 {"metadata":{"emulator":{"name":"dataconnect"},"message":"E0720 16:01:01.450560   36444 watch.go:40] Failed to load config from \"c:\\\\Users\\\\vinad\\\\OneDrive\\\\Documentos\\\\Curitiba 360\\\\dataconnect\": could not find dataconnect.yaml in `c:\\Users\\vinad\\OneDrive\\Documentos\\Curitiba 360\\dataconnect`\n"}}
[debug] [2026-07-20T19:01:11.450Z] E0720 16:01:11.450421   36444 watch.go:40] Failed to load config from "c:\\Users\\vinad\\OneDrive\\Documentos\\Curitiba 360\\dataconnect": could not find dataconnect.yaml in `c:\Users\vinad\OneDrive\Documentos\Curitiba 360\dataconnect`
 {"metadata":{"emulator":{"name":"dataconnect"},"message":"E0720 16:01:11.450421   36444 watch.go:40] Failed to load config from \"c:\\\\Users\\\\vinad\\\\OneDrive\\\\Documentos\\\\Curitiba 360\\\\dataconnect\": could not find dataconnect.yaml in `c:\\Users\\vinad\\OneDrive\\Documentos\\Curitiba 360\\dataconnect`\n"}}
[debug] [2026-07-20T19:01:21.450Z] E0720 16:01:21.450604   36444 watch.go:40] Failed to load config from "c:\\Users\\vinad\\OneDrive\\Documentos\\Curitiba 360\\dataconnect": could not find dataconnect.yaml in `c:\Users\vinad\OneDrive\Documentos\Curitiba 360\dataconnect`
 {"metadata":{"emulator":{"name":"dataconnect"},"message":"E0720 16:01:21.450604   36444 watch.go:40] Failed to load config from \"c:\\\\Users\\\\vinad\\\\OneDrive\\\\Documentos\\\\Curitiba 360\\\\dataconnect\": could not find dataconnect.yaml in `c:\\Users\\vinad\\OneDrive\\Documentos\\Curitiba 360\\dataconnect`\n"}}
[debug] [2026-07-20T19:01:31.450Z] E0720 16:01:31.450369   36444 watch.go:116] watchAllDir unable to walk dir `c:\Users\vinad\OneDrive\Documentos\Curitiba 360\dataconnect`: GetFileAttributesEx c:\Users\vinad\OneDrive\Documentos\Curitiba 360\dataconnect: The system cannot find the file specified.
 {"metadata":{"emulator":{"name":"dataconnect"},"message":"E0720 16:01:31.450369   36444 watch.go:116] watchAllDir unable to walk dir `c:\\Users\\vinad\\OneDrive\\Documentos\\Curitiba 360\\dataconnect`: GetFileAttributesEx c:\\Users\\vinad\\OneDrive\\Documentos\\Curitiba 360\\dataconnect: The system cannot find the file specified.\n"}}
[debug] [2026-07-20T19:01:31.451Z] E0720 16:01:31.450369   36444 watch.go:40] Failed to load config from "c:\\Users\\vinad\\OneDrive\\Documentos\\Curitiba 360\\dataconnect": could not find dataconnect.yaml in `c:\Users\vinad\OneDrive\Documentos\Curitiba 360\dataconnect`
 {"metadata":{"emulator":{"name":"dataconnect"},"message":"E0720 16:01:31.450369   36444 watch.go:40] Failed to load config from \"c:\\\\Users\\\\vinad\\\\OneDrive\\\\Documentos\\\\Curitiba 360\\\\dataconnect\": could not find dataconnect.yaml in `c:\\Users\\vinad\\OneDrive\\Documentos\\Curitiba 360\\dataconnect`\n"}}
[debug] [2026-07-20T19:01:41.451Z] E0720 16:01:41.450967   36444 watch.go:40] Failed to load config from "c:\\Users\\vinad\\OneDrive\\Documentos\\Curitiba 360\\dataconnect": could not find dataconnect.yaml in `c:\Users\vinad\OneDrive\Documentos\Curitiba 360\dataconnect`
 {"metadata":{"emulator":{"name":"dataconnect"},"message":"E0720 16:01:41.450967   36444 watch.go:40] Failed to load config from \"c:\\\\Users\\\\vinad\\\\OneDrive\\\\Documentos\\\\Curitiba 360\\\\dataconnect\": could not find dataconnect.yaml in `c:\\Users\\vinad\\OneDrive\\Documentos\\Curitiba 360\\dataconnect`\n"}}
[debug] [2026-07-20T19:01:51.450Z] E0720 16:01:51.450438   36444 watch.go:40] Failed to load config from "c:\\Users\\vinad\\OneDrive\\Documentos\\Curitiba 360\\dataconnect": could not find dataconnect.yaml in `c:\Users\vinad\OneDrive\Documentos\Curitiba 360\dataconnect`
 {"metadata":{"emulator":{"name":"dataconnect"},"message":"E0720 16:01:51.450438   36444 watch.go:40] Failed to load config from \"c:\\\\Users\\\\vinad\\\\OneDrive\\\\Documentos\\\\Curitiba 360\\\\dataconnect\": could not find dataconnect.yaml in `c:\\Users\\vinad\\OneDrive\\Documentos\\Curitiba 360\\dataconnect`\n"}}
[debug] [2026-07-20T19:02:01.450Z] E0720 16:02:01.450612   36444 watch.go:40] Failed to load config from "c:\\Users\\vinad\\OneDrive\\Documentos\\Curitiba 360\\dataconnect": could not find dataconnect.yaml in `c:\Users\vinad\OneDrive\Documentos\Curitiba 360\dataconnect`
 {"metadata":{"emulator":{"name":"dataconnect"},"message":"E0720 16:02:01.450612   36444 watch.go:40] Failed to load config from \"c:\\\\Users\\\\vinad\\\\OneDrive\\\\Documentos\\\\Curitiba 360\\\\dataconnect\": could not find dataconnect.yaml in `c:\\Users\\vinad\\OneDrive\\Documentos\\Curitiba 360\\dataconnect`\n"}}
[debug] [2026-07-20T19:02:11.451Z] E0720 16:02:11.450817   36444 watch.go:40] Failed to load config from "c:\\Users\\vinad\\OneDrive\\Documentos\\Curitiba 360\\dataconnect": could not find dataconnect.yaml in `c:\Users\vinad\OneDrive\Documentos\Curitiba 360\dataconnect`
 {"metadata":{"emulator":{"name":"dataconnect"},"message":"E0720 16:02:11.450817   36444 watch.go:40] Failed to load config from \"c:\\\\Users\\\\vinad\\\\OneDrive\\\\Documentos\\\\Curitiba 360\\\\dataconnect\": could not find dataconnect.yaml in `c:\\Users\\vinad\\OneDrive\\Documentos\\Curitiba 360\\dataconnect`\n"}}
[debug] [2026-07-20T19:02:21.452Z] E0720 16:02:21.452833   36444 watch.go:40] Failed to load config from "c:\\Users\\vinad\\OneDrive\\Documentos\\Curitiba 360\\dataconnect": could not find dataconnect.yaml in `c:\Users\vinad\OneDrive\Documentos\Curitiba 360\dataconnect`
 {"metadata":{"emulator":{"name":"dataconnect"},"message":"E0720 16:02:21.452833   36444 watch.go:40] Failed to load config from \"c:\\\\Users\\\\vinad\\\\OneDrive\\\\Documentos\\\\Curitiba 360\\\\dataconnect\": could not find dataconnect.yaml in `c:\\Users\\vinad\\OneDrive\\Documentos\\Curitiba 360\\dataconnect`\n"}}
[debug] [2026-07-20T19:02:31.450Z] E0720 16:02:31.450449   36444 watch.go:116] watchAllDir unable to walk dir `c:\Users\vinad\OneDrive\Documentos\Curitiba 360\dataconnect`: GetFileAttributesEx c:\Users\vinad\OneDrive\Documentos\Curitiba 360\dataconnect: The system cannot find the file specified.
 {"metadata":{"emulator":{"name":"dataconnect"},"message":"E0720 16:02:31.450449   36444 watch.go:116] watchAllDir unable to walk dir `c:\\Users\\vinad\\OneDrive\\Documentos\\Curitiba 360\\dataconnect`: GetFileAttributesEx c:\\Users\\vinad\\OneDrive\\Documentos\\Curitiba 360\\dataconnect: The system cannot find the file specified.\n"}}
[debug] [2026-07-20T19:02:31.451Z] E0720 16:02:31.450449   36444 watch.go:40] Failed to load config from "c:\\Users\\vinad\\OneDrive\\Documentos\\Curitiba 360\\dataconnect": could not find dataconnect.yaml in `c:\Users\vinad\OneDrive\Documentos\Curitiba 360\dataconnect`
 {"metadata":{"emulator":{"name":"dataconnect"},"message":"E0720 16:02:31.450449   36444 watch.go:40] Failed to load config from \"c:\\\\Users\\\\vinad\\\\OneDrive\\\\Documentos\\\\Curitiba 360\\\\dataconnect\": could not find dataconnect.yaml in `c:\\Users\\vinad\\OneDrive\\Documentos\\Curitiba 360\\dataconnect`\n"}}
[debug] [2026-07-20T19:02:41.450Z] E0720 16:02:41.450371   36444 watch.go:40] Failed to load config from "c:\\Users\\vinad\\OneDrive\\Documentos\\Curitiba 360\\dataconnect": could not find dataconnect.yaml in `c:\Users\vinad\OneDrive\Documentos\Curitiba 360\dataconnect`
 {"metadata":{"emulator":{"name":"dataconnect"},"message":"E0720 16:02:41.450371   36444 watch.go:40] Failed to load config from \"c:\\\\Users\\\\vinad\\\\OneDrive\\\\Documentos\\\\Curitiba 360\\\\dataconnect\": could not find dataconnect.yaml in `c:\\Users\\vinad\\OneDrive\\Documentos\\Curitiba 360\\dataconnect`\n"}}
[debug] [2026-07-20T19:02:51.450Z] E0720 16:02:51.450397   36444 watch.go:40] Failed to load config from "c:\\Users\\vinad\\OneDrive\\Documentos\\Curitiba 360\\dataconnect": could not find dataconnect.yaml in `c:\Users\vinad\OneDrive\Documentos\Curitiba 360\dataconnect`
 {"metadata":{"emulator":{"name":"dataconnect"},"message":"E0720 16:02:51.450397   36444 watch.go:40] Failed to load config from \"c:\\\\Users\\\\vinad\\\\OneDrive\\\\Documentos\\\\Curitiba 360\\\\dataconnect\": could not find dataconnect.yaml in `c:\\Users\\vinad\\OneDrive\\Documentos\\Curitiba 360\\dataconnect`\n"}}
[debug] [2026-07-20T19:03:01.450Z] E0720 16:03:01.450388   36444 watch.go:40] Failed to load config from "c:\\Users\\vinad\\OneDrive\\Documentos\\Curitiba 360\\dataconnect": could not find dataconnect.yaml in `c:\Users\vinad\OneDrive\Documentos\Curitiba 360\dataconnect`
 {"metadata":{"emulator":{"name":"dataconnect"},"message":"E0720 16:03:01.450388   36444 watch.go:40] Failed to load config from \"c:\\\\Users\\\\vinad\\\\OneDrive\\\\Documentos\\\\Curitiba 360\\\\dataconnect\": could not find dataconnect.yaml in `c:\\Users\\vinad\\OneDrive\\Documentos\\Curitiba 360\\dataconnect`\n"}}
[debug] [2026-07-20T19:03:11.450Z] E0720 16:03:11.450480   36444 watch.go:40] Failed to load config from "c:\\Users\\vinad\\OneDrive\\Documentos\\Curitiba 360\\dataconnect": could not find dataconnect.yaml in `c:\Users\vinad\OneDrive\Documentos\Curitiba 360\dataconnect`
 {"metadata":{"emulator":{"name":"dataconnect"},"message":"E0720 16:03:11.450480   36444 watch.go:40] Failed to load config from \"c:\\\\Users\\\\vinad\\\\OneDrive\\\\Documentos\\\\Curitiba 360\\\\dataconnect\": could not find dataconnect.yaml in `c:\\Users\\vinad\\OneDrive\\Documentos\\Curitiba 360\\dataconnect`\n"}}
[debug] [2026-07-20T19:03:21.450Z] E0720 16:03:21.450363   36444 watch.go:40] Failed to load config from "c:\\Users\\vinad\\OneDrive\\Documentos\\Curitiba 360\\dataconnect": could not find dataconnect.yaml in `c:\Users\vinad\OneDrive\Documentos\Curitiba 360\dataconnect`
 {"metadata":{"emulator":{"name":"dataconnect"},"message":"E0720 16:03:21.450363   36444 watch.go:40] Failed to load config from \"c:\\\\Users\\\\vinad\\\\OneDrive\\\\Documentos\\\\Curitiba 360\\\\dataconnect\": could not find dataconnect.yaml in `c:\\Users\\vinad\\OneDrive\\Documentos\\Curitiba 360\\dataconnect`\n"}}
[debug] [2026-07-20T19:03:31.450Z] E0720 16:03:31.450408   36444 watch.go:116] watchAllDir unable to walk dir `c:\Users\vinad\OneDrive\Documentos\Curitiba 360\dataconnect`: GetFileAttributesEx c:\Users\vinad\OneDrive\Documentos\Curitiba 360\dataconnect: The system cannot find the file specified.
 {"metadata":{"emulator":{"name":"dataconnect"},"message":"E0720 16:03:31.450408   36444 watch.go:116] watchAllDir unable to walk dir `c:\\Users\\vinad\\OneDrive\\Documentos\\Curitiba 360\\dataconnect`: GetFileAttributesEx c:\\Users\\vinad\\OneDrive\\Documentos\\Curitiba 360\\dataconnect: The system cannot find the file specified.\n"}}
[debug] [2026-07-20T19:03:31.451Z] E0720 16:03:31.450408   36444 watch.go:40] Failed to load config from "c:\\Users\\vinad\\OneDrive\\Documentos\\Curitiba 360\\dataconnect": could not find dataconnect.yaml in `c:\Users\vinad\OneDrive\Documentos\Curitiba 360\dataconnect`
 {"metadata":{"emulator":{"name":"dataconnect"},"message":"E0720 16:03:31.450408   36444 watch.go:40] Failed to load config from \"c:\\\\Users\\\\vinad\\\\OneDrive\\\\Documentos\\\\Curitiba 360\\\\dataconnect\": could not find dataconnect.yaml in `c:\\Users\\vinad\\OneDrive\\Documentos\\Curitiba 360\\dataconnect`\n"}}
[debug] [2026-07-20T19:03:41.450Z] E0720 16:03:41.450554   36444 watch.go:40] Failed to load config from "c:\\Users\\vinad\\OneDrive\\Documentos\\Curitiba 360\\dataconnect": could not find dataconnect.yaml in `c:\Users\vinad\OneDrive\Documentos\Curitiba 360\dataconnect`
 {"metadata":{"emulator":{"name":"dataconnect"},"message":"E0720 16:03:41.450554   36444 watch.go:40] Failed to load config from \"c:\\\\Users\\\\vinad\\\\OneDrive\\\\Documentos\\\\Curitiba 360\\\\dataconnect\": could not find dataconnect.yaml in `c:\\Users\\vinad\\OneDrive\\Documentos\\Curitiba 360\\dataconnect`\n"}}
[debug] [2026-07-20T19:03:51.450Z] E0720 16:03:51.450676   36444 watch.go:40] Failed to load config from "c:\\Users\\vinad\\OneDrive\\Documentos\\Curitiba 360\\dataconnect": could not find dataconnect.yaml in `c:\Users\vinad\OneDrive\Documentos\Curitiba 360\dataconnect`
 {"metadata":{"emulator":{"name":"dataconnect"},"message":"E0720 16:03:51.450676   36444 watch.go:40] Failed to load config from \"c:\\\\Users\\\\vinad\\\\OneDrive\\\\Documentos\\\\Curitiba 360\\\\dataconnect\": could not find dataconnect.yaml in `c:\\Users\\vinad\\OneDrive\\Documentos\\Curitiba 360\\dataconnect`\n"}}
[debug] [2026-07-20T19:04:01.450Z] E0720 16:04:01.450657   36444 watch.go:40] Failed to load config from "c:\\Users\\vinad\\OneDrive\\Documentos\\Curitiba 360\\dataconnect": could not find dataconnect.yaml in `c:\Users\vinad\OneDrive\Documentos\Curitiba 360\dataconnect`
 {"metadata":{"emulator":{"name":"dataconnect"},"message":"E0720 16:04:01.450657   36444 watch.go:40] Failed to load config from \"c:\\\\Users\\\\vinad\\\\OneDrive\\\\Documentos\\\\Curitiba 360\\\\dataconnect\": could not find dataconnect.yaml in `c:\\Users\\vinad\\OneDrive\\Documentos\\Curitiba 360\\dataconnect`\n"}}
[debug] [2026-07-20T19:04:11.451Z] E0720 16:04:11.450806   36444 watch.go:40] Failed to load config from "c:\\Users\\vinad\\OneDrive\\Documentos\\Curitiba 360\\dataconnect": could not find dataconnect.yaml in `c:\Users\vinad\OneDrive\Documentos\Curitiba 360\dataconnect`
 {"metadata":{"emulator":{"name":"dataconnect"},"message":"E0720 16:04:11.450806   36444 watch.go:40] Failed to load config from \"c:\\\\Users\\\\vinad\\\\OneDrive\\\\Documentos\\\\Curitiba 360\\\\dataconnect\": could not find dataconnect.yaml in `c:\\Users\\vinad\\OneDrive\\Documentos\\Curitiba 360\\dataconnect`\n"}}
[debug] [2026-07-20T19:04:21.450Z] E0720 16:04:21.450656   36444 watch.go:40] Failed to load config from "c:\\Users\\vinad\\OneDrive\\Documentos\\Curitiba 360\\dataconnect": could not find dataconnect.yaml in `c:\Users\vinad\OneDrive\Documentos\Curitiba 360\dataconnect`
 {"metadata":{"emulator":{"name":"dataconnect"},"message":"E0720 16:04:21.450656   36444 watch.go:40] Failed to load config from \"c:\\\\Users\\\\vinad\\\\OneDrive\\\\Documentos\\\\Curitiba 360\\\\dataconnect\": could not find dataconnect.yaml in `c:\\Users\\vinad\\OneDrive\\Documentos\\Curitiba 360\\dataconnect`\n"}}
[debug] [2026-07-20T19:04:31.451Z] E0720 16:04:31.450961   36444 watch.go:116] watchAllDir unable to walk dir `c:\Users\vinad\OneDrive\Documentos\Curitiba 360\dataconnect`: GetFileAttributesEx c:\Users\vinad\OneDrive\Documentos\Curitiba 360\dataconnect: The system cannot find the file specified.
 {"metadata":{"emulator":{"name":"dataconnect"},"message":"E0720 16:04:31.450961   36444 watch.go:116] watchAllDir unable to walk dir `c:\\Users\\vinad\\OneDrive\\Documentos\\Curitiba 360\\dataconnect`: GetFileAttributesEx c:\\Users\\vinad\\OneDrive\\Documentos\\Curitiba 360\\dataconnect: The system cannot find the file specified.\n"}}
[debug] [2026-07-20T19:04:31.451Z] E0720 16:04:31.450961   36444 watch.go:40] Failed to load config from "c:\\Users\\vinad\\OneDrive\\Documentos\\Curitiba 360\\dataconnect": could not find dataconnect.yaml in `c:\Users\vinad\OneDrive\Documentos\Curitiba 360\dataconnect`
 {"metadata":{"emulator":{"name":"dataconnect"},"message":"E0720 16:04:31.450961   36444 watch.go:40] Failed to load config from \"c:\\\\Users\\\\vinad\\\\OneDrive\\\\Documentos\\\\Curitiba 360\\\\dataconnect\": could not find dataconnect.yaml in `c:\\Users\\vinad\\OneDrive\\Documentos\\Curitiba 360\\dataconnect`\n"}}
[debug] [2026-07-20T19:04:41.450Z] E0720 16:04:41.450366   36444 watch.go:40] Failed to load config from "c:\\Users\\vinad\\OneDrive\\Documentos\\Curitiba 360\\dataconnect": could not find dataconnect.yaml in `c:\Users\vinad\OneDrive\Documentos\Curitiba 360\dataconnect`
 {"metadata":{"emulator":{"name":"dataconnect"},"message":"E0720 16:04:41.450366   36444 watch.go:40] Failed to load config from \"c:\\\\Users\\\\vinad\\\\OneDrive\\\\Documentos\\\\Curitiba 360\\\\dataconnect\": could not find dataconnect.yaml in `c:\\Users\\vinad\\OneDrive\\Documentos\\Curitiba 360\\dataconnect`\n"}}
[debug] [2026-07-20T19:04:51.451Z] E0720 16:04:51.450828   36444 watch.go:40] Failed to load config from "c:\\Users\\vinad\\OneDrive\\Documentos\\Curitiba 360\\dataconnect": could not find dataconnect.yaml in `c:\Users\vinad\OneDrive\Documentos\Curitiba 360\dataconnect`
 {"metadata":{"emulator":{"name":"dataconnect"},"message":"E0720 16:04:51.450828   36444 watch.go:40] Failed to load config from \"c:\\\\Users\\\\vinad\\\\OneDrive\\\\Documentos\\\\Curitiba 360\\\\dataconnect\": could not find dataconnect.yaml in `c:\\Users\\vinad\\OneDrive\\Documentos\\Curitiba 360\\dataconnect`\n"}}
[debug] [2026-07-20T19:05:01.451Z] E0720 16:05:01.450767   36444 watch.go:40] Failed to load config from "c:\\Users\\vinad\\OneDrive\\Documentos\\Curitiba 360\\dataconnect": could not find dataconnect.yaml in `c:\Users\vinad\OneDrive\Documentos\Curitiba 360\dataconnect`
 {"metadata":{"emulator":{"name":"dataconnect"},"message":"E0720 16:05:01.450767   36444 watch.go:40] Failed to load config from \"c:\\\\Users\\\\vinad\\\\OneDrive\\\\Documentos\\\\Curitiba 360\\\\dataconnect\": could not find dataconnect.yaml in `c:\\Users\\vinad\\OneDrive\\Documentos\\Curitiba 360\\dataconnect`\n"}}
[debug] [2026-07-20T19:05:11.451Z] E0720 16:05:11.450632   36444 watch.go:40] Failed to load config from "c:\\Users\\vinad\\OneDrive\\Documentos\\Curitiba 360\\dataconnect": could not find dataconnect.yaml in `c:\Users\vinad\OneDrive\Documentos\Curitiba 360\dataconnect`
 {"metadata":{"emulator":{"name":"dataconnect"},"message":"E0720 16:05:11.450632   36444 watch.go:40] Failed to load config from \"c:\\\\Users\\\\vinad\\\\OneDrive\\\\Documentos\\\\Curitiba 360\\\\dataconnect\": could not find dataconnect.yaml in `c:\\Users\\vinad\\OneDrive\\Documentos\\Curitiba 360\\dataconnect`\n"}}
[debug] [2026-07-20T19:05:21.451Z] E0720 16:05:21.450810   36444 watch.go:40] Failed to load config from "c:\\Users\\vinad\\OneDrive\\Documentos\\Curitiba 360\\dataconnect": could not find dataconnect.yaml in `c:\Users\vinad\OneDrive\Documentos\Curitiba 360\dataconnect`
 {"metadata":{"emulator":{"name":"dataconnect"},"message":"E0720 16:05:21.450810   36444 watch.go:40] Failed to load config from \"c:\\\\Users\\\\vinad\\\\OneDrive\\\\Documentos\\\\Curitiba 360\\\\dataconnect\": could not find dataconnect.yaml in `c:\\Users\\vinad\\OneDrive\\Documentos\\Curitiba 360\\dataconnect`\n"}}
[debug] [2026-07-20T19:05:31.450Z] E0720 16:05:31.450415   36444 watch.go:116] watchAllDir unable to walk dir `c:\Users\vinad\OneDrive\Documentos\Curitiba 360\dataconnect`: GetFileAttributesEx c:\Users\vinad\OneDrive\Documentos\Curitiba 360\dataconnect: The system cannot find the file specified.
 {"metadata":{"emulator":{"name":"dataconnect"},"message":"E0720 16:05:31.450415   36444 watch.go:116] watchAllDir unable to walk dir `c:\\Users\\vinad\\OneDrive\\Documentos\\Curitiba 360\\dataconnect`: GetFileAttributesEx c:\\Users\\vinad\\OneDrive\\Documentos\\Curitiba 360\\dataconnect: The system cannot find the file specified.\n"}}
[debug] [2026-07-20T19:05:31.451Z] E0720 16:05:31.450415   36444 watch.go:40] Failed to load config from "c:\\Users\\vinad\\OneDrive\\Documentos\\Curitiba 360\\dataconnect": could not find dataconnect.yaml in `c:\Users\vinad\OneDrive\Documentos\Curitiba 360\dataconnect`
 {"metadata":{"emulator":{"name":"dataconnect"},"message":"E0720 16:05:31.450415   36444 watch.go:40] Failed to load config from \"c:\\\\Users\\\\vinad\\\\OneDrive\\\\Documentos\\\\Curitiba 360\\\\dataconnect\": could not find dataconnect.yaml in `c:\\Users\\vinad\\OneDrive\\Documentos\\Curitiba 360\\dataconnect`\n"}}
[debug] [2026-07-20T19:05:41.450Z] E0720 16:05:41.450642   36444 watch.go:40] Failed to load config from "c:\\Users\\vinad\\OneDrive\\Documentos\\Curitiba 360\\dataconnect": could not find dataconnect.yaml in `c:\Users\vinad\OneDrive\Documentos\Curitiba 360\dataconnect`
 {"metadata":{"emulator":{"name":"dataconnect"},"message":"E0720 16:05:41.450642   36444 watch.go:40] Failed to load config from \"c:\\\\Users\\\\vinad\\\\OneDrive\\\\Documentos\\\\Curitiba 360\\\\dataconnect\": could not find dataconnect.yaml in `c:\\Users\\vinad\\OneDrive\\Documentos\\Curitiba 360\\dataconnect`\n"}}
[debug] [2026-07-20T19:05:51.450Z] E0720 16:05:51.450482   36444 watch.go:40] Failed to load config from "c:\\Users\\vinad\\OneDrive\\Documentos\\Curitiba 360\\dataconnect": could not find dataconnect.yaml in `c:\Users\vinad\OneDrive\Documentos\Curitiba 360\dataconnect`
 {"metadata":{"emulator":{"name":"dataconnect"},"message":"E0720 16:05:51.450482   36444 watch.go:40] Failed to load config from \"c:\\\\Users\\\\vinad\\\\OneDrive\\\\Documentos\\\\Curitiba 360\\\\dataconnect\": could not find dataconnect.yaml in `c:\\Users\\vinad\\OneDrive\\Documentos\\Curitiba 360\\dataconnect`\n"}}
[debug] [2026-07-20T19:06:01.450Z] E0720 16:06:01.450471   36444 watch.go:40] Failed to load config from "c:\\Users\\vinad\\OneDrive\\Documentos\\Curitiba 360\\dataconnect": could not find dataconnect.yaml in `c:\Users\vinad\OneDrive\Documentos\Curitiba 360\dataconnect`
 {"metadata":{"emulator":{"name":"dataconnect"},"message":"E0720 16:06:01.450471   36444 watch.go:40] Failed to load config from \"c:\\\\Users\\\\vinad\\\\OneDrive\\\\Documentos\\\\Curitiba 360\\\\dataconnect\": could not find dataconnect.yaml in `c:\\Users\\vinad\\OneDrive\\Documentos\\Curitiba 360\\dataconnect`\n"}}
[debug] [2026-07-20T19:06:11.450Z] E0720 16:06:11.450388   36444 watch.go:40] Failed to load config from "c:\\Users\\vinad\\OneDrive\\Documentos\\Curitiba 360\\dataconnect": could not find dataconnect.yaml in `c:\Users\vinad\OneDrive\Documentos\Curitiba 360\dataconnect`
 {"metadata":{"emulator":{"name":"dataconnect"},"message":"E0720 16:06:11.450388   36444 watch.go:40] Failed to load config from \"c:\\\\Users\\\\vinad\\\\OneDrive\\\\Documentos\\\\Curitiba 360\\\\dataconnect\": could not find dataconnect.yaml in `c:\\Users\\vinad\\OneDrive\\Documentos\\Curitiba 360\\dataconnect`\n"}}
[debug] [2026-07-20T19:06:21.450Z] E0720 16:06:21.450329   36444 watch.go:40] Failed to load config from "c:\\Users\\vinad\\OneDrive\\Documentos\\Curitiba 360\\dataconnect": could not find dataconnect.yaml in `c:\Users\vinad\OneDrive\Documentos\Curitiba 360\dataconnect`
 {"metadata":{"emulator":{"name":"dataconnect"},"message":"E0720 16:06:21.450329   36444 watch.go:40] Failed to load config from \"c:\\\\Users\\\\vinad\\\\OneDrive\\\\Documentos\\\\Curitiba 360\\\\dataconnect\": could not find dataconnect.yaml in `c:\\Users\\vinad\\OneDrive\\Documentos\\Curitiba 360\\dataconnect`\n"}}
[debug] [2026-07-20T19:06:31.452Z] E0720 16:06:31.451174   36444 watch.go:40] Failed to load config from "c:\\Users\\vinad\\OneDrive\\Documentos\\Curitiba 360\\dataconnect": could not find dataconnect.yaml in `c:\Users\vinad\OneDrive\Documentos\Curitiba 360\dataconnect`
 {"metadata":{"emulator":{"name":"dataconnect"},"message":"E0720 16:06:31.451174   36444 watch.go:40] Failed to load config from \"c:\\\\Users\\\\vinad\\\\OneDrive\\\\Documentos\\\\Curitiba 360\\\\dataconnect\": could not find dataconnect.yaml in `c:\\Users\\vinad\\OneDrive\\Documentos\\Curitiba 360\\dataconnect`\n"}}
[debug] [2026-07-20T19:06:31.453Z] E0720 16:06:31.452740   36444 watch.go:116] watchAllDir unable to walk dir `c:\Users\vinad\OneDrive\Documentos\Curitiba 360\dataconnect`: GetFileAttributesEx c:\Users\vinad\OneDrive\Documentos\Curitiba 360\dataconnect: The system cannot find the file specified.
 {"metadata":{"emulator":{"name":"dataconnect"},"message":"E0720 16:06:31.452740   36444 watch.go:116] watchAllDir unable to walk dir `c:\\Users\\vinad\\OneDrive\\Documentos\\Curitiba 360\\dataconnect`: GetFileAttributesEx c:\\Users\\vinad\\OneDrive\\Documentos\\Curitiba 360\\dataconnect: The system cannot find the file specified.\n"}}
[debug] [2026-07-20T19:06:41.450Z] E0720 16:06:41.450558   36444 watch.go:40] Failed to load config from "c:\\Users\\vinad\\OneDrive\\Documentos\\Curitiba 360\\dataconnect": could not find dataconnect.yaml in `c:\Users\vinad\OneDrive\Documentos\Curitiba 360\dataconnect`
 {"metadata":{"emulator":{"name":"dataconnect"},"message":"E0720 16:06:41.450558   36444 watch.go:40] Failed to load config from \"c:\\\\Users\\\\vinad\\\\OneDrive\\\\Documentos\\\\Curitiba 360\\\\dataconnect\": could not find dataconnect.yaml in `c:\\Users\\vinad\\OneDrive\\Documentos\\Curitiba 360\\dataconnect`\n"}}
[debug] [2026-07-20T19:06:51.450Z] E0720 16:06:51.450745   36444 watch.go:40] Failed to load config from "c:\\Users\\vinad\\OneDrive\\Documentos\\Curitiba 360\\dataconnect": could not find dataconnect.yaml in `c:\Users\vinad\OneDrive\Documentos\Curitiba 360\dataconnect`
 {"metadata":{"emulator":{"name":"dataconnect"},"message":"E0720 16:06:51.450745   36444 watch.go:40] Failed to load config from \"c:\\\\Users\\\\vinad\\\\OneDrive\\\\Documentos\\\\Curitiba 360\\\\dataconnect\": could not find dataconnect.yaml in `c:\\Users\\vinad\\OneDrive\\Documentos\\Curitiba 360\\dataconnect`\n"}}
[debug] [2026-07-20T19:07:01.451Z] E0720 16:07:01.450803   36444 watch.go:40] Failed to load config from "c:\\Users\\vinad\\OneDrive\\Documentos\\Curitiba 360\\dataconnect": could not find dataconnect.yaml in `c:\Users\vinad\OneDrive\Documentos\Curitiba 360\dataconnect`
 {"metadata":{"emulator":{"name":"dataconnect"},"message":"E0720 16:07:01.450803   36444 watch.go:40] Failed to load config from \"c:\\\\Users\\\\vinad\\\\OneDrive\\\\Documentos\\\\Curitiba 360\\\\dataconnect\": could not find dataconnect.yaml in `c:\\Users\\vinad\\OneDrive\\Documentos\\Curitiba 360\\dataconnect`\n"}}
[debug] [2026-07-20T19:07:11.450Z] E0720 16:07:11.450548   36444 watch.go:40] Failed to load config from "c:\\Users\\vinad\\OneDrive\\Documentos\\Curitiba 360\\dataconnect": could not find dataconnect.yaml in `c:\Users\vinad\OneDrive\Documentos\Curitiba 360\dataconnect`
 {"metadata":{"emulator":{"name":"dataconnect"},"message":"E0720 16:07:11.450548   36444 watch.go:40] Failed to load config from \"c:\\\\Users\\\\vinad\\\\OneDrive\\\\Documentos\\\\Curitiba 360\\\\dataconnect\": could not find dataconnect.yaml in `c:\\Users\\vinad\\OneDrive\\Documentos\\Curitiba 360\\dataconnect`\n"}}
[debug] [2026-07-20T19:07:21.451Z] E0720 16:07:21.450773   36444 watch.go:40] Failed to load config from "c:\\Users\\vinad\\OneDrive\\Documentos\\Curitiba 360\\dataconnect": could not find dataconnect.yaml in `c:\Users\vinad\OneDrive\Documentos\Curitiba 360\dataconnect`
 {"metadata":{"emulator":{"name":"dataconnect"},"message":"E0720 16:07:21.450773   36444 watch.go:40] Failed to load config from \"c:\\\\Users\\\\vinad\\\\OneDrive\\\\Documentos\\\\Curitiba 360\\\\dataconnect\": could not find dataconnect.yaml in `c:\\Users\\vinad\\OneDrive\\Documentos\\Curitiba 360\\dataconnect`\n"}}
[debug] [2026-07-20T19:07:31.450Z] E0720 16:07:31.450546   36444 watch.go:116] watchAllDir unable to walk dir `c:\Users\vinad\OneDrive\Documentos\Curitiba 360\dataconnect`: GetFileAttributesEx c:\Users\vinad\OneDrive\Documentos\Curitiba 360\dataconnect: The system cannot find the file specified.
 {"metadata":{"emulator":{"name":"dataconnect"},"message":"E0720 16:07:31.450546   36444 watch.go:116] watchAllDir unable to walk dir `c:\\Users\\vinad\\OneDrive\\Documentos\\Curitiba 360\\dataconnect`: GetFileAttributesEx c:\\Users\\vinad\\OneDrive\\Documentos\\Curitiba 360\\dataconnect: The system cannot find the file specified.\n"}}
[debug] [2026-07-20T19:07:31.451Z] E0720 16:07:31.450546   36444 watch.go:40] Failed to load config from "c:\\Users\\vinad\\OneDrive\\Documentos\\Curitiba 360\\dataconnect": could not find dataconnect.yaml in `c:\Users\vinad\OneDrive\Documentos\Curitiba 360\dataconnect`
 {"metadata":{"emulator":{"name":"dataconnect"},"message":"E0720 16:07:31.450546   36444 watch.go:40] Failed to load config from \"c:\\\\Users\\\\vinad\\\\OneDrive\\\\Documentos\\\\Curitiba 360\\\\dataconnect\": could not find dataconnect.yaml in `c:\\Users\\vinad\\OneDrive\\Documentos\\Curitiba 360\\dataconnect`\n"}}
[debug] [2026-07-20T19:07:41.450Z] E0720 16:07:41.450731   36444 watch.go:40] Failed to load config from "c:\\Users\\vinad\\OneDrive\\Documentos\\Curitiba 360\\dataconnect": could not find dataconnect.yaml in `c:\Users\vinad\OneDrive\Documentos\Curitiba 360\dataconnect`
 {"metadata":{"emulator":{"name":"dataconnect"},"message":"E0720 16:07:41.450731   36444 watch.go:40] Failed to load config from \"c:\\\\Users\\\\vinad\\\\OneDrive\\\\Documentos\\\\Curitiba 360\\\\dataconnect\": could not find dataconnect.yaml in `c:\\Users\\vinad\\OneDrive\\Documentos\\Curitiba 360\\dataconnect`\n"}}
[debug] [2026-07-20T19:07:51.450Z] E0720 16:07:51.450536   36444 watch.go:40] Failed to load config from "c:\\Users\\vinad\\OneDrive\\Documentos\\Curitiba 360\\dataconnect": could not find dataconnect.yaml in `c:\Users\vinad\OneDrive\Documentos\Curitiba 360\dataconnect`
 {"metadata":{"emulator":{"name":"dataconnect"},"message":"E0720 16:07:51.450536   36444 watch.go:40] Failed to load config from \"c:\\\\Users\\\\vinad\\\\OneDrive\\\\Documentos\\\\Curitiba 360\\\\dataconnect\": could not find dataconnect.yaml in `c:\\Users\\vinad\\OneDrive\\Documentos\\Curitiba 360\\dataconnect`\n"}}
[debug] [2026-07-20T19:08:01.450Z] E0720 16:08:01.450591   36444 watch.go:40] Failed to load config from "c:\\Users\\vinad\\OneDrive\\Documentos\\Curitiba 360\\dataconnect": could not find dataconnect.yaml in `c:\Users\vinad\OneDrive\Documentos\Curitiba 360\dataconnect`
 {"metadata":{"emulator":{"name":"dataconnect"},"message":"E0720 16:08:01.450591   36444 watch.go:40] Failed to load config from \"c:\\\\Users\\\\vinad\\\\OneDrive\\\\Documentos\\\\Curitiba 360\\\\dataconnect\": could not find dataconnect.yaml in `c:\\Users\\vinad\\OneDrive\\Documentos\\Curitiba 360\\dataconnect`\n"}}
[debug] [2026-07-20T19:08:11.450Z] E0720 16:08:11.450532   36444 watch.go:40] Failed to load config from "c:\\Users\\vinad\\OneDrive\\Documentos\\Curitiba 360\\dataconnect": could not find dataconnect.yaml in `c:\Users\vinad\OneDrive\Documentos\Curitiba 360\dataconnect`
 {"metadata":{"emulator":{"name":"dataconnect"},"message":"E0720 16:08:11.450532   36444 watch.go:40] Failed to load config from \"c:\\\\Users\\\\vinad\\\\OneDrive\\\\Documentos\\\\Curitiba 360\\\\dataconnect\": could not find dataconnect.yaml in `c:\\Users\\vinad\\OneDrive\\Documentos\\Curitiba 360\\dataconnect`\n"}}
[debug] [2026-07-20T19:08:21.450Z] E0720 16:08:21.450352   36444 watch.go:40] Failed to load config from "c:\\Users\\vinad\\OneDrive\\Documentos\\Curitiba 360\\dataconnect": could not find dataconnect.yaml in `c:\Users\vinad\OneDrive\Documentos\Curitiba 360\dataconnect`
 {"metadata":{"emulator":{"name":"dataconnect"},"message":"E0720 16:08:21.450352   36444 watch.go:40] Failed to load config from \"c:\\\\Users\\\\vinad\\\\OneDrive\\\\Documentos\\\\Curitiba 360\\\\dataconnect\": could not find dataconnect.yaml in `c:\\Users\\vinad\\OneDrive\\Documentos\\Curitiba 360\\dataconnect`\n"}}
[debug] [2026-07-20T19:08:31.450Z] E0720 16:08:31.450850   36444 watch.go:116] watchAllDir unable to walk dir `c:\Users\vinad\OneDrive\Documentos\Curitiba 360\dataconnect`: GetFileAttributesEx c:\Users\vinad\OneDrive\Documentos\Curitiba 360\dataconnect: The system cannot find the file specified.
 {"metadata":{"emulator":{"name":"dataconnect"},"message":"E0720 16:08:31.450850   36444 watch.go:116] watchAllDir unable to walk dir `c:\\Users\\vinad\\OneDrive\\Documentos\\Curitiba 360\\dataconnect`: GetFileAttributesEx c:\\Users\\vinad\\OneDrive\\Documentos\\Curitiba 360\\dataconnect: The system cannot find the file specified.\n"}}
[debug] [2026-07-20T19:08:31.451Z] E0720 16:08:31.450850   36444 watch.go:40] Failed to load config from "c:\\Users\\vinad\\OneDrive\\Documentos\\Curitiba 360\\dataconnect": could not find dataconnect.yaml in `c:\Users\vinad\OneDrive\Documentos\Curitiba 360\dataconnect`
 {"metadata":{"emulator":{"name":"dataconnect"},"message":"E0720 16:08:31.450850   36444 watch.go:40] Failed to load config from \"c:\\\\Users\\\\vinad\\\\OneDrive\\\\Documentos\\\\Curitiba 360\\\\dataconnect\": could not find dataconnect.yaml in `c:\\Users\\vinad\\OneDrive\\Documentos\\Curitiba 360\\dataconnect`\n"}}
[debug] [2026-07-20T19:08:41.450Z] E0720 16:08:41.450447   36444 watch.go:40] Failed to load config from "c:\\Users\\vinad\\OneDrive\\Documentos\\Curitiba 360\\dataconnect": could not find dataconnect.yaml in `c:\Users\vinad\OneDrive\Documentos\Curitiba 360\dataconnect`
 {"metadata":{"emulator":{"name":"dataconnect"},"message":"E0720 16:08:41.450447   36444 watch.go:40] Failed to load config from \"c:\\\\Users\\\\vinad\\\\OneDrive\\\\Documentos\\\\Curitiba 360\\\\dataconnect\": could not find dataconnect.yaml in `c:\\Users\\vinad\\OneDrive\\Documentos\\Curitiba 360\\dataconnect`\n"}}
[debug] [2026-07-20T19:08:51.451Z] E0720 16:08:51.450596   36444 watch.go:40] Failed to load config from "c:\\Users\\vinad\\OneDrive\\Documentos\\Curitiba 360\\dataconnect": could not find dataconnect.yaml in `c:\Users\vinad\OneDrive\Documentos\Curitiba 360\dataconnect`
 {"metadata":{"emulator":{"name":"dataconnect"},"message":"E0720 16:08:51.450596   36444 watch.go:40] Failed to load config from \"c:\\\\Users\\\\vinad\\\\OneDrive\\\\Documentos\\\\Curitiba 360\\\\dataconnect\": could not find dataconnect.yaml in `c:\\Users\\vinad\\OneDrive\\Documentos\\Curitiba 360\\dataconnect`\n"}}
[debug] [2026-07-20T19:09:01.450Z] E0720 16:09:01.450389   36444 watch.go:40] Failed to load config from "c:\\Users\\vinad\\OneDrive\\Documentos\\Curitiba 360\\dataconnect": could not find dataconnect.yaml in `c:\Users\vinad\OneDrive\Documentos\Curitiba 360\dataconnect`
 {"metadata":{"emulator":{"name":"dataconnect"},"message":"E0720 16:09:01.450389   36444 watch.go:40] Failed to load config from \"c:\\\\Users\\\\vinad\\\\OneDrive\\\\Documentos\\\\Curitiba 360\\\\dataconnect\": could not find dataconnect.yaml in `c:\\Users\\vinad\\OneDrive\\Documentos\\Curitiba 360\\dataconnect`\n"}}
[debug] [2026-07-20T19:09:11.450Z] E0720 16:09:11.450523   36444 watch.go:40] Failed to load config from "c:\\Users\\vinad\\OneDrive\\Documentos\\Curitiba 360\\dataconnect": could not find dataconnect.yaml in `c:\Users\vinad\OneDrive\Documentos\Curitiba 360\dataconnect`
 {"metadata":{"emulator":{"name":"dataconnect"},"message":"E0720 16:09:11.450523   36444 watch.go:40] Failed to load config from \"c:\\\\Users\\\\vinad\\\\OneDrive\\\\Documentos\\\\Curitiba 360\\\\dataconnect\": could not find dataconnect.yaml in `c:\\Users\\vinad\\OneDrive\\Documentos\\Curitiba 360\\dataconnect`\n"}}
[debug] [2026-07-20T19:09:21.450Z] E0720 16:09:21.450348   36444 watch.go:40] Failed to load config from "c:\\Users\\vinad\\OneDrive\\Documentos\\Curitiba 360\\dataconnect": could not find dataconnect.yaml in `c:\Users\vinad\OneDrive\Documentos\Curitiba 360\dataconnect`
 {"metadata":{"emulator":{"name":"dataconnect"},"message":"E0720 16:09:21.450348   36444 watch.go:40] Failed to load config from \"c:\\\\Users\\\\vinad\\\\OneDrive\\\\Documentos\\\\Curitiba 360\\\\dataconnect\": could not find dataconnect.yaml in `c:\\Users\\vinad\\OneDrive\\Documentos\\Curitiba 360\\dataconnect`\n"}}
[debug] [2026-07-20T19:09:31.450Z] E0720 16:09:31.450656   36444 watch.go:116] watchAllDir unable to walk dir `c:\Users\vinad\OneDrive\Documentos\Curitiba 360\dataconnect`: GetFileAttributesEx c:\Users\vinad\OneDrive\Documentos\Curitiba 360\dataconnect: The system cannot find the file specified.
 {"metadata":{"emulator":{"name":"dataconnect"},"message":"E0720 16:09:31.450656   36444 watch.go:116] watchAllDir unable to walk dir `c:\\Users\\vinad\\OneDrive\\Documentos\\Curitiba 360\\dataconnect`: GetFileAttributesEx c:\\Users\\vinad\\OneDrive\\Documentos\\Curitiba 360\\dataconnect: The system cannot find the file specified.\n"}}
[debug] [2026-07-20T19:09:31.450Z] E0720 16:09:31.450656   36444 watch.go:40] Failed to load config from "c:\\Users\\vinad\\OneDrive\\Documentos\\Curitiba 360\\dataconnect": could not find dataconnect.yaml in `c:\Users\vinad\OneDrive\Documentos\Curitiba 360\dataconnect`
 {"metadata":{"emulator":{"name":"dataconnect"},"message":"E0720 16:09:31.450656   36444 watch.go:40] Failed to load config from \"c:\\\\Users\\\\vinad\\\\OneDrive\\\\Documentos\\\\Curitiba 360\\\\dataconnect\": could not find dataconnect.yaml in `c:\\Users\\vinad\\OneDrive\\Documentos\\Curitiba 360\\dataconnect`\n"}}
[debug] [2026-07-20T19:09:41.450Z] E0720 16:09:41.450815   36444 watch.go:40] Failed to load config from "c:\\Users\\vinad\\OneDrive\\Documentos\\Curitiba 360\\dataconnect": could not find dataconnect.yaml in `c:\Users\vinad\OneDrive\Documentos\Curitiba 360\dataconnect`
 {"metadata":{"emulator":{"name":"dataconnect"},"message":"E0720 16:09:41.450815   36444 watch.go:40] Failed to load config from \"c:\\\\Users\\\\vinad\\\\OneDrive\\\\Documentos\\\\Curitiba 360\\\\dataconnect\": could not find dataconnect.yaml in `c:\\Users\\vinad\\OneDrive\\Documentos\\Curitiba 360\\dataconnect`\n"}}
[debug] [2026-07-20T19:09:51.450Z] E0720 16:09:51.450763   36444 watch.go:40] Failed to load config from "c:\\Users\\vinad\\OneDrive\\Documentos\\Curitiba 360\\dataconnect": could not find dataconnect.yaml in `c:\Users\vinad\OneDrive\Documentos\Curitiba 360\dataconnect`
 {"metadata":{"emulator":{"name":"dataconnect"},"message":"E0720 16:09:51.450763   36444 watch.go:40] Failed to load config from \"c:\\\\Users\\\\vinad\\\\OneDrive\\\\Documentos\\\\Curitiba 360\\\\dataconnect\": could not find dataconnect.yaml in `c:\\Users\\vinad\\OneDrive\\Documentos\\Curitiba 360\\dataconnect`\n"}}
[debug] [2026-07-20T19:10:01.450Z] E0720 16:10:01.450514   36444 watch.go:40] Failed to load config from "c:\\Users\\vinad\\OneDrive\\Documentos\\Curitiba 360\\dataconnect": could not find dataconnect.yaml in `c:\Users\vinad\OneDrive\Documentos\Curitiba 360\dataconnect`
 {"metadata":{"emulator":{"name":"dataconnect"},"message":"E0720 16:10:01.450514   36444 watch.go:40] Failed to load config from \"c:\\\\Users\\\\vinad\\\\OneDrive\\\\Documentos\\\\Curitiba 360\\\\dataconnect\": could not find dataconnect.yaml in `c:\\Users\\vinad\\OneDrive\\Documentos\\Curitiba 360\\dataconnect`\n"}}
[debug] [2026-07-20T19:10:11.450Z] E0720 16:10:11.450561   36444 watch.go:40] Failed to load config from "c:\\Users\\vinad\\OneDrive\\Documentos\\Curitiba 360\\dataconnect": could not find dataconnect.yaml in `c:\Users\vinad\OneDrive\Documentos\Curitiba 360\dataconnect`
 {"metadata":{"emulator":{"name":"dataconnect"},"message":"E0720 16:10:11.450561   36444 watch.go:40] Failed to load config from \"c:\\\\Users\\\\vinad\\\\OneDrive\\\\Documentos\\\\Curitiba 360\\\\dataconnect\": could not find dataconnect.yaml in `c:\\Users\\vinad\\OneDrive\\Documentos\\Curitiba 360\\dataconnect`\n"}}
[debug] [2026-07-20T19:10:21.452Z] E0720 16:10:21.452444   36444 watch.go:40] Failed to load config from "c:\\Users\\vinad\\OneDrive\\Documentos\\Curitiba 360\\dataconnect": could not find dataconnect.yaml in `c:\Users\vinad\OneDrive\Documentos\Curitiba 360\dataconnect`
 {"metadata":{"emulator":{"name":"dataconnect"},"message":"E0720 16:10:21.452444   36444 watch.go:40] Failed to load config from \"c:\\\\Users\\\\vinad\\\\OneDrive\\\\Documentos\\\\Curitiba 360\\\\dataconnect\": could not find dataconnect.yaml in `c:\\Users\\vinad\\OneDrive\\Documentos\\Curitiba 360\\dataconnect`\n"}}
[debug] [2026-07-20T19:10:31.450Z] E0720 16:10:31.450591   36444 watch.go:116] watchAllDir unable to walk dir `c:\Users\vinad\OneDrive\Documentos\Curitiba 360\dataconnect`: GetFileAttributesEx c:\Users\vinad\OneDrive\Documentos\Curitiba 360\dataconnect: The system cannot find the file specified.
 {"metadata":{"emulator":{"name":"dataconnect"},"message":"E0720 16:10:31.450591   36444 watch.go:116] watchAllDir unable to walk dir `c:\\Users\\vinad\\OneDrive\\Documentos\\Curitiba 360\\dataconnect`: GetFileAttributesEx c:\\Users\\vinad\\OneDrive\\Documentos\\Curitiba 360\\dataconnect: The system cannot find the file specified.\n"}}
[debug] [2026-07-20T19:10:31.451Z] E0720 16:10:31.450591   36444 watch.go:40] Failed to load config from "c:\\Users\\vinad\\OneDrive\\Documentos\\Curitiba 360\\dataconnect": could not find dataconnect.yaml in `c:\Users\vinad\OneDrive\Documentos\Curitiba 360\dataconnect`
 {"metadata":{"emulator":{"name":"dataconnect"},"message":"E0720 16:10:31.450591   36444 watch.go:40] Failed to load config from \"c:\\\\Users\\\\vinad\\\\OneDrive\\\\Documentos\\\\Curitiba 360\\\\dataconnect\": could not find dataconnect.yaml in `c:\\Users\\vinad\\OneDrive\\Documentos\\Curitiba 360\\dataconnect`\n"}}
[debug] [2026-07-20T19:10:41.451Z] E0720 16:10:41.450936   36444 watch.go:40] Failed to load config from "c:\\Users\\vinad\\OneDrive\\Documentos\\Curitiba 360\\dataconnect": could not find dataconnect.yaml in `c:\Users\vinad\OneDrive\Documentos\Curitiba 360\dataconnect`
 {"metadata":{"emulator":{"name":"dataconnect"},"message":"E0720 16:10:41.450936   36444 watch.go:40] Failed to load config from \"c:\\\\Users\\\\vinad\\\\OneDrive\\\\Documentos\\\\Curitiba 360\\\\dataconnect\": could not find dataconnect.yaml in `c:\\Users\\vinad\\OneDrive\\Documentos\\Curitiba 360\\dataconnect`\n"}}
[debug] [2026-07-20T19:10:51.451Z] E0720 16:10:51.450661   36444 watch.go:40] Failed to load config from "c:\\Users\\vinad\\OneDrive\\Documentos\\Curitiba 360\\dataconnect": could not find dataconnect.yaml in `c:\Users\vinad\OneDrive\Documentos\Curitiba 360\dataconnect`
 {"metadata":{"emulator":{"name":"dataconnect"},"message":"E0720 16:10:51.450661   36444 watch.go:40] Failed to load config from \"c:\\\\Users\\\\vinad\\\\OneDrive\\\\Documentos\\\\Curitiba 360\\\\dataconnect\": could not find dataconnect.yaml in `c:\\Users\\vinad\\OneDrive\\Documentos\\Curitiba 360\\dataconnect`\n"}}
[debug] [2026-07-20T19:11:01.450Z] E0720 16:11:01.450594   36444 watch.go:40] Failed to load config from "c:\\Users\\vinad\\OneDrive\\Documentos\\Curitiba 360\\dataconnect": could not find dataconnect.yaml in `c:\Users\vinad\OneDrive\Documentos\Curitiba 360\dataconnect`
 {"metadata":{"emulator":{"name":"dataconnect"},"message":"E0720 16:11:01.450594   36444 watch.go:40] Failed to load config from \"c:\\\\Users\\\\vinad\\\\OneDrive\\\\Documentos\\\\Curitiba 360\\\\dataconnect\": could not find dataconnect.yaml in `c:\\Users\\vinad\\OneDrive\\Documentos\\Curitiba 360\\dataconnect`\n"}}
[debug] [2026-07-20T19:11:11.450Z] E0720 16:11:11.450352   36444 watch.go:40] Failed to load config from "c:\\Users\\vinad\\OneDrive\\Documentos\\Curitiba 360\\dataconnect": could not find dataconnect.yaml in `c:\Users\vinad\OneDrive\Documentos\Curitiba 360\dataconnect`
 {"metadata":{"emulator":{"name":"dataconnect"},"message":"E0720 16:11:11.450352   36444 watch.go:40] Failed to load config from \"c:\\\\Users\\\\vinad\\\\OneDrive\\\\Documentos\\\\Curitiba 360\\\\dataconnect\": could not find dataconnect.yaml in `c:\\Users\\vinad\\OneDrive\\Documentos\\Curitiba 360\\dataconnect`\n"}}
[debug] [2026-07-20T19:11:21.450Z] E0720 16:11:21.450538   36444 watch.go:40] Failed to load config from "c:\\Users\\vinad\\OneDrive\\Documentos\\Curitiba 360\\dataconnect": could not find dataconnect.yaml in `c:\Users\vinad\OneDrive\Documentos\Curitiba 360\dataconnect`
 {"metadata":{"emulator":{"name":"dataconnect"},"message":"E0720 16:11:21.450538   36444 watch.go:40] Failed to load config from \"c:\\\\Users\\\\vinad\\\\OneDrive\\\\Documentos\\\\Curitiba 360\\\\dataconnect\": could not find dataconnect.yaml in `c:\\Users\\vinad\\OneDrive\\Documentos\\Curitiba 360\\dataconnect`\n"}}
[debug] [2026-07-20T19:11:31.450Z] E0720 16:11:31.450659   36444 watch.go:116] watchAllDir unable to walk dir `c:\Users\vinad\OneDrive\Documentos\Curitiba 360\dataconnect`: GetFileAttributesEx c:\Users\vinad\OneDrive\Documentos\Curitiba 360\dataconnect: The system cannot find the file specified.
 {"metadata":{"emulator":{"name":"dataconnect"},"message":"E0720 16:11:31.450659   36444 watch.go:116] watchAllDir unable to walk dir `c:\\Users\\vinad\\OneDrive\\Documentos\\Curitiba 360\\dataconnect`: GetFileAttributesEx c:\\Users\\vinad\\OneDrive\\Documentos\\Curitiba 360\\dataconnect: The system cannot find the file specified.\n"}}
[debug] [2026-07-20T19:11:31.451Z] E0720 16:11:31.450659   36444 watch.go:40] Failed to load config from "c:\\Users\\vinad\\OneDrive\\Documentos\\Curitiba 360\\dataconnect": could not find dataconnect.yaml in `c:\Users\vinad\OneDrive\Documentos\Curitiba 360\dataconnect`
 {"metadata":{"emulator":{"name":"dataconnect"},"message":"E0720 16:11:31.450659   36444 watch.go:40] Failed to load config from \"c:\\\\Users\\\\vinad\\\\OneDrive\\\\Documentos\\\\Curitiba 360\\\\dataconnect\": could not find dataconnect.yaml in `c:\\Users\\vinad\\OneDrive\\Documentos\\Curitiba 360\\dataconnect`\n"}}
[debug] [2026-07-20T19:11:41.450Z] E0720 16:11:41.450485   36444 watch.go:40] Failed to load config from "c:\\Users\\vinad\\OneDrive\\Documentos\\Curitiba 360\\dataconnect": could not find dataconnect.yaml in `c:\Users\vinad\OneDrive\Documentos\Curitiba 360\dataconnect`
 {"metadata":{"emulator":{"name":"dataconnect"},"message":"E0720 16:11:41.450485   36444 watch.go:40] Failed to load config from \"c:\\\\Users\\\\vinad\\\\OneDrive\\\\Documentos\\\\Curitiba 360\\\\dataconnect\": could not find dataconnect.yaml in `c:\\Users\\vinad\\OneDrive\\Documentos\\Curitiba 360\\dataconnect`\n"}}
[debug] [2026-07-20T19:11:51.451Z] E0720 16:11:51.450833   36444 watch.go:40] Failed to load config from "c:\\Users\\vinad\\OneDrive\\Documentos\\Curitiba 360\\dataconnect": could not find dataconnect.yaml in `c:\Users\vinad\OneDrive\Documentos\Curitiba 360\dataconnect`
 {"metadata":{"emulator":{"name":"dataconnect"},"message":"E0720 16:11:51.450833   36444 watch.go:40] Failed to load config from \"c:\\\\Users\\\\vinad\\\\OneDrive\\\\Documentos\\\\Curitiba 360\\\\dataconnect\": could not find dataconnect.yaml in `c:\\Users\\vinad\\OneDrive\\Documentos\\Curitiba 360\\dataconnect`\n"}}
[debug] [2026-07-20T19:12:01.451Z] E0720 16:12:01.450750   36444 watch.go:40] Failed to load config from "c:\\Users\\vinad\\OneDrive\\Documentos\\Curitiba 360\\dataconnect": could not find dataconnect.yaml in `c:\Users\vinad\OneDrive\Documentos\Curitiba 360\dataconnect`
 {"metadata":{"emulator":{"name":"dataconnect"},"message":"E0720 16:12:01.450750   36444 watch.go:40] Failed to load config from \"c:\\\\Users\\\\vinad\\\\OneDrive\\\\Documentos\\\\Curitiba 360\\\\dataconnect\": could not find dataconnect.yaml in `c:\\Users\\vinad\\OneDrive\\Documentos\\Curitiba 360\\dataconnect`\n"}}
[debug] [2026-07-20T19:12:11.450Z] E0720 16:12:11.450708   36444 watch.go:40] Failed to load config from "c:\\Users\\vinad\\OneDrive\\Documentos\\Curitiba 360\\dataconnect": could not find dataconnect.yaml in `c:\Users\vinad\OneDrive\Documentos\Curitiba 360\dataconnect`
 {"metadata":{"emulator":{"name":"dataconnect"},"message":"E0720 16:12:11.450708   36444 watch.go:40] Failed to load config from \"c:\\\\Users\\\\vinad\\\\OneDrive\\\\Documentos\\\\Curitiba 360\\\\dataconnect\": could not find dataconnect.yaml in `c:\\Users\\vinad\\OneDrive\\Documentos\\Curitiba 360\\dataconnect`\n"}}
[debug] [2026-07-20T19:12:21.450Z] E0720 16:12:21.450492   36444 watch.go:40] Failed to load config from "c:\\Users\\vinad\\OneDrive\\Documentos\\Curitiba 360\\dataconnect": could not find dataconnect.yaml in `c:\Users\vinad\OneDrive\Documentos\Curitiba 360\dataconnect`
 {"metadata":{"emulator":{"name":"dataconnect"},"message":"E0720 16:12:21.450492   36444 watch.go:40] Failed to load config from \"c:\\\\Users\\\\vinad\\\\OneDrive\\\\Documentos\\\\Curitiba 360\\\\dataconnect\": could not find dataconnect.yaml in `c:\\Users\\vinad\\OneDrive\\Documentos\\Curitiba 360\\dataconnect`\n"}}
[debug] [2026-07-20T19:12:31.450Z] E0720 16:12:31.450482   36444 watch.go:116] watchAllDir unable to walk dir `c:\Users\vinad\OneDrive\Documentos\Curitiba 360\dataconnect`: GetFileAttributesEx c:\Users\vinad\OneDrive\Documentos\Curitiba 360\dataconnect: The system cannot find the file specified.
 {"metadata":{"emulator":{"name":"dataconnect"},"message":"E0720 16:12:31.450482   36444 watch.go:116] watchAllDir unable to walk dir `c:\\Users\\vinad\\OneDrive\\Documentos\\Curitiba 360\\dataconnect`: GetFileAttributesEx c:\\Users\\vinad\\OneDrive\\Documentos\\Curitiba 360\\dataconnect: The system cannot find the file specified.\n"}}
[debug] [2026-07-20T19:12:31.452Z] E0720 16:12:31.452609   36444 watch.go:40] Failed to load config from "c:\\Users\\vinad\\OneDrive\\Documentos\\Curitiba 360\\dataconnect": could not find dataconnect.yaml in `c:\Users\vinad\OneDrive\Documentos\Curitiba 360\dataconnect`
 {"metadata":{"emulator":{"name":"dataconnect"},"message":"E0720 16:12:31.452609   36444 watch.go:40] Failed to load config from \"c:\\\\Users\\\\vinad\\\\OneDrive\\\\Documentos\\\\Curitiba 360\\\\dataconnect\": could not find dataconnect.yaml in `c:\\Users\\vinad\\OneDrive\\Documentos\\Curitiba 360\\dataconnect`\n"}}
[debug] [2026-07-20T19:12:41.450Z] E0720 16:12:41.450428   36444 watch.go:40] Failed to load config from "c:\\Users\\vinad\\OneDrive\\Documentos\\Curitiba 360\\dataconnect": could not find dataconnect.yaml in `c:\Users\vinad\OneDrive\Documentos\Curitiba 360\dataconnect`
 {"metadata":{"emulator":{"name":"dataconnect"},"message":"E0720 16:12:41.450428   36444 watch.go:40] Failed to load config from \"c:\\\\Users\\\\vinad\\\\OneDrive\\\\Documentos\\\\Curitiba 360\\\\dataconnect\": could not find dataconnect.yaml in `c:\\Users\\vinad\\OneDrive\\Documentos\\Curitiba 360\\dataconnect`\n"}}
[debug] [2026-07-20T19:12:51.451Z] E0720 16:12:51.450629   36444 watch.go:40] Failed to load config from "c:\\Users\\vinad\\OneDrive\\Documentos\\Curitiba 360\\dataconnect": could not find dataconnect.yaml in `c:\Users\vinad\OneDrive\Documentos\Curitiba 360\dataconnect`
 {"metadata":{"emulator":{"name":"dataconnect"},"message":"E0720 16:12:51.450629   36444 watch.go:40] Failed to load config from \"c:\\\\Users\\\\vinad\\\\OneDrive\\\\Documentos\\\\Curitiba 360\\\\dataconnect\": could not find dataconnect.yaml in `c:\\Users\\vinad\\OneDrive\\Documentos\\Curitiba 360\\dataconnect`\n"}}
[debug] [2026-07-20T19:13:01.450Z] E0720 16:13:01.450589   36444 watch.go:40] Failed to load config from "c:\\Users\\vinad\\OneDrive\\Documentos\\Curitiba 360\\dataconnect": could not find dataconnect.yaml in `c:\Users\vinad\OneDrive\Documentos\Curitiba 360\dataconnect`
 {"metadata":{"emulator":{"name":"dataconnect"},"message":"E0720 16:13:01.450589   36444 watch.go:40] Failed to load config from \"c:\\\\Users\\\\vinad\\\\OneDrive\\\\Documentos\\\\Curitiba 360\\\\dataconnect\": could not find dataconnect.yaml in `c:\\Users\\vinad\\OneDrive\\Documentos\\Curitiba 360\\dataconnect`\n"}}
[debug] [2026-07-20T19:13:11.450Z] E0720 16:13:11.450547   36444 watch.go:40] Failed to load config from "c:\\Users\\vinad\\OneDrive\\Documentos\\Curitiba 360\\dataconnect": could not find dataconnect.yaml in `c:\Users\vinad\OneDrive\Documentos\Curitiba 360\dataconnect`
 {"metadata":{"emulator":{"name":"dataconnect"},"message":"E0720 16:13:11.450547   36444 watch.go:40] Failed to load config from \"c:\\\\Users\\\\vinad\\\\OneDrive\\\\Documentos\\\\Curitiba 360\\\\dataconnect\": could not find dataconnect.yaml in `c:\\Users\\vinad\\OneDrive\\Documentos\\Curitiba 360\\dataconnect`\n"}}
[debug] [2026-07-20T19:13:21.450Z] E0720 16:13:21.450362   36444 watch.go:40] Failed to load config from "c:\\Users\\vinad\\OneDrive\\Documentos\\Curitiba 360\\dataconnect": could not find dataconnect.yaml in `c:\Users\vinad\OneDrive\Documentos\Curitiba 360\dataconnect`
 {"metadata":{"emulator":{"name":"dataconnect"},"message":"E0720 16:13:21.450362   36444 watch.go:40] Failed to load config from \"c:\\\\Users\\\\vinad\\\\OneDrive\\\\Documentos\\\\Curitiba 360\\\\dataconnect\": could not find dataconnect.yaml in `c:\\Users\\vinad\\OneDrive\\Documentos\\Curitiba 360\\dataconnect`\n"}}
[debug] [2026-07-20T19:13:31.450Z] E0720 16:13:31.450505   36444 watch.go:116] watchAllDir unable to walk dir `c:\Users\vinad\OneDrive\Documentos\Curitiba 360\dataconnect`: GetFileAttributesEx c:\Users\vinad\OneDrive\Documentos\Curitiba 360\dataconnect: The system cannot find the file specified.
 {"metadata":{"emulator":{"name":"dataconnect"},"message":"E0720 16:13:31.450505   36444 watch.go:116] watchAllDir unable to walk dir `c:\\Users\\vinad\\OneDrive\\Documentos\\Curitiba 360\\dataconnect`: GetFileAttributesEx c:\\Users\\vinad\\OneDrive\\Documentos\\Curitiba 360\\dataconnect: The system cannot find the file specified.\n"}}
[debug] [2026-07-20T19:13:31.451Z] E0720 16:13:31.450505   36444 watch.go:40] Failed to load config from "c:\\Users\\vinad\\OneDrive\\Documentos\\Curitiba 360\\dataconnect": could not find dataconnect.yaml in `c:\Users\vinad\OneDrive\Documentos\Curitiba 360\dataconnect`
 {"metadata":{"emulator":{"name":"dataconnect"},"message":"E0720 16:13:31.450505   36444 watch.go:40] Failed to load config from \"c:\\\\Users\\\\vinad\\\\OneDrive\\\\Documentos\\\\Curitiba 360\\\\dataconnect\": could not find dataconnect.yaml in `c:\\Users\\vinad\\OneDrive\\Documentos\\Curitiba 360\\dataconnect`\n"}}
[debug] [2026-07-20T19:13:41.450Z] E0720 16:13:41.450439   36444 watch.go:40] Failed to load config from "c:\\Users\\vinad\\OneDrive\\Documentos\\Curitiba 360\\dataconnect": could not find dataconnect.yaml in `c:\Users\vinad\OneDrive\Documentos\Curitiba 360\dataconnect`
 {"metadata":{"emulator":{"name":"dataconnect"},"message":"E0720 16:13:41.450439   36444 watch.go:40] Failed to load config from \"c:\\\\Users\\\\vinad\\\\OneDrive\\\\Documentos\\\\Curitiba 360\\\\dataconnect\": could not find dataconnect.yaml in `c:\\Users\\vinad\\OneDrive\\Documentos\\Curitiba 360\\dataconnect`\n"}}
[debug] [2026-07-20T19:13:51.451Z] E0720 16:13:51.450624   36444 watch.go:40] Failed to load config from "c:\\Users\\vinad\\OneDrive\\Documentos\\Curitiba 360\\dataconnect": could not find dataconnect.yaml in `c:\Users\vinad\OneDrive\Documentos\Curitiba 360\dataconnect`
 {"metadata":{"emulator":{"name":"dataconnect"},"message":"E0720 16:13:51.450624   36444 watch.go:40] Failed to load config from \"c:\\\\Users\\\\vinad\\\\OneDrive\\\\Documentos\\\\Curitiba 360\\\\dataconnect\": could not find dataconnect.yaml in `c:\\Users\\vinad\\OneDrive\\Documentos\\Curitiba 360\\dataconnect`\n"}}
[debug] [2026-07-20T19:14:01.451Z] E0720 16:14:01.451045   36444 watch.go:40] Failed to load config from "c:\\Users\\vinad\\OneDrive\\Documentos\\Curitiba 360\\dataconnect": could not find dataconnect.yaml in `c:\Users\vinad\OneDrive\Documentos\Curitiba 360\dataconnect`
 {"metadata":{"emulator":{"name":"dataconnect"},"message":"E0720 16:14:01.451045   36444 watch.go:40] Failed to load config from \"c:\\\\Users\\\\vinad\\\\OneDrive\\\\Documentos\\\\Curitiba 360\\\\dataconnect\": could not find dataconnect.yaml in `c:\\Users\\vinad\\OneDrive\\Documentos\\Curitiba 360\\dataconnect`\n"}}
[debug] [2026-07-20T19:14:11.450Z] E0720 16:14:11.450358   36444 watch.go:40] Failed to load config from "c:\\Users\\vinad\\OneDrive\\Documentos\\Curitiba 360\\dataconnect": could not find dataconnect.yaml in `c:\Users\vinad\OneDrive\Documentos\Curitiba 360\dataconnect`
 {"metadata":{"emulator":{"name":"dataconnect"},"message":"E0720 16:14:11.450358   36444 watch.go:40] Failed to load config from \"c:\\\\Users\\\\vinad\\\\OneDrive\\\\Documentos\\\\Curitiba 360\\\\dataconnect\": could not find dataconnect.yaml in `c:\\Users\\vinad\\OneDrive\\Documentos\\Curitiba 360\\dataconnect`\n"}}
[debug] [2026-07-20T19:14:21.451Z] E0720 16:14:21.450739   36444 watch.go:40] Failed to load config from "c:\\Users\\vinad\\OneDrive\\Documentos\\Curitiba 360\\dataconnect": could not find dataconnect.yaml in `c:\Users\vinad\OneDrive\Documentos\Curitiba 360\dataconnect`
 {"metadata":{"emulator":{"name":"dataconnect"},"message":"E0720 16:14:21.450739   36444 watch.go:40] Failed to load config from \"c:\\\\Users\\\\vinad\\\\OneDrive\\\\Documentos\\\\Curitiba 360\\\\dataconnect\": could not find dataconnect.yaml in `c:\\Users\\vinad\\OneDrive\\Documentos\\Curitiba 360\\dataconnect`\n"}}
[debug] [2026-07-20T19:14:31.450Z] E0720 16:14:31.450519   36444 watch.go:116] watchAllDir unable to walk dir `c:\Users\vinad\OneDrive\Documentos\Curitiba 360\dataconnect`: GetFileAttributesEx c:\Users\vinad\OneDrive\Documentos\Curitiba 360\dataconnect: The system cannot find the file specified.
E0720 16:14:31.450519   36444 watch.go:40] Failed to load config from "c:\\Users\\vinad\\OneDrive\\Documentos\\Curitiba 360\\dataconnect": could not find dataconnect.yaml in `c:\Users\vinad\OneDrive\Documentos\Curitiba 360\dataconnect`
 {"metadata":{"emulator":{"name":"dataconnect"},"message":"E0720 16:14:31.450519   36444 watch.go:116] watchAllDir unable to walk dir `c:\\Users\\vinad\\OneDrive\\Documentos\\Curitiba 360\\dataconnect`: GetFileAttributesEx c:\\Users\\vinad\\OneDrive\\Documentos\\Curitiba 360\\dataconnect: The system cannot find the file specified.\nE0720 16:14:31.450519   36444 watch.go:40] Failed to load config from \"c:\\\\Users\\\\vinad\\\\OneDrive\\\\Documentos\\\\Curitiba 360\\\\dataconnect\": could not find dataconnect.yaml in `c:\\Users\\vinad\\OneDrive\\Documentos\\Curitiba 360\\dataconnect`\n"}}
[debug] [2026-07-20T19:14:41.451Z] E0720 16:14:41.450581   36444 watch.go:40] Failed to load config from "c:\\Users\\vinad\\OneDrive\\Documentos\\Curitiba 360\\dataconnect": could not find dataconnect.yaml in `c:\Users\vinad\OneDrive\Documentos\Curitiba 360\dataconnect`
 {"metadata":{"emulator":{"name":"dataconnect"},"message":"E0720 16:14:41.450581   36444 watch.go:40] Failed to load config from \"c:\\\\Users\\\\vinad\\\\OneDrive\\\\Documentos\\\\Curitiba 360\\\\dataconnect\": could not find dataconnect.yaml in `c:\\Users\\vinad\\OneDrive\\Documentos\\Curitiba 360\\dataconnect`\n"}}
[debug] [2026-07-20T19:14:51.451Z] E0720 16:14:51.450742   36444 watch.go:40] Failed to load config from "c:\\Users\\vinad\\OneDrive\\Documentos\\Curitiba 360\\dataconnect": could not find dataconnect.yaml in `c:\Users\vinad\OneDrive\Documentos\Curitiba 360\dataconnect`
 {"metadata":{"emulator":{"name":"dataconnect"},"message":"E0720 16:14:51.450742   36444 watch.go:40] Failed to load config from \"c:\\\\Users\\\\vinad\\\\OneDrive\\\\Documentos\\\\Curitiba 360\\\\dataconnect\": could not find dataconnect.yaml in `c:\\Users\\vinad\\OneDrive\\Documentos\\Curitiba 360\\dataconnect`\n"}}
[debug] [2026-07-20T19:15:01.453Z] E0720 16:15:01.451494   36444 watch.go:40] Failed to load config from "c:\\Users\\vinad\\OneDrive\\Documentos\\Curitiba 360\\dataconnect": could not find dataconnect.yaml in `c:\Users\vinad\OneDrive\Documentos\Curitiba 360\dataconnect`
 {"metadata":{"emulator":{"name":"dataconnect"},"message":"E0720 16:15:01.451494   36444 watch.go:40] Failed to load config from \"c:\\\\Users\\\\vinad\\\\OneDrive\\\\Documentos\\\\Curitiba 360\\\\dataconnect\": could not find dataconnect.yaml in `c:\\Users\\vinad\\OneDrive\\Documentos\\Curitiba 360\\dataconnect`\n"}}
[debug] [2026-07-20T19:15:11.450Z] E0720 16:15:11.450612   36444 watch.go:40] Failed to load config from "c:\\Users\\vinad\\OneDrive\\Documentos\\Curitiba 360\\dataconnect": could not find dataconnect.yaml in `c:\Users\vinad\OneDrive\Documentos\Curitiba 360\dataconnect`
 {"metadata":{"emulator":{"name":"dataconnect"},"message":"E0720 16:15:11.450612   36444 watch.go:40] Failed to load config from \"c:\\\\Users\\\\vinad\\\\OneDrive\\\\Documentos\\\\Curitiba 360\\\\dataconnect\": could not find dataconnect.yaml in `c:\\Users\\vinad\\OneDrive\\Documentos\\Curitiba 360\\dataconnect`\n"}}
[debug] [2026-07-20T19:15:21.450Z] E0720 16:15:21.450317   36444 watch.go:40] Failed to load config from "c:\\Users\\vinad\\OneDrive\\Documentos\\Curitiba 360\\dataconnect": could not find dataconnect.yaml in `c:\Users\vinad\OneDrive\Documentos\Curitiba 360\dataconnect`
 {"metadata":{"emulator":{"name":"dataconnect"},"message":"E0720 16:15:21.450317   36444 watch.go:40] Failed to load config from \"c:\\\\Users\\\\vinad\\\\OneDrive\\\\Documentos\\\\Curitiba 360\\\\dataconnect\": could not find dataconnect.yaml in `c:\\Users\\vinad\\OneDrive\\Documentos\\Curitiba 360\\dataconnect`\n"}}
[debug] [2026-07-20T19:15:31.450Z] E0720 16:15:31.450480   36444 watch.go:116] watchAllDir unable to walk dir `c:\Users\vinad\OneDrive\Documentos\Curitiba 360\dataconnect`: GetFileAttributesEx c:\Users\vinad\OneDrive\Documentos\Curitiba 360\dataconnect: The system cannot find the file specified.
E0720 16:15:31.450480   36444 watch.go:40] Failed to load config from "c:\\Users\\vinad\\OneDrive\\Documentos\\Curitiba 360\\dataconnect": could not find dataconnect.yaml in `c:\Users\vinad\OneDrive\Documentos\Curitiba 360\dataconnect`
 {"metadata":{"emulator":{"name":"dataconnect"},"message":"E0720 16:15:31.450480   36444 watch.go:116] watchAllDir unable to walk dir `c:\\Users\\vinad\\OneDrive\\Documentos\\Curitiba 360\\dataconnect`: GetFileAttributesEx c:\\Users\\vinad\\OneDrive\\Documentos\\Curitiba 360\\dataconnect: The system cannot find the file specified.\nE0720 16:15:31.450480   36444 watch.go:40] Failed to load config from \"c:\\\\Users\\\\vinad\\\\OneDrive\\\\Documentos\\\\Curitiba 360\\\\dataconnect\": could not find dataconnect.yaml in `c:\\Users\\vinad\\OneDrive\\Documentos\\Curitiba 360\\dataconnect`\n"}}
[debug] [2026-07-20T19:15:41.451Z] E0720 16:15:41.450764   36444 watch.go:40] Failed to load config from "c:\\Users\\vinad\\OneDrive\\Documentos\\Curitiba 360\\dataconnect": could not find dataconnect.yaml in `c:\Users\vinad\OneDrive\Documentos\Curitiba 360\dataconnect`
 {"metadata":{"emulator":{"name":"dataconnect"},"message":"E0720 16:15:41.450764   36444 watch.go:40] Failed to load config from \"c:\\\\Users\\\\vinad\\\\OneDrive\\\\Documentos\\\\Curitiba 360\\\\dataconnect\": could not find dataconnect.yaml in `c:\\Users\\vinad\\OneDrive\\Documentos\\Curitiba 360\\dataconnect`\n"}}
[debug] [2026-07-20T19:15:51.450Z] E0720 16:15:51.450477   36444 watch.go:40] Failed to load config from "c:\\Users\\vinad\\OneDrive\\Documentos\\Curitiba 360\\dataconnect": could not find dataconnect.yaml in `c:\Users\vinad\OneDrive\Documentos\Curitiba 360\dataconnect`
 {"metadata":{"emulator":{"name":"dataconnect"},"message":"E0720 16:15:51.450477   36444 watch.go:40] Failed to load config from \"c:\\\\Users\\\\vinad\\\\OneDrive\\\\Documentos\\\\Curitiba 360\\\\dataconnect\": could not find dataconnect.yaml in `c:\\Users\\vinad\\OneDrive\\Documentos\\Curitiba 360\\dataconnect`\n"}}
[debug] [2026-07-20T19:16:01.450Z] E0720 16:16:01.450481   36444 watch.go:40] Failed to load config from "c:\\Users\\vinad\\OneDrive\\Documentos\\Curitiba 360\\dataconnect": could not find dataconnect.yaml in `c:\Users\vinad\OneDrive\Documentos\Curitiba 360\dataconnect`
 {"metadata":{"emulator":{"name":"dataconnect"},"message":"E0720 16:16:01.450481   36444 watch.go:40] Failed to load config from \"c:\\\\Users\\\\vinad\\\\OneDrive\\\\Documentos\\\\Curitiba 360\\\\dataconnect\": could not find dataconnect.yaml in `c:\\Users\\vinad\\OneDrive\\Documentos\\Curitiba 360\\dataconnect`\n"}}
[debug] [2026-07-20T19:16:11.450Z] E0720 16:16:11.450741   36444 watch.go:40] Failed to load config from "c:\\Users\\vinad\\OneDrive\\Documentos\\Curitiba 360\\dataconnect": could not find dataconnect.yaml in `c:\Users\vinad\OneDrive\Documentos\Curitiba 360\dataconnect`
 {"metadata":{"emulator":{"name":"dataconnect"},"message":"E0720 16:16:11.450741   36444 watch.go:40] Failed to load config from \"c:\\\\Users\\\\vinad\\\\OneDrive\\\\Documentos\\\\Curitiba 360\\\\dataconnect\": could not find dataconnect.yaml in `c:\\Users\\vinad\\OneDrive\\Documentos\\Curitiba 360\\dataconnect`\n"}}
[debug] [2026-07-20T19:16:21.450Z] E0720 16:16:21.450358   36444 watch.go:40] Failed to load config from "c:\\Users\\vinad\\OneDrive\\Documentos\\Curitiba 360\\dataconnect": could not find dataconnect.yaml in `c:\Users\vinad\OneDrive\Documentos\Curitiba 360\dataconnect`
 {"metadata":{"emulator":{"name":"dataconnect"},"message":"E0720 16:16:21.450358   36444 watch.go:40] Failed to load config from \"c:\\\\Users\\\\vinad\\\\OneDrive\\\\Documentos\\\\Curitiba 360\\\\dataconnect\": could not find dataconnect.yaml in `c:\\Users\\vinad\\OneDrive\\Documentos\\Curitiba 360\\dataconnect`\n"}}
[debug] [2026-07-20T19:16:31.450Z] E0720 16:16:31.450527   36444 watch.go:116] watchAllDir unable to walk dir `c:\Users\vinad\OneDrive\Documentos\Curitiba 360\dataconnect`: GetFileAttributesEx c:\Users\vinad\OneDrive\Documentos\Curitiba 360\dataconnect: The system cannot find the file specified.
 {"metadata":{"emulator":{"name":"dataconnect"},"message":"E0720 16:16:31.450527   36444 watch.go:116] watchAllDir unable to walk dir `c:\\Users\\vinad\\OneDrive\\Documentos\\Curitiba 360\\dataconnect`: GetFileAttributesEx c:\\Users\\vinad\\OneDrive\\Documentos\\Curitiba 360\\dataconnect: The system cannot find the file specified.\n"}}
[debug] [2026-07-20T19:16:31.451Z] E0720 16:16:31.450527   36444 watch.go:40] Failed to load config from "c:\\Users\\vinad\\OneDrive\\Documentos\\Curitiba 360\\dataconnect": could not find dataconnect.yaml in `c:\Users\vinad\OneDrive\Documentos\Curitiba 360\dataconnect`
 {"metadata":{"emulator":{"name":"dataconnect"},"message":"E0720 16:16:31.450527   36444 watch.go:40] Failed to load config from \"c:\\\\Users\\\\vinad\\\\OneDrive\\\\Documentos\\\\Curitiba 360\\\\dataconnect\": could not find dataconnect.yaml in `c:\\Users\\vinad\\OneDrive\\Documentos\\Curitiba 360\\dataconnect`\n"}}
[debug] [2026-07-20T19:16:41.450Z] E0720 16:16:41.450475   36444 watch.go:40] Failed to load config from "c:\\Users\\vinad\\OneDrive\\Documentos\\Curitiba 360\\dataconnect": could not find dataconnect.yaml in `c:\Users\vinad\OneDrive\Documentos\Curitiba 360\dataconnect`
 {"metadata":{"emulator":{"name":"dataconnect"},"message":"E0720 16:16:41.450475   36444 watch.go:40] Failed to load config from \"c:\\\\Users\\\\vinad\\\\OneDrive\\\\Documentos\\\\Curitiba 360\\\\dataconnect\": could not find dataconnect.yaml in `c:\\Users\\vinad\\OneDrive\\Documentos\\Curitiba 360\\dataconnect`\n"}}
[debug] [2026-07-20T19:16:51.450Z] E0720 16:16:51.450546   36444 watch.go:40] Failed to load config from "c:\\Users\\vinad\\OneDrive\\Documentos\\Curitiba 360\\dataconnect": could not find dataconnect.yaml in `c:\Users\vinad\OneDrive\Documentos\Curitiba 360\dataconnect`
 {"metadata":{"emulator":{"name":"dataconnect"},"message":"E0720 16:16:51.450546   36444 watch.go:40] Failed to load config from \"c:\\\\Users\\\\vinad\\\\OneDrive\\\\Documentos\\\\Curitiba 360\\\\dataconnect\": could not find dataconnect.yaml in `c:\\Users\\vinad\\OneDrive\\Documentos\\Curitiba 360\\dataconnect`\n"}}
[debug] [2026-07-20T19:17:01.450Z] E0720 16:17:01.450451   36444 watch.go:40] Failed to load config from "c:\\Users\\vinad\\OneDrive\\Documentos\\Curitiba 360\\dataconnect": could not find dataconnect.yaml in `c:\Users\vinad\OneDrive\Documentos\Curitiba 360\dataconnect`
 {"metadata":{"emulator":{"name":"dataconnect"},"message":"E0720 16:17:01.450451   36444 watch.go:40] Failed to load config from \"c:\\\\Users\\\\vinad\\\\OneDrive\\\\Documentos\\\\Curitiba 360\\\\dataconnect\": could not find dataconnect.yaml in `c:\\Users\\vinad\\OneDrive\\Documentos\\Curitiba 360\\dataconnect`\n"}}
[debug] [2026-07-20T19:17:11.450Z] E0720 16:17:11.450687   36444 watch.go:40] Failed to load config from "c:\\Users\\vinad\\OneDrive\\Documentos\\Curitiba 360\\dataconnect": could not find dataconnect.yaml in `c:\Users\vinad\OneDrive\Documentos\Curitiba 360\dataconnect`
 {"metadata":{"emulator":{"name":"dataconnect"},"message":"E0720 16:17:11.450687   36444 watch.go:40] Failed to load config from \"c:\\\\Users\\\\vinad\\\\OneDrive\\\\Documentos\\\\Curitiba 360\\\\dataconnect\": could not find dataconnect.yaml in `c:\\Users\\vinad\\OneDrive\\Documentos\\Curitiba 360\\dataconnect`\n"}}
[debug] [2026-07-20T19:17:21.451Z] E0720 16:17:21.450737   36444 watch.go:40] Failed to load config from "c:\\Users\\vinad\\OneDrive\\Documentos\\Curitiba 360\\dataconnect": could not find dataconnect.yaml in `c:\Users\vinad\OneDrive\Documentos\Curitiba 360\dataconnect`
 {"metadata":{"emulator":{"name":"dataconnect"},"message":"E0720 16:17:21.450737   36444 watch.go:40] Failed to load config from \"c:\\\\Users\\\\vinad\\\\OneDrive\\\\Documentos\\\\Curitiba 360\\\\dataconnect\": could not find dataconnect.yaml in `c:\\Users\\vinad\\OneDrive\\Documentos\\Curitiba 360\\dataconnect`\n"}}
[debug] [2026-07-20T19:17:31.450Z] E0720 16:17:31.450609   36444 watch.go:116] watchAllDir unable to walk dir `c:\Users\vinad\OneDrive\Documentos\Curitiba 360\dataconnect`: GetFileAttributesEx c:\Users\vinad\OneDrive\Documentos\Curitiba 360\dataconnect: The system cannot find the file specified.
 {"metadata":{"emulator":{"name":"dataconnect"},"message":"E0720 16:17:31.450609   36444 watch.go:116] watchAllDir unable to walk dir `c:\\Users\\vinad\\OneDrive\\Documentos\\Curitiba 360\\dataconnect`: GetFileAttributesEx c:\\Users\\vinad\\OneDrive\\Documentos\\Curitiba 360\\dataconnect: The system cannot find the file specified.\n"}}
[debug] [2026-07-20T19:17:31.451Z] E0720 16:17:31.450609   36444 watch.go:40] Failed to load config from "c:\\Users\\vinad\\OneDrive\\Documentos\\Curitiba 360\\dataconnect": could not find dataconnect.yaml in `c:\Users\vinad\OneDrive\Documentos\Curitiba 360\dataconnect`
 {"metadata":{"emulator":{"name":"dataconnect"},"message":"E0720 16:17:31.450609   36444 watch.go:40] Failed to load config from \"c:\\\\Users\\\\vinad\\\\OneDrive\\\\Documentos\\\\Curitiba 360\\\\dataconnect\": could not find dataconnect.yaml in `c:\\Users\\vinad\\OneDrive\\Documentos\\Curitiba 360\\dataconnect`\n"}}
[debug] [2026-07-20T19:17:41.450Z] E0720 16:17:41.450814   36444 watch.go:40] Failed to load config from "c:\\Users\\vinad\\OneDrive\\Documentos\\Curitiba 360\\dataconnect": could not find dataconnect.yaml in `c:\Users\vinad\OneDrive\Documentos\Curitiba 360\dataconnect`
 {"metadata":{"emulator":{"name":"dataconnect"},"message":"E0720 16:17:41.450814   36444 watch.go:40] Failed to load config from \"c:\\\\Users\\\\vinad\\\\OneDrive\\\\Documentos\\\\Curitiba 360\\\\dataconnect\": could not find dataconnect.yaml in `c:\\Users\\vinad\\OneDrive\\Documentos\\Curitiba 360\\dataconnect`\n"}}
[debug] [2026-07-20T19:17:51.450Z] E0720 16:17:51.450321   36444 watch.go:40] Failed to load config from "c:\\Users\\vinad\\OneDrive\\Documentos\\Curitiba 360\\dataconnect": could not find dataconnect.yaml in `c:\Users\vinad\OneDrive\Documentos\Curitiba 360\dataconnect`
 {"metadata":{"emulator":{"name":"dataconnect"},"message":"E0720 16:17:51.450321   36444 watch.go:40] Failed to load config from \"c:\\\\Users\\\\vinad\\\\OneDrive\\\\Documentos\\\\Curitiba 360\\\\dataconnect\": could not find dataconnect.yaml in `c:\\Users\\vinad\\OneDrive\\Documentos\\Curitiba 360\\dataconnect`\n"}}
[debug] [2026-07-20T19:18:01.450Z] E0720 16:18:01.450363   36444 watch.go:40] Failed to load config from "c:\\Users\\vinad\\OneDrive\\Documentos\\Curitiba 360\\dataconnect": could not find dataconnect.yaml in `c:\Users\vinad\OneDrive\Documentos\Curitiba 360\dataconnect`
 {"metadata":{"emulator":{"name":"dataconnect"},"message":"E0720 16:18:01.450363   36444 watch.go:40] Failed to load config from \"c:\\\\Users\\\\vinad\\\\OneDrive\\\\Documentos\\\\Curitiba 360\\\\dataconnect\": could not find dataconnect.yaml in `c:\\Users\\vinad\\OneDrive\\Documentos\\Curitiba 360\\dataconnect`\n"}}
[debug] [2026-07-20T19:18:11.450Z] E0720 16:18:11.450714   36444 watch.go:40] Failed to load config from "c:\\Users\\vinad\\OneDrive\\Documentos\\Curitiba 360\\dataconnect": could not find dataconnect.yaml in `c:\Users\vinad\OneDrive\Documentos\Curitiba 360\dataconnect`
 {"metadata":{"emulator":{"name":"dataconnect"},"message":"E0720 16:18:11.450714   36444 watch.go:40] Failed to load config from \"c:\\\\Users\\\\vinad\\\\OneDrive\\\\Documentos\\\\Curitiba 360\\\\dataconnect\": could not find dataconnect.yaml in `c:\\Users\\vinad\\OneDrive\\Documentos\\Curitiba 360\\dataconnect`\n"}}
[debug] [2026-07-20T19:18:21.450Z] E0720 16:18:21.450742   36444 watch.go:40] Failed to load config from "c:\\Users\\vinad\\OneDrive\\Documentos\\Curitiba 360\\dataconnect": could not find dataconnect.yaml in `c:\Users\vinad\OneDrive\Documentos\Curitiba 360\dataconnect`
 {"metadata":{"emulator":{"name":"dataconnect"},"message":"E0720 16:18:21.450742   36444 watch.go:40] Failed to load config from \"c:\\\\Users\\\\vinad\\\\OneDrive\\\\Documentos\\\\Curitiba 360\\\\dataconnect\": could not find dataconnect.yaml in `c:\\Users\\vinad\\OneDrive\\Documentos\\Curitiba 360\\dataconnect`\n"}}
[debug] [2026-07-20T19:18:31.450Z] E0720 16:18:31.450398   36444 watch.go:116] watchAllDir unable to walk dir `c:\Users\vinad\OneDrive\Documentos\Curitiba 360\dataconnect`: GetFileAttributesEx c:\Users\vinad\OneDrive\Documentos\Curitiba 360\dataconnect: The system cannot find the file specified.
 {"metadata":{"emulator":{"name":"dataconnect"},"message":"E0720 16:18:31.450398   36444 watch.go:116] watchAllDir unable to walk dir `c:\\Users\\vinad\\OneDrive\\Documentos\\Curitiba 360\\dataconnect`: GetFileAttributesEx c:\\Users\\vinad\\OneDrive\\Documentos\\Curitiba 360\\dataconnect: The system cannot find the file specified.\n"}}
[debug] [2026-07-20T19:18:31.450Z] E0720 16:18:31.450398   36444 watch.go:40] Failed to load config from "c:\\Users\\vinad\\OneDrive\\Documentos\\Curitiba 360\\dataconnect": could not find dataconnect.yaml in `c:\Users\vinad\OneDrive\Documentos\Curitiba 360\dataconnect`
 {"metadata":{"emulator":{"name":"dataconnect"},"message":"E0720 16:18:31.450398   36444 watch.go:40] Failed to load config from \"c:\\\\Users\\\\vinad\\\\OneDrive\\\\Documentos\\\\Curitiba 360\\\\dataconnect\": could not find dataconnect.yaml in `c:\\Users\\vinad\\OneDrive\\Documentos\\Curitiba 360\\dataconnect`\n"}}
[debug] [2026-07-20T19:18:41.450Z] E0720 16:18:41.450443   36444 watch.go:40] Failed to load config from "c:\\Users\\vinad\\OneDrive\\Documentos\\Curitiba 360\\dataconnect": could not find dataconnect.yaml in `c:\Users\vinad\OneDrive\Documentos\Curitiba 360\dataconnect`
 {"metadata":{"emulator":{"name":"dataconnect"},"message":"E0720 16:18:41.450443   36444 watch.go:40] Failed to load config from \"c:\\\\Users\\\\vinad\\\\OneDrive\\\\Documentos\\\\Curitiba 360\\\\dataconnect\": could not find dataconnect.yaml in `c:\\Users\\vinad\\OneDrive\\Documentos\\Curitiba 360\\dataconnect`\n"}}
[debug] [2026-07-20T19:18:51.451Z] E0720 16:18:51.450774   36444 watch.go:40] Failed to load config from "c:\\Users\\vinad\\OneDrive\\Documentos\\Curitiba 360\\dataconnect": could not find dataconnect.yaml in `c:\Users\vinad\OneDrive\Documentos\Curitiba 360\dataconnect`
 {"metadata":{"emulator":{"name":"dataconnect"},"message":"E0720 16:18:51.450774   36444 watch.go:40] Failed to load config from \"c:\\\\Users\\\\vinad\\\\OneDrive\\\\Documentos\\\\Curitiba 360\\\\dataconnect\": could not find dataconnect.yaml in `c:\\Users\\vinad\\OneDrive\\Documentos\\Curitiba 360\\dataconnect`\n"}}
[debug] [2026-07-20T19:19:01.451Z] E0720 16:19:01.450800   36444 watch.go:40] Failed to load config from "c:\\Users\\vinad\\OneDrive\\Documentos\\Curitiba 360\\dataconnect": could not find dataconnect.yaml in `c:\Users\vinad\OneDrive\Documentos\Curitiba 360\dataconnect`
 {"metadata":{"emulator":{"name":"dataconnect"},"message":"E0720 16:19:01.450800   36444 watch.go:40] Failed to load config from \"c:\\\\Users\\\\vinad\\\\OneDrive\\\\Documentos\\\\Curitiba 360\\\\dataconnect\": could not find dataconnect.yaml in `c:\\Users\\vinad\\OneDrive\\Documentos\\Curitiba 360\\dataconnect`\n"}}
[debug] [2026-07-20T19:19:11.450Z] E0720 16:19:11.450699   36444 watch.go:40] Failed to load config from "c:\\Users\\vinad\\OneDrive\\Documentos\\Curitiba 360\\dataconnect": could not find dataconnect.yaml in `c:\Users\vinad\OneDrive\Documentos\Curitiba 360\dataconnect`
 {"metadata":{"emulator":{"name":"dataconnect"},"message":"E0720 16:19:11.450699   36444 watch.go:40] Failed to load config from \"c:\\\\Users\\\\vinad\\\\OneDrive\\\\Documentos\\\\Curitiba 360\\\\dataconnect\": could not find dataconnect.yaml in `c:\\Users\\vinad\\OneDrive\\Documentos\\Curitiba 360\\dataconnect`\n"}}
[debug] [2026-07-20T19:19:21.456Z] E0720 16:19:21.450764   36444 watch.go:40] Failed to load config from "c:\\Users\\vinad\\OneDrive\\Documentos\\Curitiba 360\\dataconnect": could not find dataconnect.yaml in `c:\Users\vinad\OneDrive\Documentos\Curitiba 360\dataconnect`
 {"metadata":{"emulator":{"name":"dataconnect"},"message":"E0720 16:19:21.450764   36444 watch.go:40] Failed to load config from \"c:\\\\Users\\\\vinad\\\\OneDrive\\\\Documentos\\\\Curitiba 360\\\\dataconnect\": could not find dataconnect.yaml in `c:\\Users\\vinad\\OneDrive\\Documentos\\Curitiba 360\\dataconnect`\n"}}
[debug] [2026-07-20T19:19:31.450Z] E0720 16:19:31.450527   36444 watch.go:116] watchAllDir unable to walk dir `c:\Users\vinad\OneDrive\Documentos\Curitiba 360\dataconnect`: GetFileAttributesEx c:\Users\vinad\OneDrive\Documentos\Curitiba 360\dataconnect: The system cannot find the file specified.
 {"metadata":{"emulator":{"name":"dataconnect"},"message":"E0720 16:19:31.450527   36444 watch.go:116] watchAllDir unable to walk dir `c:\\Users\\vinad\\OneDrive\\Documentos\\Curitiba 360\\dataconnect`: GetFileAttributesEx c:\\Users\\vinad\\OneDrive\\Documentos\\Curitiba 360\\dataconnect: The system cannot find the file specified.\n"}}
[debug] [2026-07-20T19:19:31.451Z] E0720 16:19:31.450527   36444 watch.go:40] Failed to load config from "c:\\Users\\vinad\\OneDrive\\Documentos\\Curitiba 360\\dataconnect": could not find dataconnect.yaml in `c:\Users\vinad\OneDrive\Documentos\Curitiba 360\dataconnect`
 {"metadata":{"emulator":{"name":"dataconnect"},"message":"E0720 16:19:31.450527   36444 watch.go:40] Failed to load config from \"c:\\\\Users\\\\vinad\\\\OneDrive\\\\Documentos\\\\Curitiba 360\\\\dataconnect\": could not find dataconnect.yaml in `c:\\Users\\vinad\\OneDrive\\Documentos\\Curitiba 360\\dataconnect`\n"}}
[debug] [2026-07-20T19:19:41.450Z] E0720 16:19:41.450619   36444 watch.go:40] Failed to load config from "c:\\Users\\vinad\\OneDrive\\Documentos\\Curitiba 360\\dataconnect": could not find dataconnect.yaml in `c:\Users\vinad\OneDrive\Documentos\Curitiba 360\dataconnect`
 {"metadata":{"emulator":{"name":"dataconnect"},"message":"E0720 16:19:41.450619   36444 watch.go:40] Failed to load config from \"c:\\\\Users\\\\vinad\\\\OneDrive\\\\Documentos\\\\Curitiba 360\\\\dataconnect\": could not find dataconnect.yaml in `c:\\Users\\vinad\\OneDrive\\Documentos\\Curitiba 360\\dataconnect`\n"}}
[debug] [2026-07-20T19:19:51.450Z] E0720 16:19:51.450592   36444 watch.go:40] Failed to load config from "c:\\Users\\vinad\\OneDrive\\Documentos\\Curitiba 360\\dataconnect": could not find dataconnect.yaml in `c:\Users\vinad\OneDrive\Documentos\Curitiba 360\dataconnect`
 {"metadata":{"emulator":{"name":"dataconnect"},"message":"E0720 16:19:51.450592   36444 watch.go:40] Failed to load config from \"c:\\\\Users\\\\vinad\\\\OneDrive\\\\Documentos\\\\Curitiba 360\\\\dataconnect\": could not find dataconnect.yaml in `c:\\Users\\vinad\\OneDrive\\Documentos\\Curitiba 360\\dataconnect`\n"}}
[debug] [2026-07-20T19:20:01.450Z] E0720 16:20:01.450770   36444 watch.go:40] Failed to load config from "c:\\Users\\vinad\\OneDrive\\Documentos\\Curitiba 360\\dataconnect": could not find dataconnect.yaml in `c:\Users\vinad\OneDrive\Documentos\Curitiba 360\dataconnect`
 {"metadata":{"emulator":{"name":"dataconnect"},"message":"E0720 16:20:01.450770   36444 watch.go:40] Failed to load config from \"c:\\\\Users\\\\vinad\\\\OneDrive\\\\Documentos\\\\Curitiba 360\\\\dataconnect\": could not find dataconnect.yaml in `c:\\Users\\vinad\\OneDrive\\Documentos\\Curitiba 360\\dataconnect`\n"}}
[debug] [2026-07-20T19:20:11.450Z] E0720 16:20:11.450484   36444 watch.go:40] Failed to load config from "c:\\Users\\vinad\\OneDrive\\Documentos\\Curitiba 360\\dataconnect": could not find dataconnect.yaml in `c:\Users\vinad\OneDrive\Documentos\Curitiba 360\dataconnect`
 {"metadata":{"emulator":{"name":"dataconnect"},"message":"E0720 16:20:11.450484   36444 watch.go:40] Failed to load config from \"c:\\\\Users\\\\vinad\\\\OneDrive\\\\Documentos\\\\Curitiba 360\\\\dataconnect\": could not find dataconnect.yaml in `c:\\Users\\vinad\\OneDrive\\Documentos\\Curitiba 360\\dataconnect`\n"}}
[debug] [2026-07-20T19:20:21.450Z] E0720 16:20:21.450374   36444 watch.go:40] Failed to load config from "c:\\Users\\vinad\\OneDrive\\Documentos\\Curitiba 360\\dataconnect": could not find dataconnect.yaml in `c:\Users\vinad\OneDrive\Documentos\Curitiba 360\dataconnect`
 {"metadata":{"emulator":{"name":"dataconnect"},"message":"E0720 16:20:21.450374   36444 watch.go:40] Failed to load config from \"c:\\\\Users\\\\vinad\\\\OneDrive\\\\Documentos\\\\Curitiba 360\\\\dataconnect\": could not find dataconnect.yaml in `c:\\Users\\vinad\\OneDrive\\Documentos\\Curitiba 360\\dataconnect`\n"}}
[debug] [2026-07-20T19:20:31.450Z] E0720 16:20:31.450688   36444 watch.go:116] watchAllDir unable to walk dir `c:\Users\vinad\OneDrive\Documentos\Curitiba 360\dataconnect`: GetFileAttributesEx c:\Users\vinad\OneDrive\Documentos\Curitiba 360\dataconnect: The system cannot find the file specified.
 {"metadata":{"emulator":{"name":"dataconnect"},"message":"E0720 16:20:31.450688   36444 watch.go:116] watchAllDir unable to walk dir `c:\\Users\\vinad\\OneDrive\\Documentos\\Curitiba 360\\dataconnect`: GetFileAttributesEx c:\\Users\\vinad\\OneDrive\\Documentos\\Curitiba 360\\dataconnect: The system cannot find the file specified.\n"}}
[debug] [2026-07-20T19:20:31.451Z] E0720 16:20:31.450688   36444 watch.go:40] Failed to load config from "c:\\Users\\vinad\\OneDrive\\Documentos\\Curitiba 360\\dataconnect": could not find dataconnect.yaml in `c:\Users\vinad\OneDrive\Documentos\Curitiba 360\dataconnect`
 {"metadata":{"emulator":{"name":"dataconnect"},"message":"E0720 16:20:31.450688   36444 watch.go:40] Failed to load config from \"c:\\\\Users\\\\vinad\\\\OneDrive\\\\Documentos\\\\Curitiba 360\\\\dataconnect\": could not find dataconnect.yaml in `c:\\Users\\vinad\\OneDrive\\Documentos\\Curitiba 360\\dataconnect`\n"}}
[debug] [2026-07-20T19:20:41.451Z] E0720 16:20:41.451232   36444 watch.go:40] Failed to load config from "c:\\Users\\vinad\\OneDrive\\Documentos\\Curitiba 360\\dataconnect": could not find dataconnect.yaml in `c:\Users\vinad\OneDrive\Documentos\Curitiba 360\dataconnect`
 {"metadata":{"emulator":{"name":"dataconnect"},"message":"E0720 16:20:41.451232   36444 watch.go:40] Failed to load config from \"c:\\\\Users\\\\vinad\\\\OneDrive\\\\Documentos\\\\Curitiba 360\\\\dataconnect\": could not find dataconnect.yaml in `c:\\Users\\vinad\\OneDrive\\Documentos\\Curitiba 360\\dataconnect`\n"}}
[debug] [2026-07-20T19:20:51.451Z] E0720 16:20:51.450662   36444 watch.go:40] Failed to load config from "c:\\Users\\vinad\\OneDrive\\Documentos\\Curitiba 360\\dataconnect": could not find dataconnect.yaml in `c:\Users\vinad\OneDrive\Documentos\Curitiba 360\dataconnect`
 {"metadata":{"emulator":{"name":"dataconnect"},"message":"E0720 16:20:51.450662   36444 watch.go:40] Failed to load config from \"c:\\\\Users\\\\vinad\\\\OneDrive\\\\Documentos\\\\Curitiba 360\\\\dataconnect\": could not find dataconnect.yaml in `c:\\Users\\vinad\\OneDrive\\Documentos\\Curitiba 360\\dataconnect`\n"}}
[debug] [2026-07-20T19:21:01.451Z] E0720 16:21:01.450539   36444 watch.go:40] Failed to load config from "c:\\Users\\vinad\\OneDrive\\Documentos\\Curitiba 360\\dataconnect": could not find dataconnect.yaml in `c:\Users\vinad\OneDrive\Documentos\Curitiba 360\dataconnect`
 {"metadata":{"emulator":{"name":"dataconnect"},"message":"E0720 16:21:01.450539   36444 watch.go:40] Failed to load config from \"c:\\\\Users\\\\vinad\\\\OneDrive\\\\Documentos\\\\Curitiba 360\\\\dataconnect\": could not find dataconnect.yaml in `c:\\Users\\vinad\\OneDrive\\Documentos\\Curitiba 360\\dataconnect`\n"}}
[debug] [2026-07-20T19:21:11.451Z] E0720 16:21:11.450797   36444 watch.go:40] Failed to load config from "c:\\Users\\vinad\\OneDrive\\Documentos\\Curitiba 360\\dataconnect": could not find dataconnect.yaml in `c:\Users\vinad\OneDrive\Documentos\Curitiba 360\dataconnect`
 {"metadata":{"emulator":{"name":"dataconnect"},"message":"E0720 16:21:11.450797   36444 watch.go:40] Failed to load config from \"c:\\\\Users\\\\vinad\\\\OneDrive\\\\Documentos\\\\Curitiba 360\\\\dataconnect\": could not find dataconnect.yaml in `c:\\Users\\vinad\\OneDrive\\Documentos\\Curitiba 360\\dataconnect`\n"}}
[debug] [2026-07-20T19:21:21.451Z] E0720 16:21:21.450757   36444 watch.go:40] Failed to load config from "c:\\Users\\vinad\\OneDrive\\Documentos\\Curitiba 360\\dataconnect": could not find dataconnect.yaml in `c:\Users\vinad\OneDrive\Documentos\Curitiba 360\dataconnect`
 {"metadata":{"emulator":{"name":"dataconnect"},"message":"E0720 16:21:21.450757   36444 watch.go:40] Failed to load config from \"c:\\\\Users\\\\vinad\\\\OneDrive\\\\Documentos\\\\Curitiba 360\\\\dataconnect\": could not find dataconnect.yaml in `c:\\Users\\vinad\\OneDrive\\Documentos\\Curitiba 360\\dataconnect`\n"}}
[debug] [2026-07-20T19:21:31.450Z] E0720 16:21:31.450424   36444 watch.go:116] watchAllDir unable to walk dir `c:\Users\vinad\OneDrive\Documentos\Curitiba 360\dataconnect`: GetFileAttributesEx c:\Users\vinad\OneDrive\Documentos\Curitiba 360\dataconnect: The system cannot find the file specified.
 {"metadata":{"emulator":{"name":"dataconnect"},"message":"E0720 16:21:31.450424   36444 watch.go:116] watchAllDir unable to walk dir `c:\\Users\\vinad\\OneDrive\\Documentos\\Curitiba 360\\dataconnect`: GetFileAttributesEx c:\\Users\\vinad\\OneDrive\\Documentos\\Curitiba 360\\dataconnect: The system cannot find the file specified.\n"}}
[debug] [2026-07-20T19:21:31.451Z] E0720 16:21:31.450424   36444 watch.go:40] Failed to load config from "c:\\Users\\vinad\\OneDrive\\Documentos\\Curitiba 360\\dataconnect": could not find dataconnect.yaml in `c:\Users\vinad\OneDrive\Documentos\Curitiba 360\dataconnect`
 {"metadata":{"emulator":{"name":"dataconnect"},"message":"E0720 16:21:31.450424   36444 watch.go:40] Failed to load config from \"c:\\\\Users\\\\vinad\\\\OneDrive\\\\Documentos\\\\Curitiba 360\\\\dataconnect\": could not find dataconnect.yaml in `c:\\Users\\vinad\\OneDrive\\Documentos\\Curitiba 360\\dataconnect`\n"}}
[debug] [2026-07-20T19:21:41.450Z] E0720 16:21:41.450652   36444 watch.go:40] Failed to load config from "c:\\Users\\vinad\\OneDrive\\Documentos\\Curitiba 360\\dataconnect": could not find dataconnect.yaml in `c:\Users\vinad\OneDrive\Documentos\Curitiba 360\dataconnect`
 {"metadata":{"emulator":{"name":"dataconnect"},"message":"E0720 16:21:41.450652   36444 watch.go:40] Failed to load config from \"c:\\\\Users\\\\vinad\\\\OneDrive\\\\Documentos\\\\Curitiba 360\\\\dataconnect\": could not find dataconnect.yaml in `c:\\Users\\vinad\\OneDrive\\Documentos\\Curitiba 360\\dataconnect`\n"}}
[debug] [2026-07-20T19:21:51.450Z] E0720 16:21:51.450706   36444 watch.go:40] Failed to load config from "c:\\Users\\vinad\\OneDrive\\Documentos\\Curitiba 360\\dataconnect": could not find dataconnect.yaml in `c:\Users\vinad\OneDrive\Documentos\Curitiba 360\dataconnect`
 {"metadata":{"emulator":{"name":"dataconnect"},"message":"E0720 16:21:51.450706   36444 watch.go:40] Failed to load config from \"c:\\\\Users\\\\vinad\\\\OneDrive\\\\Documentos\\\\Curitiba 360\\\\dataconnect\": could not find dataconnect.yaml in `c:\\Users\\vinad\\OneDrive\\Documentos\\Curitiba 360\\dataconnect`\n"}}
[debug] [2026-07-20T19:22:01.450Z] E0720 16:22:01.450420   36444 watch.go:40] Failed to load config from "c:\\Users\\vinad\\OneDrive\\Documentos\\Curitiba 360\\dataconnect": could not find dataconnect.yaml in `c:\Users\vinad\OneDrive\Documentos\Curitiba 360\dataconnect`
 {"metadata":{"emulator":{"name":"dataconnect"},"message":"E0720 16:22:01.450420   36444 watch.go:40] Failed to load config from \"c:\\\\Users\\\\vinad\\\\OneDrive\\\\Documentos\\\\Curitiba 360\\\\dataconnect\": could not find dataconnect.yaml in `c:\\Users\\vinad\\OneDrive\\Documentos\\Curitiba 360\\dataconnect`\n"}}
[debug] [2026-07-20T19:22:11.450Z] E0720 16:22:11.450608   36444 watch.go:40] Failed to load config from "c:\\Users\\vinad\\OneDrive\\Documentos\\Curitiba 360\\dataconnect": could not find dataconnect.yaml in `c:\Users\vinad\OneDrive\Documentos\Curitiba 360\dataconnect`
 {"metadata":{"emulator":{"name":"dataconnect"},"message":"E0720 16:22:11.450608   36444 watch.go:40] Failed to load config from \"c:\\\\Users\\\\vinad\\\\OneDrive\\\\Documentos\\\\Curitiba 360\\\\dataconnect\": could not find dataconnect.yaml in `c:\\Users\\vinad\\OneDrive\\Documentos\\Curitiba 360\\dataconnect`\n"}}
[debug] [2026-07-20T19:22:21.451Z] E0720 16:22:21.450799   36444 watch.go:40] Failed to load config from "c:\\Users\\vinad\\OneDrive\\Documentos\\Curitiba 360\\dataconnect": could not find dataconnect.yaml in `c:\Users\vinad\OneDrive\Documentos\Curitiba 360\dataconnect`
 {"metadata":{"emulator":{"name":"dataconnect"},"message":"E0720 16:22:21.450799   36444 watch.go:40] Failed to load config from \"c:\\\\Users\\\\vinad\\\\OneDrive\\\\Documentos\\\\Curitiba 360\\\\dataconnect\": could not find dataconnect.yaml in `c:\\Users\\vinad\\OneDrive\\Documentos\\Curitiba 360\\dataconnect`\n"}}
[debug] [2026-07-20T19:22:31.450Z] E0720 16:22:31.450661   36444 watch.go:116] watchAllDir unable to walk dir `c:\Users\vinad\OneDrive\Documentos\Curitiba 360\dataconnect`: GetFileAttributesEx c:\Users\vinad\OneDrive\Documentos\Curitiba 360\dataconnect: The system cannot find the file specified.
 {"metadata":{"emulator":{"name":"dataconnect"},"message":"E0720 16:22:31.450661   36444 watch.go:116] watchAllDir unable to walk dir `c:\\Users\\vinad\\OneDrive\\Documentos\\Curitiba 360\\dataconnect`: GetFileAttributesEx c:\\Users\\vinad\\OneDrive\\Documentos\\Curitiba 360\\dataconnect: The system cannot find the file specified.\n"}}
[debug] [2026-07-20T19:22:31.451Z] E0720 16:22:31.450661   36444 watch.go:40] Failed to load config from "c:\\Users\\vinad\\OneDrive\\Documentos\\Curitiba 360\\dataconnect": could not find dataconnect.yaml in `c:\Users\vinad\OneDrive\Documentos\Curitiba 360\dataconnect`
 {"metadata":{"emulator":{"name":"dataconnect"},"message":"E0720 16:22:31.450661   36444 watch.go:40] Failed to load config from \"c:\\\\Users\\\\vinad\\\\OneDrive\\\\Documentos\\\\Curitiba 360\\\\dataconnect\": could not find dataconnect.yaml in `c:\\Users\\vinad\\OneDrive\\Documentos\\Curitiba 360\\dataconnect`\n"}}
[debug] [2026-07-20T19:22:41.450Z] E0720 16:22:41.450542   36444 watch.go:40] Failed to load config from "c:\\Users\\vinad\\OneDrive\\Documentos\\Curitiba 360\\dataconnect": could not find dataconnect.yaml in `c:\Users\vinad\OneDrive\Documentos\Curitiba 360\dataconnect`
 {"metadata":{"emulator":{"name":"dataconnect"},"message":"E0720 16:22:41.450542   36444 watch.go:40] Failed to load config from \"c:\\\\Users\\\\vinad\\\\OneDrive\\\\Documentos\\\\Curitiba 360\\\\dataconnect\": could not find dataconnect.yaml in `c:\\Users\\vinad\\OneDrive\\Documentos\\Curitiba 360\\dataconnect`\n"}}
[debug] [2026-07-20T19:22:51.450Z] E0720 16:22:51.450422   36444 watch.go:40] Failed to load config from "c:\\Users\\vinad\\OneDrive\\Documentos\\Curitiba 360\\dataconnect": could not find dataconnect.yaml in `c:\Users\vinad\OneDrive\Documentos\Curitiba 360\dataconnect`
 {"metadata":{"emulator":{"name":"dataconnect"},"message":"E0720 16:22:51.450422   36444 watch.go:40] Failed to load config from \"c:\\\\Users\\\\vinad\\\\OneDrive\\\\Documentos\\\\Curitiba 360\\\\dataconnect\": could not find dataconnect.yaml in `c:\\Users\\vinad\\OneDrive\\Documentos\\Curitiba 360\\dataconnect`\n"}}
[debug] [2026-07-20T19:23:01.451Z] E0720 16:23:01.451122   36444 watch.go:40] Failed to load config from "c:\\Users\\vinad\\OneDrive\\Documentos\\Curitiba 360\\dataconnect": could not find dataconnect.yaml in `c:\Users\vinad\OneDrive\Documentos\Curitiba 360\dataconnect`
 {"metadata":{"emulator":{"name":"dataconnect"},"message":"E0720 16:23:01.451122   36444 watch.go:40] Failed to load config from \"c:\\\\Users\\\\vinad\\\\OneDrive\\\\Documentos\\\\Curitiba 360\\\\dataconnect\": could not find dataconnect.yaml in `c:\\Users\\vinad\\OneDrive\\Documentos\\Curitiba 360\\dataconnect`\n"}}
[debug] [2026-07-20T19:23:11.450Z] E0720 16:23:11.450480   36444 watch.go:40] Failed to load config from "c:\\Users\\vinad\\OneDrive\\Documentos\\Curitiba 360\\dataconnect": could not find dataconnect.yaml in `c:\Users\vinad\OneDrive\Documentos\Curitiba 360\dataconnect`
 {"metadata":{"emulator":{"name":"dataconnect"},"message":"E0720 16:23:11.450480   36444 watch.go:40] Failed to load config from \"c:\\\\Users\\\\vinad\\\\OneDrive\\\\Documentos\\\\Curitiba 360\\\\dataconnect\": could not find dataconnect.yaml in `c:\\Users\\vinad\\OneDrive\\Documentos\\Curitiba 360\\dataconnect`\n"}}
[debug] [2026-07-20T19:23:21.451Z] E0720 16:23:21.450863   36444 watch.go:40] Failed to load config from "c:\\Users\\vinad\\OneDrive\\Documentos\\Curitiba 360\\dataconnect": could not find dataconnect.yaml in `c:\Users\vinad\OneDrive\Documentos\Curitiba 360\dataconnect`
 {"metadata":{"emulator":{"name":"dataconnect"},"message":"E0720 16:23:21.450863   36444 watch.go:40] Failed to load config from \"c:\\\\Users\\\\vinad\\\\OneDrive\\\\Documentos\\\\Curitiba 360\\\\dataconnect\": could not find dataconnect.yaml in `c:\\Users\\vinad\\OneDrive\\Documentos\\Curitiba 360\\dataconnect`\n"}}
[debug] [2026-07-20T19:23:31.450Z] E0720 16:23:31.450446   36444 watch.go:116] watchAllDir unable to walk dir `c:\Users\vinad\OneDrive\Documentos\Curitiba 360\dataconnect`: GetFileAttributesEx c:\Users\vinad\OneDrive\Documentos\Curitiba 360\dataconnect: The system cannot find the file specified.
 {"metadata":{"emulator":{"name":"dataconnect"},"message":"E0720 16:23:31.450446   36444 watch.go:116] watchAllDir unable to walk dir `c:\\Users\\vinad\\OneDrive\\Documentos\\Curitiba 360\\dataconnect`: GetFileAttributesEx c:\\Users\\vinad\\OneDrive\\Documentos\\Curitiba 360\\dataconnect: The system cannot find the file specified.\n"}}
[debug] [2026-07-20T19:23:31.450Z] E0720 16:23:31.450446   36444 watch.go:40] Failed to load config from "c:\\Users\\vinad\\OneDrive\\Documentos\\Curitiba 360\\dataconnect": could not find dataconnect.yaml in `c:\Users\vinad\OneDrive\Documentos\Curitiba 360\dataconnect`
 {"metadata":{"emulator":{"name":"dataconnect"},"message":"E0720 16:23:31.450446   36444 watch.go:40] Failed to load config from \"c:\\\\Users\\\\vinad\\\\OneDrive\\\\Documentos\\\\Curitiba 360\\\\dataconnect\": could not find dataconnect.yaml in `c:\\Users\\vinad\\OneDrive\\Documentos\\Curitiba 360\\dataconnect`\n"}}
[debug] [2026-07-20T19:23:41.450Z] E0720 16:23:41.450483   36444 watch.go:40] Failed to load config from "c:\\Users\\vinad\\OneDrive\\Documentos\\Curitiba 360\\dataconnect": could not find dataconnect.yaml in `c:\Users\vinad\OneDrive\Documentos\Curitiba 360\dataconnect`
 {"metadata":{"emulator":{"name":"dataconnect"},"message":"E0720 16:23:41.450483   36444 watch.go:40] Failed to load config from \"c:\\\\Users\\\\vinad\\\\OneDrive\\\\Documentos\\\\Curitiba 360\\\\dataconnect\": could not find dataconnect.yaml in `c:\\Users\\vinad\\OneDrive\\Documentos\\Curitiba 360\\dataconnect`\n"}}
[debug] [2026-07-20T19:23:51.450Z] E0720 16:23:51.450537   36444 watch.go:40] Failed to load config from "c:\\Users\\vinad\\OneDrive\\Documentos\\Curitiba 360\\dataconnect": could not find dataconnect.yaml in `c:\Users\vinad\OneDrive\Documentos\Curitiba 360\dataconnect`
 {"metadata":{"emulator":{"name":"dataconnect"},"message":"E0720 16:23:51.450537   36444 watch.go:40] Failed to load config from \"c:\\\\Users\\\\vinad\\\\OneDrive\\\\Documentos\\\\Curitiba 360\\\\dataconnect\": could not find dataconnect.yaml in `c:\\Users\\vinad\\OneDrive\\Documentos\\Curitiba 360\\dataconnect`\n"}}
[debug] [2026-07-20T19:24:01.450Z] E0720 16:24:01.450355   36444 watch.go:40] Failed to load config from "c:\\Users\\vinad\\OneDrive\\Documentos\\Curitiba 360\\dataconnect": could not find dataconnect.yaml in `c:\Users\vinad\OneDrive\Documentos\Curitiba 360\dataconnect`
 {"metadata":{"emulator":{"name":"dataconnect"},"message":"E0720 16:24:01.450355   36444 watch.go:40] Failed to load config from \"c:\\\\Users\\\\vinad\\\\OneDrive\\\\Documentos\\\\Curitiba 360\\\\dataconnect\": could not find dataconnect.yaml in `c:\\Users\\vinad\\OneDrive\\Documentos\\Curitiba 360\\dataconnect`\n"}}
[debug] [2026-07-20T19:24:11.450Z] E0720 16:24:11.450437   36444 watch.go:40] Failed to load config from "c:\\Users\\vinad\\OneDrive\\Documentos\\Curitiba 360\\dataconnect": could not find dataconnect.yaml in `c:\Users\vinad\OneDrive\Documentos\Curitiba 360\dataconnect`
 {"metadata":{"emulator":{"name":"dataconnect"},"message":"E0720 16:24:11.450437   36444 watch.go:40] Failed to load config from \"c:\\\\Users\\\\vinad\\\\OneDrive\\\\Documentos\\\\Curitiba 360\\\\dataconnect\": could not find dataconnect.yaml in `c:\\Users\\vinad\\OneDrive\\Documentos\\Curitiba 360\\dataconnect`\n"}}
[debug] [2026-07-20T19:24:21.450Z] E0720 16:24:21.450455   36444 watch.go:40] Failed to load config from "c:\\Users\\vinad\\OneDrive\\Documentos\\Curitiba 360\\dataconnect": could not find dataconnect.yaml in `c:\Users\vinad\OneDrive\Documentos\Curitiba 360\dataconnect`
 {"metadata":{"emulator":{"name":"dataconnect"},"message":"E0720 16:24:21.450455   36444 watch.go:40] Failed to load config from \"c:\\\\Users\\\\vinad\\\\OneDrive\\\\Documentos\\\\Curitiba 360\\\\dataconnect\": could not find dataconnect.yaml in `c:\\Users\\vinad\\OneDrive\\Documentos\\Curitiba 360\\dataconnect`\n"}}
[debug] [2026-07-20T19:24:31.450Z] E0720 16:24:31.450863   36444 watch.go:116] watchAllDir unable to walk dir `c:\Users\vinad\OneDrive\Documentos\Curitiba 360\dataconnect`: GetFileAttributesEx c:\Users\vinad\OneDrive\Documentos\Curitiba 360\dataconnect: The system cannot find the file specified.
 {"metadata":{"emulator":{"name":"dataconnect"},"message":"E0720 16:24:31.450863   36444 watch.go:116] watchAllDir unable to walk dir `c:\\Users\\vinad\\OneDrive\\Documentos\\Curitiba 360\\dataconnect`: GetFileAttributesEx c:\\Users\\vinad\\OneDrive\\Documentos\\Curitiba 360\\dataconnect: The system cannot find the file specified.\n"}}
[debug] [2026-07-20T19:24:31.451Z] E0720 16:24:31.450863   36444 watch.go:40] Failed to load config from "c:\\Users\\vinad\\OneDrive\\Documentos\\Curitiba 360\\dataconnect": could not find dataconnect.yaml in `c:\Users\vinad\OneDrive\Documentos\Curitiba 360\dataconnect`
 {"metadata":{"emulator":{"name":"dataconnect"},"message":"E0720 16:24:31.450863   36444 watch.go:40] Failed to load config from \"c:\\\\Users\\\\vinad\\\\OneDrive\\\\Documentos\\\\Curitiba 360\\\\dataconnect\": could not find dataconnect.yaml in `c:\\Users\\vinad\\OneDrive\\Documentos\\Curitiba 360\\dataconnect`\n"}}
[debug] [2026-07-20T19:24:41.451Z] E0720 16:24:41.450777   36444 watch.go:40] Failed to load config from "c:\\Users\\vinad\\OneDrive\\Documentos\\Curitiba 360\\dataconnect": could not find dataconnect.yaml in `c:\Users\vinad\OneDrive\Documentos\Curitiba 360\dataconnect`
 {"metadata":{"emulator":{"name":"dataconnect"},"message":"E0720 16:24:41.450777   36444 watch.go:40] Failed to load config from \"c:\\\\Users\\\\vinad\\\\OneDrive\\\\Documentos\\\\Curitiba 360\\\\dataconnect\": could not find dataconnect.yaml in `c:\\Users\\vinad\\OneDrive\\Documentos\\Curitiba 360\\dataconnect`\n"}}
[debug] [2026-07-20T19:24:51.450Z] E0720 16:24:51.450749   36444 watch.go:40] Failed to load config from "c:\\Users\\vinad\\OneDrive\\Documentos\\Curitiba 360\\dataconnect": could not find dataconnect.yaml in `c:\Users\vinad\OneDrive\Documentos\Curitiba 360\dataconnect`
 {"metadata":{"emulator":{"name":"dataconnect"},"message":"E0720 16:24:51.450749   36444 watch.go:40] Failed to load config from \"c:\\\\Users\\\\vinad\\\\OneDrive\\\\Documentos\\\\Curitiba 360\\\\dataconnect\": could not find dataconnect.yaml in `c:\\Users\\vinad\\OneDrive\\Documentos\\Curitiba 360\\dataconnect`\n"}}
[debug] [2026-07-20T19:25:01.450Z] E0720 16:25:01.450629   36444 watch.go:40] Failed to load config from "c:\\Users\\vinad\\OneDrive\\Documentos\\Curitiba 360\\dataconnect": could not find dataconnect.yaml in `c:\Users\vinad\OneDrive\Documentos\Curitiba 360\dataconnect`
 {"metadata":{"emulator":{"name":"dataconnect"},"message":"E0720 16:25:01.450629   36444 watch.go:40] Failed to load config from \"c:\\\\Users\\\\vinad\\\\OneDrive\\\\Documentos\\\\Curitiba 360\\\\dataconnect\": could not find dataconnect.yaml in `c:\\Users\\vinad\\OneDrive\\Documentos\\Curitiba 360\\dataconnect`\n"}}
[debug] [2026-07-20T19:25:11.451Z] E0720 16:25:11.450738   36444 watch.go:40] Failed to load config from "c:\\Users\\vinad\\OneDrive\\Documentos\\Curitiba 360\\dataconnect": could not find dataconnect.yaml in `c:\Users\vinad\OneDrive\Documentos\Curitiba 360\dataconnect`
 {"metadata":{"emulator":{"name":"dataconnect"},"message":"E0720 16:25:11.450738   36444 watch.go:40] Failed to load config from \"c:\\\\Users\\\\vinad\\\\OneDrive\\\\Documentos\\\\Curitiba 360\\\\dataconnect\": could not find dataconnect.yaml in `c:\\Users\\vinad\\OneDrive\\Documentos\\Curitiba 360\\dataconnect`\n"}}
[debug] [2026-07-20T19:25:21.450Z] E0720 16:25:21.450721   36444 watch.go:40] Failed to load config from "c:\\Users\\vinad\\OneDrive\\Documentos\\Curitiba 360\\dataconnect": could not find dataconnect.yaml in `c:\Users\vinad\OneDrive\Documentos\Curitiba 360\dataconnect`
 {"metadata":{"emulator":{"name":"dataconnect"},"message":"E0720 16:25:21.450721   36444 watch.go:40] Failed to load config from \"c:\\\\Users\\\\vinad\\\\OneDrive\\\\Documentos\\\\Curitiba 360\\\\dataconnect\": could not find dataconnect.yaml in `c:\\Users\\vinad\\OneDrive\\Documentos\\Curitiba 360\\dataconnect`\n"}}
[debug] [2026-07-20T19:25:31.451Z] E0720 16:25:31.450507   36444 watch.go:116] watchAllDir unable to walk dir `c:\Users\vinad\OneDrive\Documentos\Curitiba 360\dataconnect`: GetFileAttributesEx c:\Users\vinad\OneDrive\Documentos\Curitiba 360\dataconnect: The system cannot find the file specified.
 {"metadata":{"emulator":{"name":"dataconnect"},"message":"E0720 16:25:31.450507   36444 watch.go:116] watchAllDir unable to walk dir `c:\\Users\\vinad\\OneDrive\\Documentos\\Curitiba 360\\dataconnect`: GetFileAttributesEx c:\\Users\\vinad\\OneDrive\\Documentos\\Curitiba 360\\dataconnect: The system cannot find the file specified.\n"}}
[debug] [2026-07-20T19:25:31.452Z] E0720 16:25:31.451117   36444 watch.go:40] Failed to load config from "c:\\Users\\vinad\\OneDrive\\Documentos\\Curitiba 360\\dataconnect": could not find dataconnect.yaml in `c:\Users\vinad\OneDrive\Documentos\Curitiba 360\dataconnect`
 {"metadata":{"emulator":{"name":"dataconnect"},"message":"E0720 16:25:31.451117   36444 watch.go:40] Failed to load config from \"c:\\\\Users\\\\vinad\\\\OneDrive\\\\Documentos\\\\Curitiba 360\\\\dataconnect\": could not find dataconnect.yaml in `c:\\Users\\vinad\\OneDrive\\Documentos\\Curitiba 360\\dataconnect`\n"}}
[debug] [2026-07-20T19:25:41.450Z] E0720 16:25:41.450463   36444 watch.go:40] Failed to load config from "c:\\Users\\vinad\\OneDrive\\Documentos\\Curitiba 360\\dataconnect": could not find dataconnect.yaml in `c:\Users\vinad\OneDrive\Documentos\Curitiba 360\dataconnect`
 {"metadata":{"emulator":{"name":"dataconnect"},"message":"E0720 16:25:41.450463   36444 watch.go:40] Failed to load config from \"c:\\\\Users\\\\vinad\\\\OneDrive\\\\Documentos\\\\Curitiba 360\\\\dataconnect\": could not find dataconnect.yaml in `c:\\Users\\vinad\\OneDrive\\Documentos\\Curitiba 360\\dataconnect`\n"}}
[debug] [2026-07-20T19:25:51.450Z] E0720 16:25:51.450394   36444 watch.go:40] Failed to load config from "c:\\Users\\vinad\\OneDrive\\Documentos\\Curitiba 360\\dataconnect": could not find dataconnect.yaml in `c:\Users\vinad\OneDrive\Documentos\Curitiba 360\dataconnect`
 {"metadata":{"emulator":{"name":"dataconnect"},"message":"E0720 16:25:51.450394   36444 watch.go:40] Failed to load config from \"c:\\\\Users\\\\vinad\\\\OneDrive\\\\Documentos\\\\Curitiba 360\\\\dataconnect\": could not find dataconnect.yaml in `c:\\Users\\vinad\\OneDrive\\Documentos\\Curitiba 360\\dataconnect`\n"}}
[debug] [2026-07-20T19:26:01.450Z] E0720 16:26:01.450528   36444 watch.go:40] Failed to load config from "c:\\Users\\vinad\\OneDrive\\Documentos\\Curitiba 360\\dataconnect": could not find dataconnect.yaml in `c:\Users\vinad\OneDrive\Documentos\Curitiba 360\dataconnect`
 {"metadata":{"emulator":{"name":"dataconnect"},"message":"E0720 16:26:01.450528   36444 watch.go:40] Failed to load config from \"c:\\\\Users\\\\vinad\\\\OneDrive\\\\Documentos\\\\Curitiba 360\\\\dataconnect\": could not find dataconnect.yaml in `c:\\Users\\vinad\\OneDrive\\Documentos\\Curitiba 360\\dataconnect`\n"}}
[debug] [2026-07-20T19:26:11.451Z] E0720 16:26:11.450731   36444 watch.go:40] Failed to load config from "c:\\Users\\vinad\\OneDrive\\Documentos\\Curitiba 360\\dataconnect": could not find dataconnect.yaml in `c:\Users\vinad\OneDrive\Documentos\Curitiba 360\dataconnect`
 {"metadata":{"emulator":{"name":"dataconnect"},"message":"E0720 16:26:11.450731   36444 watch.go:40] Failed to load config from \"c:\\\\Users\\\\vinad\\\\OneDrive\\\\Documentos\\\\Curitiba 360\\\\dataconnect\": could not find dataconnect.yaml in `c:\\Users\\vinad\\OneDrive\\Documentos\\Curitiba 360\\dataconnect`\n"}}
[debug] [2026-07-20T19:26:21.451Z] E0720 16:26:21.450968   36444 watch.go:40] Failed to load config from "c:\\Users\\vinad\\OneDrive\\Documentos\\Curitiba 360\\dataconnect": could not find dataconnect.yaml in `c:\Users\vinad\OneDrive\Documentos\Curitiba 360\dataconnect`
 {"metadata":{"emulator":{"name":"dataconnect"},"message":"E0720 16:26:21.450968   36444 watch.go:40] Failed to load config from \"c:\\\\Users\\\\vinad\\\\OneDrive\\\\Documentos\\\\Curitiba 360\\\\dataconnect\": could not find dataconnect.yaml in `c:\\Users\\vinad\\OneDrive\\Documentos\\Curitiba 360\\dataconnect`\n"}}
[debug] [2026-07-20T19:26:31.451Z] E0720 16:26:31.450896   36444 watch.go:116] watchAllDir unable to walk dir `c:\Users\vinad\OneDrive\Documentos\Curitiba 360\dataconnect`: GetFileAttributesEx c:\Users\vinad\OneDrive\Documentos\Curitiba 360\dataconnect: The system cannot find the file specified.
 {"metadata":{"emulator":{"name":"dataconnect"},"message":"E0720 16:26:31.450896   36444 watch.go:116] watchAllDir unable to walk dir `c:\\Users\\vinad\\OneDrive\\Documentos\\Curitiba 360\\dataconnect`: GetFileAttributesEx c:\\Users\\vinad\\OneDrive\\Documentos\\Curitiba 360\\dataconnect: The system cannot find the file specified.\n"}}
[debug] [2026-07-20T19:26:31.452Z] E0720 16:26:31.450896   36444 watch.go:40] Failed to load config from "c:\\Users\\vinad\\OneDrive\\Documentos\\Curitiba 360\\dataconnect": could not find dataconnect.yaml in `c:\Users\vinad\OneDrive\Documentos\Curitiba 360\dataconnect`
 {"metadata":{"emulator":{"name":"dataconnect"},"message":"E0720 16:26:31.450896   36444 watch.go:40] Failed to load config from \"c:\\\\Users\\\\vinad\\\\OneDrive\\\\Documentos\\\\Curitiba 360\\\\dataconnect\": could not find dataconnect.yaml in `c:\\Users\\vinad\\OneDrive\\Documentos\\Curitiba 360\\dataconnect`\n"}}
[debug] [2026-07-20T19:26:41.451Z] E0720 16:26:41.450789   36444 watch.go:40] Failed to load config from "c:\\Users\\vinad\\OneDrive\\Documentos\\Curitiba 360\\dataconnect": could not find dataconnect.yaml in `c:\Users\vinad\OneDrive\Documentos\Curitiba 360\dataconnect`
 {"metadata":{"emulator":{"name":"dataconnect"},"message":"E0720 16:26:41.450789   36444 watch.go:40] Failed to load config from \"c:\\\\Users\\\\vinad\\\\OneDrive\\\\Documentos\\\\Curitiba 360\\\\dataconnect\": could not find dataconnect.yaml in `c:\\Users\\vinad\\OneDrive\\Documentos\\Curitiba 360\\dataconnect`\n"}}
[debug] [2026-07-20T19:26:51.451Z] E0720 16:26:51.450462   36444 watch.go:40] Failed to load config from "c:\\Users\\vinad\\OneDrive\\Documentos\\Curitiba 360\\dataconnect": could not find dataconnect.yaml in `c:\Users\vinad\OneDrive\Documentos\Curitiba 360\dataconnect`
 {"metadata":{"emulator":{"name":"dataconnect"},"message":"E0720 16:26:51.450462   36444 watch.go:40] Failed to load config from \"c:\\\\Users\\\\vinad\\\\OneDrive\\\\Documentos\\\\Curitiba 360\\\\dataconnect\": could not find dataconnect.yaml in `c:\\Users\\vinad\\OneDrive\\Documentos\\Curitiba 360\\dataconnect`\n"}}
[debug] [2026-07-20T19:27:01.451Z] E0720 16:27:01.450614   36444 watch.go:40] Failed to load config from "c:\\Users\\vinad\\OneDrive\\Documentos\\Curitiba 360\\dataconnect": could not find dataconnect.yaml in `c:\Users\vinad\OneDrive\Documentos\Curitiba 360\dataconnect`
 {"metadata":{"emulator":{"name":"dataconnect"},"message":"E0720 16:27:01.450614   36444 watch.go:40] Failed to load config from \"c:\\\\Users\\\\vinad\\\\OneDrive\\\\Documentos\\\\Curitiba 360\\\\dataconnect\": could not find dataconnect.yaml in `c:\\Users\\vinad\\OneDrive\\Documentos\\Curitiba 360\\dataconnect`\n"}}
[debug] [2026-07-20T19:27:11.451Z] E0720 16:27:11.450679   36444 watch.go:40] Failed to load config from "c:\\Users\\vinad\\OneDrive\\Documentos\\Curitiba 360\\dataconnect": could not find dataconnect.yaml in `c:\Users\vinad\OneDrive\Documentos\Curitiba 360\dataconnect`
 {"metadata":{"emulator":{"name":"dataconnect"},"message":"E0720 16:27:11.450679   36444 watch.go:40] Failed to load config from \"c:\\\\Users\\\\vinad\\\\OneDrive\\\\Documentos\\\\Curitiba 360\\\\dataconnect\": could not find dataconnect.yaml in `c:\\Users\\vinad\\OneDrive\\Documentos\\Curitiba 360\\dataconnect`\n"}}
[debug] [2026-07-20T19:27:21.451Z] E0720 16:27:21.451036   36444 watch.go:40] Failed to load config from "c:\\Users\\vinad\\OneDrive\\Documentos\\Curitiba 360\\dataconnect": could not find dataconnect.yaml in `c:\Users\vinad\OneDrive\Documentos\Curitiba 360\dataconnect`
 {"metadata":{"emulator":{"name":"dataconnect"},"message":"E0720 16:27:21.451036   36444 watch.go:40] Failed to load config from \"c:\\\\Users\\\\vinad\\\\OneDrive\\\\Documentos\\\\Curitiba 360\\\\dataconnect\": could not find dataconnect.yaml in `c:\\Users\\vinad\\OneDrive\\Documentos\\Curitiba 360\\dataconnect`\n"}}
[debug] [2026-07-20T19:27:31.450Z] E0720 16:27:31.450771   36444 watch.go:40] Failed to load config from "c:\\Users\\vinad\\OneDrive\\Documentos\\Curitiba 360\\dataconnect": could not find dataconnect.yaml in `c:\Users\vinad\OneDrive\Documentos\Curitiba 360\dataconnect`
 {"metadata":{"emulator":{"name":"dataconnect"},"message":"E0720 16:27:31.450771   36444 watch.go:40] Failed to load config from \"c:\\\\Users\\\\vinad\\\\OneDrive\\\\Documentos\\\\Curitiba 360\\\\dataconnect\": could not find dataconnect.yaml in `c:\\Users\\vinad\\OneDrive\\Documentos\\Curitiba 360\\dataconnect`\n"}}
[debug] [2026-07-20T19:27:31.452Z] E0720 16:27:31.450771   36444 watch.go:116] watchAllDir unable to walk dir `c:\Users\vinad\OneDrive\Documentos\Curitiba 360\dataconnect`: GetFileAttributesEx c:\Users\vinad\OneDrive\Documentos\Curitiba 360\dataconnect: The system cannot find the file specified.
 {"metadata":{"emulator":{"name":"dataconnect"},"message":"E0720 16:27:31.450771   36444 watch.go:116] watchAllDir unable to walk dir `c:\\Users\\vinad\\OneDrive\\Documentos\\Curitiba 360\\dataconnect`: GetFileAttributesEx c:\\Users\\vinad\\OneDrive\\Documentos\\Curitiba 360\\dataconnect: The system cannot find the file specified.\n"}}
[debug] [2026-07-20T19:27:41.451Z] E0720 16:27:41.450597   36444 watch.go:40] Failed to load config from "c:\\Users\\vinad\\OneDrive\\Documentos\\Curitiba 360\\dataconnect": could not find dataconnect.yaml in `c:\Users\vinad\OneDrive\Documentos\Curitiba 360\dataconnect`
 {"metadata":{"emulator":{"name":"dataconnect"},"message":"E0720 16:27:41.450597   36444 watch.go:40] Failed to load config from \"c:\\\\Users\\\\vinad\\\\OneDrive\\\\Documentos\\\\Curitiba 360\\\\dataconnect\": could not find dataconnect.yaml in `c:\\Users\\vinad\\OneDrive\\Documentos\\Curitiba 360\\dataconnect`\n"}}
[debug] [2026-07-20T19:27:51.450Z] E0720 16:27:51.450500   36444 watch.go:40] Failed to load config from "c:\\Users\\vinad\\OneDrive\\Documentos\\Curitiba 360\\dataconnect": could not find dataconnect.yaml in `c:\Users\vinad\OneDrive\Documentos\Curitiba 360\dataconnect`
 {"metadata":{"emulator":{"name":"dataconnect"},"message":"E0720 16:27:51.450500   36444 watch.go:40] Failed to load config from \"c:\\\\Users\\\\vinad\\\\OneDrive\\\\Documentos\\\\Curitiba 360\\\\dataconnect\": could not find dataconnect.yaml in `c:\\Users\\vinad\\OneDrive\\Documentos\\Curitiba 360\\dataconnect`\n"}}
[debug] [2026-07-20T19:28:01.451Z] E0720 16:28:01.450788   36444 watch.go:40] Failed to load config from "c:\\Users\\vinad\\OneDrive\\Documentos\\Curitiba 360\\dataconnect": could not find dataconnect.yaml in `c:\Users\vinad\OneDrive\Documentos\Curitiba 360\dataconnect`
 {"metadata":{"emulator":{"name":"dataconnect"},"message":"E0720 16:28:01.450788   36444 watch.go:40] Failed to load config from \"c:\\\\Users\\\\vinad\\\\OneDrive\\\\Documentos\\\\Curitiba 360\\\\dataconnect\": could not find dataconnect.yaml in `c:\\Users\\vinad\\OneDrive\\Documentos\\Curitiba 360\\dataconnect`\n"}}
[debug] [2026-07-20T19:28:11.451Z] E0720 16:28:11.450647   36444 watch.go:40] Failed to load config from "c:\\Users\\vinad\\OneDrive\\Documentos\\Curitiba 360\\dataconnect": could not find dataconnect.yaml in `c:\Users\vinad\OneDrive\Documentos\Curitiba 360\dataconnect`
 {"metadata":{"emulator":{"name":"dataconnect"},"message":"E0720 16:28:11.450647   36444 watch.go:40] Failed to load config from \"c:\\\\Users\\\\vinad\\\\OneDrive\\\\Documentos\\\\Curitiba 360\\\\dataconnect\": could not find dataconnect.yaml in `c:\\Users\\vinad\\OneDrive\\Documentos\\Curitiba 360\\dataconnect`\n"}}
[debug] [2026-07-20T19:28:21.451Z] E0720 16:28:21.451135   36444 watch.go:40] Failed to load config from "c:\\Users\\vinad\\OneDrive\\Documentos\\Curitiba 360\\dataconnect": could not find dataconnect.yaml in `c:\Users\vinad\OneDrive\Documentos\Curitiba 360\dataconnect`
 {"metadata":{"emulator":{"name":"dataconnect"},"message":"E0720 16:28:21.451135   36444 watch.go:40] Failed to load config from \"c:\\\\Users\\\\vinad\\\\OneDrive\\\\Documentos\\\\Curitiba 360\\\\dataconnect\": could not find dataconnect.yaml in `c:\\Users\\vinad\\OneDrive\\Documentos\\Curitiba 360\\dataconnect`\n"}}
[debug] [2026-07-20T19:28:31.450Z] E0720 16:28:31.450561   36444 watch.go:116] watchAllDir unable to walk dir `c:\Users\vinad\OneDrive\Documentos\Curitiba 360\dataconnect`: GetFileAttributesEx c:\Users\vinad\OneDrive\Documentos\Curitiba 360\dataconnect: The system cannot find the file specified.
 {"metadata":{"emulator":{"name":"dataconnect"},"message":"E0720 16:28:31.450561   36444 watch.go:116] watchAllDir unable to walk dir `c:\\Users\\vinad\\OneDrive\\Documentos\\Curitiba 360\\dataconnect`: GetFileAttributesEx c:\\Users\\vinad\\OneDrive\\Documentos\\Curitiba 360\\dataconnect: The system cannot find the file specified.\n"}}
[debug] [2026-07-20T19:28:31.451Z] E0720 16:28:31.450561   36444 watch.go:40] Failed to load config from "c:\\Users\\vinad\\OneDrive\\Documentos\\Curitiba 360\\dataconnect": could not find dataconnect.yaml in `c:\Users\vinad\OneDrive\Documentos\Curitiba 360\dataconnect`
 {"metadata":{"emulator":{"name":"dataconnect"},"message":"E0720 16:28:31.450561   36444 watch.go:40] Failed to load config from \"c:\\\\Users\\\\vinad\\\\OneDrive\\\\Documentos\\\\Curitiba 360\\\\dataconnect\": could not find dataconnect.yaml in `c:\\Users\\vinad\\OneDrive\\Documentos\\Curitiba 360\\dataconnect`\n"}}
[debug] [2026-07-20T19:28:41.450Z] E0720 16:28:41.450436   36444 watch.go:40] Failed to load config from "c:\\Users\\vinad\\OneDrive\\Documentos\\Curitiba 360\\dataconnect": could not find dataconnect.yaml in `c:\Users\vinad\OneDrive\Documentos\Curitiba 360\dataconnect`
 {"metadata":{"emulator":{"name":"dataconnect"},"message":"E0720 16:28:41.450436   36444 watch.go:40] Failed to load config from \"c:\\\\Users\\\\vinad\\\\OneDrive\\\\Documentos\\\\Curitiba 360\\\\dataconnect\": could not find dataconnect.yaml in `c:\\Users\\vinad\\OneDrive\\Documentos\\Curitiba 360\\dataconnect`\n"}}
[debug] [2026-07-20T19:28:51.450Z] E0720 16:28:51.450705   36444 watch.go:40] Failed to load config from "c:\\Users\\vinad\\OneDrive\\Documentos\\Curitiba 360\\dataconnect": could not find dataconnect.yaml in `c:\Users\vinad\OneDrive\Documentos\Curitiba 360\dataconnect`
 {"metadata":{"emulator":{"name":"dataconnect"},"message":"E0720 16:28:51.450705   36444 watch.go:40] Failed to load config from \"c:\\\\Users\\\\vinad\\\\OneDrive\\\\Documentos\\\\Curitiba 360\\\\dataconnect\": could not find dataconnect.yaml in `c:\\Users\\vinad\\OneDrive\\Documentos\\Curitiba 360\\dataconnect`\n"}}
[debug] [2026-07-20T19:29:01.450Z] E0720 16:29:01.450577   36444 watch.go:40] Failed to load config from "c:\\Users\\vinad\\OneDrive\\Documentos\\Curitiba 360\\dataconnect": could not find dataconnect.yaml in `c:\Users\vinad\OneDrive\Documentos\Curitiba 360\dataconnect`
 {"metadata":{"emulator":{"name":"dataconnect"},"message":"E0720 16:29:01.450577   36444 watch.go:40] Failed to load config from \"c:\\\\Users\\\\vinad\\\\OneDrive\\\\Documentos\\\\Curitiba 360\\\\dataconnect\": could not find dataconnect.yaml in `c:\\Users\\vinad\\OneDrive\\Documentos\\Curitiba 360\\dataconnect`\n"}}
[debug] [2026-07-20T19:29:11.450Z] E0720 16:29:11.450704   36444 watch.go:40] Failed to load config from "c:\\Users\\vinad\\OneDrive\\Documentos\\Curitiba 360\\dataconnect": could not find dataconnect.yaml in `c:\Users\vinad\OneDrive\Documentos\Curitiba 360\dataconnect`
 {"metadata":{"emulator":{"name":"dataconnect"},"message":"E0720 16:29:11.450704   36444 watch.go:40] Failed to load config from \"c:\\\\Users\\\\vinad\\\\OneDrive\\\\Documentos\\\\Curitiba 360\\\\dataconnect\": could not find dataconnect.yaml in `c:\\Users\\vinad\\OneDrive\\Documentos\\Curitiba 360\\dataconnect`\n"}}
[debug] [2026-07-20T19:29:21.450Z] E0720 16:29:21.450735   36444 watch.go:40] Failed to load config from "c:\\Users\\vinad\\OneDrive\\Documentos\\Curitiba 360\\dataconnect": could not find dataconnect.yaml in `c:\Users\vinad\OneDrive\Documentos\Curitiba 360\dataconnect`
 {"metadata":{"emulator":{"name":"dataconnect"},"message":"E0720 16:29:21.450735   36444 watch.go:40] Failed to load config from \"c:\\\\Users\\\\vinad\\\\OneDrive\\\\Documentos\\\\Curitiba 360\\\\dataconnect\": could not find dataconnect.yaml in `c:\\Users\\vinad\\OneDrive\\Documentos\\Curitiba 360\\dataconnect`\n"}}
[debug] [2026-07-20T19:29:31.450Z] E0720 16:29:31.450780   36444 watch.go:116] watchAllDir unable to walk dir `c:\Users\vinad\OneDrive\Documentos\Curitiba 360\dataconnect`: GetFileAttributesEx c:\Users\vinad\OneDrive\Documentos\Curitiba 360\dataconnect: The system cannot find the file specified.
 {"metadata":{"emulator":{"name":"dataconnect"},"message":"E0720 16:29:31.450780   36444 watch.go:116] watchAllDir unable to walk dir `c:\\Users\\vinad\\OneDrive\\Documentos\\Curitiba 360\\dataconnect`: GetFileAttributesEx c:\\Users\\vinad\\OneDrive\\Documentos\\Curitiba 360\\dataconnect: The system cannot find the file specified.\n"}}
[debug] [2026-07-20T19:29:31.452Z] E0720 16:29:31.452395   36444 watch.go:40] Failed to load config from "c:\\Users\\vinad\\OneDrive\\Documentos\\Curitiba 360\\dataconnect": could not find dataconnect.yaml in `c:\Users\vinad\OneDrive\Documentos\Curitiba 360\dataconnect`
 {"metadata":{"emulator":{"name":"dataconnect"},"message":"E0720 16:29:31.452395   36444 watch.go:40] Failed to load config from \"c:\\\\Users\\\\vinad\\\\OneDrive\\\\Documentos\\\\Curitiba 360\\\\dataconnect\": could not find dataconnect.yaml in `c:\\Users\\vinad\\OneDrive\\Documentos\\Curitiba 360\\dataconnect`\n"}}
[debug] [2026-07-20T19:29:41.450Z] E0720 16:29:41.450531   36444 watch.go:40] Failed to load config from "c:\\Users\\vinad\\OneDrive\\Documentos\\Curitiba 360\\dataconnect": could not find dataconnect.yaml in `c:\Users\vinad\OneDrive\Documentos\Curitiba 360\dataconnect`
 {"metadata":{"emulator":{"name":"dataconnect"},"message":"E0720 16:29:41.450531   36444 watch.go:40] Failed to load config from \"c:\\\\Users\\\\vinad\\\\OneDrive\\\\Documentos\\\\Curitiba 360\\\\dataconnect\": could not find dataconnect.yaml in `c:\\Users\\vinad\\OneDrive\\Documentos\\Curitiba 360\\dataconnect`\n"}}
[debug] [2026-07-20T19:29:51.450Z] E0720 16:29:51.450415   36444 watch.go:40] Failed to load config from "c:\\Users\\vinad\\OneDrive\\Documentos\\Curitiba 360\\dataconnect": could not find dataconnect.yaml in `c:\Users\vinad\OneDrive\Documentos\Curitiba 360\dataconnect`
 {"metadata":{"emulator":{"name":"dataconnect"},"message":"E0720 16:29:51.450415   36444 watch.go:40] Failed to load config from \"c:\\\\Users\\\\vinad\\\\OneDrive\\\\Documentos\\\\Curitiba 360\\\\dataconnect\": could not find dataconnect.yaml in `c:\\Users\\vinad\\OneDrive\\Documentos\\Curitiba 360\\dataconnect`\n"}}
[debug] [2026-07-20T19:30:01.450Z] E0720 16:30:01.450658   36444 watch.go:40] Failed to load config from "c:\\Users\\vinad\\OneDrive\\Documentos\\Curitiba 360\\dataconnect": could not find dataconnect.yaml in `c:\Users\vinad\OneDrive\Documentos\Curitiba 360\dataconnect`
 {"metadata":{"emulator":{"name":"dataconnect"},"message":"E0720 16:30:01.450658   36444 watch.go:40] Failed to load config from \"c:\\\\Users\\\\vinad\\\\OneDrive\\\\Documentos\\\\Curitiba 360\\\\dataconnect\": could not find dataconnect.yaml in `c:\\Users\\vinad\\OneDrive\\Documentos\\Curitiba 360\\dataconnect`\n"}}
[debug] [2026-07-20T19:30:11.450Z] E0720 16:30:11.450429   36444 watch.go:40] Failed to load config from "c:\\Users\\vinad\\OneDrive\\Documentos\\Curitiba 360\\dataconnect": could not find dataconnect.yaml in `c:\Users\vinad\OneDrive\Documentos\Curitiba 360\dataconnect`
 {"metadata":{"emulator":{"name":"dataconnect"},"message":"E0720 16:30:11.450429   36444 watch.go:40] Failed to load config from \"c:\\\\Users\\\\vinad\\\\OneDrive\\\\Documentos\\\\Curitiba 360\\\\dataconnect\": could not find dataconnect.yaml in `c:\\Users\\vinad\\OneDrive\\Documentos\\Curitiba 360\\dataconnect`\n"}}
[debug] [2026-07-20T19:30:21.450Z] E0720 16:30:21.450685   36444 watch.go:40] Failed to load config from "c:\\Users\\vinad\\OneDrive\\Documentos\\Curitiba 360\\dataconnect": could not find dataconnect.yaml in `c:\Users\vinad\OneDrive\Documentos\Curitiba 360\dataconnect`
 {"metadata":{"emulator":{"name":"dataconnect"},"message":"E0720 16:30:21.450685   36444 watch.go:40] Failed to load config from \"c:\\\\Users\\\\vinad\\\\OneDrive\\\\Documentos\\\\Curitiba 360\\\\dataconnect\": could not find dataconnect.yaml in `c:\\Users\\vinad\\OneDrive\\Documentos\\Curitiba 360\\dataconnect`\n"}}
[debug] [2026-07-20T19:30:31.450Z] E0720 16:30:31.450810   36444 watch.go:116] watchAllDir unable to walk dir `c:\Users\vinad\OneDrive\Documentos\Curitiba 360\dataconnect`: GetFileAttributesEx c:\Users\vinad\OneDrive\Documentos\Curitiba 360\dataconnect: The system cannot find the file specified.
 {"metadata":{"emulator":{"name":"dataconnect"},"message":"E0720 16:30:31.450810   36444 watch.go:116] watchAllDir unable to walk dir `c:\\Users\\vinad\\OneDrive\\Documentos\\Curitiba 360\\dataconnect`: GetFileAttributesEx c:\\Users\\vinad\\OneDrive\\Documentos\\Curitiba 360\\dataconnect: The system cannot find the file specified.\n"}}
[debug] [2026-07-20T19:30:31.451Z] E0720 16:30:31.450810   36444 watch.go:40] Failed to load config from "c:\\Users\\vinad\\OneDrive\\Documentos\\Curitiba 360\\dataconnect": could not find dataconnect.yaml in `c:\Users\vinad\OneDrive\Documentos\Curitiba 360\dataconnect`
 {"metadata":{"emulator":{"name":"dataconnect"},"message":"E0720 16:30:31.450810   36444 watch.go:40] Failed to load config from \"c:\\\\Users\\\\vinad\\\\OneDrive\\\\Documentos\\\\Curitiba 360\\\\dataconnect\": could not find dataconnect.yaml in `c:\\Users\\vinad\\OneDrive\\Documentos\\Curitiba 360\\dataconnect`\n"}}
[debug] [2026-07-20T19:30:41.450Z] E0720 16:30:41.450458   36444 watch.go:40] Failed to load config from "c:\\Users\\vinad\\OneDrive\\Documentos\\Curitiba 360\\dataconnect": could not find dataconnect.yaml in `c:\Users\vinad\OneDrive\Documentos\Curitiba 360\dataconnect`
 {"metadata":{"emulator":{"name":"dataconnect"},"message":"E0720 16:30:41.450458   36444 watch.go:40] Failed to load config from \"c:\\\\Users\\\\vinad\\\\OneDrive\\\\Documentos\\\\Curitiba 360\\\\dataconnect\": could not find dataconnect.yaml in `c:\\Users\\vinad\\OneDrive\\Documentos\\Curitiba 360\\dataconnect`\n"}}
[debug] [2026-07-20T19:30:51.451Z] E0720 16:30:51.450650   36444 watch.go:40] Failed to load config from "c:\\Users\\vinad\\OneDrive\\Documentos\\Curitiba 360\\dataconnect": could not find dataconnect.yaml in `c:\Users\vinad\OneDrive\Documentos\Curitiba 360\dataconnect`
 {"metadata":{"emulator":{"name":"dataconnect"},"message":"E0720 16:30:51.450650   36444 watch.go:40] Failed to load config from \"c:\\\\Users\\\\vinad\\\\OneDrive\\\\Documentos\\\\Curitiba 360\\\\dataconnect\": could not find dataconnect.yaml in `c:\\Users\\vinad\\OneDrive\\Documentos\\Curitiba 360\\dataconnect`\n"}}
[debug] [2026-07-20T19:31:01.451Z] E0720 16:31:01.450754   36444 watch.go:40] Failed to load config from "c:\\Users\\vinad\\OneDrive\\Documentos\\Curitiba 360\\dataconnect": could not find dataconnect.yaml in `c:\Users\vinad\OneDrive\Documentos\Curitiba 360\dataconnect`
 {"metadata":{"emulator":{"name":"dataconnect"},"message":"E0720 16:31:01.450754   36444 watch.go:40] Failed to load config from \"c:\\\\Users\\\\vinad\\\\OneDrive\\\\Documentos\\\\Curitiba 360\\\\dataconnect\": could not find dataconnect.yaml in `c:\\Users\\vinad\\OneDrive\\Documentos\\Curitiba 360\\dataconnect`\n"}}
[debug] [2026-07-20T19:31:11.450Z] E0720 16:31:11.450510   36444 watch.go:40] Failed to load config from "c:\\Users\\vinad\\OneDrive\\Documentos\\Curitiba 360\\dataconnect": could not find dataconnect.yaml in `c:\Users\vinad\OneDrive\Documentos\Curitiba 360\dataconnect`
 {"metadata":{"emulator":{"name":"dataconnect"},"message":"E0720 16:31:11.450510   36444 watch.go:40] Failed to load config from \"c:\\\\Users\\\\vinad\\\\OneDrive\\\\Documentos\\\\Curitiba 360\\\\dataconnect\": could not find dataconnect.yaml in `c:\\Users\\vinad\\OneDrive\\Documentos\\Curitiba 360\\dataconnect`\n"}}
[debug] [2026-07-20T19:31:21.450Z] E0720 16:31:21.450509   36444 watch.go:40] Failed to load config from "c:\\Users\\vinad\\OneDrive\\Documentos\\Curitiba 360\\dataconnect": could not find dataconnect.yaml in `c:\Users\vinad\OneDrive\Documentos\Curitiba 360\dataconnect`
 {"metadata":{"emulator":{"name":"dataconnect"},"message":"E0720 16:31:21.450509   36444 watch.go:40] Failed to load config from \"c:\\\\Users\\\\vinad\\\\OneDrive\\\\Documentos\\\\Curitiba 360\\\\dataconnect\": could not find dataconnect.yaml in `c:\\Users\\vinad\\OneDrive\\Documentos\\Curitiba 360\\dataconnect`\n"}}
[debug] [2026-07-20T19:31:31.450Z] E0720 16:31:31.450789   36444 watch.go:116] watchAllDir unable to walk dir `c:\Users\vinad\OneDrive\Documentos\Curitiba 360\dataconnect`: GetFileAttributesEx c:\Users\vinad\OneDrive\Documentos\Curitiba 360\dataconnect: The system cannot find the file specified.
 {"metadata":{"emulator":{"name":"dataconnect"},"message":"E0720 16:31:31.450789   36444 watch.go:116] watchAllDir unable to walk dir `c:\\Users\\vinad\\OneDrive\\Documentos\\Curitiba 360\\dataconnect`: GetFileAttributesEx c:\\Users\\vinad\\OneDrive\\Documentos\\Curitiba 360\\dataconnect: The system cannot find the file specified.\n"}}
[debug] [2026-07-20T19:31:31.451Z] E0720 16:31:31.450789   36444 watch.go:40] Failed to load config from "c:\\Users\\vinad\\OneDrive\\Documentos\\Curitiba 360\\dataconnect": could not find dataconnect.yaml in `c:\Users\vinad\OneDrive\Documentos\Curitiba 360\dataconnect`
 {"metadata":{"emulator":{"name":"dataconnect"},"message":"E0720 16:31:31.450789   36444 watch.go:40] Failed to load config from \"c:\\\\Users\\\\vinad\\\\OneDrive\\\\Documentos\\\\Curitiba 360\\\\dataconnect\": could not find dataconnect.yaml in `c:\\Users\\vinad\\OneDrive\\Documentos\\Curitiba 360\\dataconnect`\n"}}
[debug] [2026-07-20T19:31:41.450Z] E0720 16:31:41.450554   36444 watch.go:40] Failed to load config from "c:\\Users\\vinad\\OneDrive\\Documentos\\Curitiba 360\\dataconnect": could not find dataconnect.yaml in `c:\Users\vinad\OneDrive\Documentos\Curitiba 360\dataconnect`
 {"metadata":{"emulator":{"name":"dataconnect"},"message":"E0720 16:31:41.450554   36444 watch.go:40] Failed to load config from \"c:\\\\Users\\\\vinad\\\\OneDrive\\\\Documentos\\\\Curitiba 360\\\\dataconnect\": could not find dataconnect.yaml in `c:\\Users\\vinad\\OneDrive\\Documentos\\Curitiba 360\\dataconnect`\n"}}
[debug] [2026-07-20T19:31:51.450Z] E0720 16:31:51.450697   36444 watch.go:40] Failed to load config from "c:\\Users\\vinad\\OneDrive\\Documentos\\Curitiba 360\\dataconnect": could not find dataconnect.yaml in `c:\Users\vinad\OneDrive\Documentos\Curitiba 360\dataconnect`
 {"metadata":{"emulator":{"name":"dataconnect"},"message":"E0720 16:31:51.450697   36444 watch.go:40] Failed to load config from \"c:\\\\Users\\\\vinad\\\\OneDrive\\\\Documentos\\\\Curitiba 360\\\\dataconnect\": could not find dataconnect.yaml in `c:\\Users\\vinad\\OneDrive\\Documentos\\Curitiba 360\\dataconnect`\n"}}
[debug] [2026-07-20T19:32:01.450Z] E0720 16:32:01.450629   36444 watch.go:40] Failed to load config from "c:\\Users\\vinad\\OneDrive\\Documentos\\Curitiba 360\\dataconnect": could not find dataconnect.yaml in `c:\Users\vinad\OneDrive\Documentos\Curitiba 360\dataconnect`
 {"metadata":{"emulator":{"name":"dataconnect"},"message":"E0720 16:32:01.450629   36444 watch.go:40] Failed to load config from \"c:\\\\Users\\\\vinad\\\\OneDrive\\\\Documentos\\\\Curitiba 360\\\\dataconnect\": could not find dataconnect.yaml in `c:\\Users\\vinad\\OneDrive\\Documentos\\Curitiba 360\\dataconnect`\n"}}
[debug] [2026-07-20T19:32:11.450Z] E0720 16:32:11.450346   36444 watch.go:40] Failed to load config from "c:\\Users\\vinad\\OneDrive\\Documentos\\Curitiba 360\\dataconnect": could not find dataconnect.yaml in `c:\Users\vinad\OneDrive\Documentos\Curitiba 360\dataconnect`
 {"metadata":{"emulator":{"name":"dataconnect"},"message":"E0720 16:32:11.450346   36444 watch.go:40] Failed to load config from \"c:\\\\Users\\\\vinad\\\\OneDrive\\\\Documentos\\\\Curitiba 360\\\\dataconnect\": could not find dataconnect.yaml in `c:\\Users\\vinad\\OneDrive\\Documentos\\Curitiba 360\\dataconnect`\n"}}
[debug] [2026-07-20T19:32:21.451Z] E0720 16:32:21.450767   36444 watch.go:40] Failed to load config from "c:\\Users\\vinad\\OneDrive\\Documentos\\Curitiba 360\\dataconnect": could not find dataconnect.yaml in `c:\Users\vinad\OneDrive\Documentos\Curitiba 360\dataconnect`
 {"metadata":{"emulator":{"name":"dataconnect"},"message":"E0720 16:32:21.450767   36444 watch.go:40] Failed to load config from \"c:\\\\Users\\\\vinad\\\\OneDrive\\\\Documentos\\\\Curitiba 360\\\\dataconnect\": could not find dataconnect.yaml in `c:\\Users\\vinad\\OneDrive\\Documentos\\Curitiba 360\\dataconnect`\n"}}
[debug] [2026-07-20T19:32:31.450Z] E0720 16:32:31.450738   36444 watch.go:116] watchAllDir unable to walk dir `c:\Users\vinad\OneDrive\Documentos\Curitiba 360\dataconnect`: GetFileAttributesEx c:\Users\vinad\OneDrive\Documentos\Curitiba 360\dataconnect: The system cannot find the file specified.
 {"metadata":{"emulator":{"name":"dataconnect"},"message":"E0720 16:32:31.450738   36444 watch.go:116] watchAllDir unable to walk dir `c:\\Users\\vinad\\OneDrive\\Documentos\\Curitiba 360\\dataconnect`: GetFileAttributesEx c:\\Users\\vinad\\OneDrive\\Documentos\\Curitiba 360\\dataconnect: The system cannot find the file specified.\n"}}
[debug] [2026-07-20T19:32:31.451Z] E0720 16:32:31.450738   36444 watch.go:40] Failed to load config from "c:\\Users\\vinad\\OneDrive\\Documentos\\Curitiba 360\\dataconnect": could not find dataconnect.yaml in `c:\Users\vinad\OneDrive\Documentos\Curitiba 360\dataconnect`
 {"metadata":{"emulator":{"name":"dataconnect"},"message":"E0720 16:32:31.450738   36444 watch.go:40] Failed to load config from \"c:\\\\Users\\\\vinad\\\\OneDrive\\\\Documentos\\\\Curitiba 360\\\\dataconnect\": could not find dataconnect.yaml in `c:\\Users\\vinad\\OneDrive\\Documentos\\Curitiba 360\\dataconnect`\n"}}
[debug] [2026-07-20T19:32:41.450Z] E0720 16:32:41.450639   36444 watch.go:40] Failed to load config from "c:\\Users\\vinad\\OneDrive\\Documentos\\Curitiba 360\\dataconnect": could not find dataconnect.yaml in `c:\Users\vinad\OneDrive\Documentos\Curitiba 360\dataconnect`
 {"metadata":{"emulator":{"name":"dataconnect"},"message":"E0720 16:32:41.450639   36444 watch.go:40] Failed to load config from \"c:\\\\Users\\\\vinad\\\\OneDrive\\\\Documentos\\\\Curitiba 360\\\\dataconnect\": could not find dataconnect.yaml in `c:\\Users\\vinad\\OneDrive\\Documentos\\Curitiba 360\\dataconnect`\n"}}
[debug] [2026-07-20T19:32:51.451Z] E0720 16:32:51.450793   36444 watch.go:40] Failed to load config from "c:\\Users\\vinad\\OneDrive\\Documentos\\Curitiba 360\\dataconnect": could not find dataconnect.yaml in `c:\Users\vinad\OneDrive\Documentos\Curitiba 360\dataconnect`
 {"metadata":{"emulator":{"name":"dataconnect"},"message":"E0720 16:32:51.450793   36444 watch.go:40] Failed to load config from \"c:\\\\Users\\\\vinad\\\\OneDrive\\\\Documentos\\\\Curitiba 360\\\\dataconnect\": could not find dataconnect.yaml in `c:\\Users\\vinad\\OneDrive\\Documentos\\Curitiba 360\\dataconnect`\n"}}
[debug] [2026-07-20T19:33:01.450Z] E0720 16:33:01.450513   36444 watch.go:40] Failed to load config from "c:\\Users\\vinad\\OneDrive\\Documentos\\Curitiba 360\\dataconnect": could not find dataconnect.yaml in `c:\Users\vinad\OneDrive\Documentos\Curitiba 360\dataconnect`
 {"metadata":{"emulator":{"name":"dataconnect"},"message":"E0720 16:33:01.450513   36444 watch.go:40] Failed to load config from \"c:\\\\Users\\\\vinad\\\\OneDrive\\\\Documentos\\\\Curitiba 360\\\\dataconnect\": could not find dataconnect.yaml in `c:\\Users\\vinad\\OneDrive\\Documentos\\Curitiba 360\\dataconnect`\n"}}
[debug] [2026-07-20T19:33:11.450Z] E0720 16:33:11.450408   36444 watch.go:40] Failed to load config from "c:\\Users\\vinad\\OneDrive\\Documentos\\Curitiba 360\\dataconnect": could not find dataconnect.yaml in `c:\Users\vinad\OneDrive\Documentos\Curitiba 360\dataconnect`
 {"metadata":{"emulator":{"name":"dataconnect"},"message":"E0720 16:33:11.450408   36444 watch.go:40] Failed to load config from \"c:\\\\Users\\\\vinad\\\\OneDrive\\\\Documentos\\\\Curitiba 360\\\\dataconnect\": could not find dataconnect.yaml in `c:\\Users\\vinad\\OneDrive\\Documentos\\Curitiba 360\\dataconnect`\n"}}
[debug] [2026-07-20T19:33:21.450Z] E0720 16:33:21.450631   36444 watch.go:40] Failed to load config from "c:\\Users\\vinad\\OneDrive\\Documentos\\Curitiba 360\\dataconnect": could not find dataconnect.yaml in `c:\Users\vinad\OneDrive\Documentos\Curitiba 360\dataconnect`
 {"metadata":{"emulator":{"name":"dataconnect"},"message":"E0720 16:33:21.450631   36444 watch.go:40] Failed to load config from \"c:\\\\Users\\\\vinad\\\\OneDrive\\\\Documentos\\\\Curitiba 360\\\\dataconnect\": could not find dataconnect.yaml in `c:\\Users\\vinad\\OneDrive\\Documentos\\Curitiba 360\\dataconnect`\n"}}
[debug] [2026-07-20T19:33:31.450Z] E0720 16:33:31.450509   36444 watch.go:116] watchAllDir unable to walk dir `c:\Users\vinad\OneDrive\Documentos\Curitiba 360\dataconnect`: GetFileAttributesEx c:\Users\vinad\OneDrive\Documentos\Curitiba 360\dataconnect: The system cannot find the file specified.
 {"metadata":{"emulator":{"name":"dataconnect"},"message":"E0720 16:33:31.450509   36444 watch.go:116] watchAllDir unable to walk dir `c:\\Users\\vinad\\OneDrive\\Documentos\\Curitiba 360\\dataconnect`: GetFileAttributesEx c:\\Users\\vinad\\OneDrive\\Documentos\\Curitiba 360\\dataconnect: The system cannot find the file specified.\n"}}
[debug] [2026-07-20T19:33:31.451Z] E0720 16:33:31.450509   36444 watch.go:40] Failed to load config from "c:\\Users\\vinad\\OneDrive\\Documentos\\Curitiba 360\\dataconnect": could not find dataconnect.yaml in `c:\Users\vinad\OneDrive\Documentos\Curitiba 360\dataconnect`
 {"metadata":{"emulator":{"name":"dataconnect"},"message":"E0720 16:33:31.450509   36444 watch.go:40] Failed to load config from \"c:\\\\Users\\\\vinad\\\\OneDrive\\\\Documentos\\\\Curitiba 360\\\\dataconnect\": could not find dataconnect.yaml in `c:\\Users\\vinad\\OneDrive\\Documentos\\Curitiba 360\\dataconnect`\n"}}
[debug] [2026-07-20T19:33:41.451Z] E0720 16:33:41.450746   36444 watch.go:40] Failed to load config from "c:\\Users\\vinad\\OneDrive\\Documentos\\Curitiba 360\\dataconnect": could not find dataconnect.yaml in `c:\Users\vinad\OneDrive\Documentos\Curitiba 360\dataconnect`
 {"metadata":{"emulator":{"name":"dataconnect"},"message":"E0720 16:33:41.450746   36444 watch.go:40] Failed to load config from \"c:\\\\Users\\\\vinad\\\\OneDrive\\\\Documentos\\\\Curitiba 360\\\\dataconnect\": could not find dataconnect.yaml in `c:\\Users\\vinad\\OneDrive\\Documentos\\Curitiba 360\\dataconnect`\n"}}
[debug] [2026-07-20T19:33:51.450Z] E0720 16:33:51.450635   36444 watch.go:40] Failed to load config from "c:\\Users\\vinad\\OneDrive\\Documentos\\Curitiba 360\\dataconnect": could not find dataconnect.yaml in `c:\Users\vinad\OneDrive\Documentos\Curitiba 360\dataconnect`
 {"metadata":{"emulator":{"name":"dataconnect"},"message":"E0720 16:33:51.450635   36444 watch.go:40] Failed to load config from \"c:\\\\Users\\\\vinad\\\\OneDrive\\\\Documentos\\\\Curitiba 360\\\\dataconnect\": could not find dataconnect.yaml in `c:\\Users\\vinad\\OneDrive\\Documentos\\Curitiba 360\\dataconnect`\n"}}
[debug] [2026-07-20T19:34:01.451Z] E0720 16:34:01.450695   36444 watch.go:40] Failed to load config from "c:\\Users\\vinad\\OneDrive\\Documentos\\Curitiba 360\\dataconnect": could not find dataconnect.yaml in `c:\Users\vinad\OneDrive\Documentos\Curitiba 360\dataconnect`
 {"metadata":{"emulator":{"name":"dataconnect"},"message":"E0720 16:34:01.450695   36444 watch.go:40] Failed to load config from \"c:\\\\Users\\\\vinad\\\\OneDrive\\\\Documentos\\\\Curitiba 360\\\\dataconnect\": could not find dataconnect.yaml in `c:\\Users\\vinad\\OneDrive\\Documentos\\Curitiba 360\\dataconnect`\n"}}
[debug] [2026-07-20T19:34:11.451Z] E0720 16:34:11.450629   36444 watch.go:40] Failed to load config from "c:\\Users\\vinad\\OneDrive\\Documentos\\Curitiba 360\\dataconnect": could not find dataconnect.yaml in `c:\Users\vinad\OneDrive\Documentos\Curitiba 360\dataconnect`
 {"metadata":{"emulator":{"name":"dataconnect"},"message":"E0720 16:34:11.450629   36444 watch.go:40] Failed to load config from \"c:\\\\Users\\\\vinad\\\\OneDrive\\\\Documentos\\\\Curitiba 360\\\\dataconnect\": could not find dataconnect.yaml in `c:\\Users\\vinad\\OneDrive\\Documentos\\Curitiba 360\\dataconnect`\n"}}
[debug] [2026-07-20T19:34:21.450Z] E0720 16:34:21.450491   36444 watch.go:40] Failed to load config from "c:\\Users\\vinad\\OneDrive\\Documentos\\Curitiba 360\\dataconnect": could not find dataconnect.yaml in `c:\Users\vinad\OneDrive\Documentos\Curitiba 360\dataconnect`
 {"metadata":{"emulator":{"name":"dataconnect"},"message":"E0720 16:34:21.450491   36444 watch.go:40] Failed to load config from \"c:\\\\Users\\\\vinad\\\\OneDrive\\\\Documentos\\\\Curitiba 360\\\\dataconnect\": could not find dataconnect.yaml in `c:\\Users\\vinad\\OneDrive\\Documentos\\Curitiba 360\\dataconnect`\n"}}
[debug] [2026-07-20T19:34:31.451Z] E0720 16:34:31.450375   36444 watch.go:116] watchAllDir unable to walk dir `c:\Users\vinad\OneDrive\Documentos\Curitiba 360\dataconnect`: GetFileAttributesEx c:\Users\vinad\OneDrive\Documentos\Curitiba 360\dataconnect: The system cannot find the file specified.
E0720 16:34:31.450375   36444 watch.go:40] Failed to load config from "c:\\Users\\vinad\\OneDrive\\Documentos\\Curitiba 360\\dataconnect": could not find dataconnect.yaml in `c:\Users\vinad\OneDrive\Documentos\Curitiba 360\dataconnect`
 {"metadata":{"emulator":{"name":"dataconnect"},"message":"E0720 16:34:31.450375   36444 watch.go:116] watchAllDir unable to walk dir `c:\\Users\\vinad\\OneDrive\\Documentos\\Curitiba 360\\dataconnect`: GetFileAttributesEx c:\\Users\\vinad\\OneDrive\\Documentos\\Curitiba 360\\dataconnect: The system cannot find the file specified.\nE0720 16:34:31.450375   36444 watch.go:40] Failed to load config from \"c:\\\\Users\\\\vinad\\\\OneDrive\\\\Documentos\\\\Curitiba 360\\\\dataconnect\": could not find dataconnect.yaml in `c:\\Users\\vinad\\OneDrive\\Documentos\\Curitiba 360\\dataconnect`\n"}}
[debug] [2026-07-20T19:34:41.451Z] E0720 16:34:41.450740   36444 watch.go:40] Failed to load config from "c:\\Users\\vinad\\OneDrive\\Documentos\\Curitiba 360\\dataconnect": could not find dataconnect.yaml in `c:\Users\vinad\OneDrive\Documentos\Curitiba 360\dataconnect`
 {"metadata":{"emulator":{"name":"dataconnect"},"message":"E0720 16:34:41.450740   36444 watch.go:40] Failed to load config from \"c:\\\\Users\\\\vinad\\\\OneDrive\\\\Documentos\\\\Curitiba 360\\\\dataconnect\": could not find dataconnect.yaml in `c:\\Users\\vinad\\OneDrive\\Documentos\\Curitiba 360\\dataconnect`\n"}}
[debug] [2026-07-20T19:34:51.450Z] E0720 16:34:51.450632   36444 watch.go:40] Failed to load config from "c:\\Users\\vinad\\OneDrive\\Documentos\\Curitiba 360\\dataconnect": could not find dataconnect.yaml in `c:\Users\vinad\OneDrive\Documentos\Curitiba 360\dataconnect`
 {"metadata":{"emulator":{"name":"dataconnect"},"message":"E0720 16:34:51.450632   36444 watch.go:40] Failed to load config from \"c:\\\\Users\\\\vinad\\\\OneDrive\\\\Documentos\\\\Curitiba 360\\\\dataconnect\": could not find dataconnect.yaml in `c:\\Users\\vinad\\OneDrive\\Documentos\\Curitiba 360\\dataconnect`\n"}}
[debug] [2026-07-20T19:35:01.451Z] E0720 16:35:01.450750   36444 watch.go:40] Failed to load config from "c:\\Users\\vinad\\OneDrive\\Documentos\\Curitiba 360\\dataconnect": could not find dataconnect.yaml in `c:\Users\vinad\OneDrive\Documentos\Curitiba 360\dataconnect`
 {"metadata":{"emulator":{"name":"dataconnect"},"message":"E0720 16:35:01.450750   36444 watch.go:40] Failed to load config from \"c:\\\\Users\\\\vinad\\\\OneDrive\\\\Documentos\\\\Curitiba 360\\\\dataconnect\": could not find dataconnect.yaml in `c:\\Users\\vinad\\OneDrive\\Documentos\\Curitiba 360\\dataconnect`\n"}}
[debug] [2026-07-20T19:35:11.450Z] E0720 16:35:11.450550   36444 watch.go:40] Failed to load config from "c:\\Users\\vinad\\OneDrive\\Documentos\\Curitiba 360\\dataconnect": could not find dataconnect.yaml in `c:\Users\vinad\OneDrive\Documentos\Curitiba 360\dataconnect`
 {"metadata":{"emulator":{"name":"dataconnect"},"message":"E0720 16:35:11.450550   36444 watch.go:40] Failed to load config from \"c:\\\\Users\\\\vinad\\\\OneDrive\\\\Documentos\\\\Curitiba 360\\\\dataconnect\": could not find dataconnect.yaml in `c:\\Users\\vinad\\OneDrive\\Documentos\\Curitiba 360\\dataconnect`\n"}}
[debug] [2026-07-20T19:35:21.450Z] E0720 16:35:21.450424   36444 watch.go:40] Failed to load config from "c:\\Users\\vinad\\OneDrive\\Documentos\\Curitiba 360\\dataconnect": could not find dataconnect.yaml in `c:\Users\vinad\OneDrive\Documentos\Curitiba 360\dataconnect`
 {"metadata":{"emulator":{"name":"dataconnect"},"message":"E0720 16:35:21.450424   36444 watch.go:40] Failed to load config from \"c:\\\\Users\\\\vinad\\\\OneDrive\\\\Documentos\\\\Curitiba 360\\\\dataconnect\": could not find dataconnect.yaml in `c:\\Users\\vinad\\OneDrive\\Documentos\\Curitiba 360\\dataconnect`\n"}}
[debug] [2026-07-20T19:35:31.450Z] E0720 16:35:31.450663   36444 watch.go:116] watchAllDir unable to walk dir `c:\Users\vinad\OneDrive\Documentos\Curitiba 360\dataconnect`: GetFileAttributesEx c:\Users\vinad\OneDrive\Documentos\Curitiba 360\dataconnect: The system cannot find the file specified.
 {"metadata":{"emulator":{"name":"dataconnect"},"message":"E0720 16:35:31.450663   36444 watch.go:116] watchAllDir unable to walk dir `c:\\Users\\vinad\\OneDrive\\Documentos\\Curitiba 360\\dataconnect`: GetFileAttributesEx c:\\Users\\vinad\\OneDrive\\Documentos\\Curitiba 360\\dataconnect: The system cannot find the file specified.\n"}}
[debug] [2026-07-20T19:35:31.451Z] E0720 16:35:31.450663   36444 watch.go:40] Failed to load config from "c:\\Users\\vinad\\OneDrive\\Documentos\\Curitiba 360\\dataconnect": could not find dataconnect.yaml in `c:\Users\vinad\OneDrive\Documentos\Curitiba 360\dataconnect`
 {"metadata":{"emulator":{"name":"dataconnect"},"message":"E0720 16:35:31.450663   36444 watch.go:40] Failed to load config from \"c:\\\\Users\\\\vinad\\\\OneDrive\\\\Documentos\\\\Curitiba 360\\\\dataconnect\": could not find dataconnect.yaml in `c:\\Users\\vinad\\OneDrive\\Documentos\\Curitiba 360\\dataconnect`\n"}}
[debug] [2026-07-20T19:35:41.451Z] E0720 16:35:41.450712   36444 watch.go:40] Failed to load config from "c:\\Users\\vinad\\OneDrive\\Documentos\\Curitiba 360\\dataconnect": could not find dataconnect.yaml in `c:\Users\vinad\OneDrive\Documentos\Curitiba 360\dataconnect`
 {"metadata":{"emulator":{"name":"dataconnect"},"message":"E0720 16:35:41.450712   36444 watch.go:40] Failed to load config from \"c:\\\\Users\\\\vinad\\\\OneDrive\\\\Documentos\\\\Curitiba 360\\\\dataconnect\": could not find dataconnect.yaml in `c:\\Users\\vinad\\OneDrive\\Documentos\\Curitiba 360\\dataconnect`\n"}}
[debug] [2026-07-20T19:35:51.450Z] E0720 16:35:51.450469   36444 watch.go:40] Failed to load config from "c:\\Users\\vinad\\OneDrive\\Documentos\\Curitiba 360\\dataconnect": could not find dataconnect.yaml in `c:\Users\vinad\OneDrive\Documentos\Curitiba 360\dataconnect`
 {"metadata":{"emulator":{"name":"dataconnect"},"message":"E0720 16:35:51.450469   36444 watch.go:40] Failed to load config from \"c:\\\\Users\\\\vinad\\\\OneDrive\\\\Documentos\\\\Curitiba 360\\\\dataconnect\": could not find dataconnect.yaml in `c:\\Users\\vinad\\OneDrive\\Documentos\\Curitiba 360\\dataconnect`\n"}}
[debug] [2026-07-20T19:36:01.450Z] E0720 16:36:01.450804   36444 watch.go:40] Failed to load config from "c:\\Users\\vinad\\OneDrive\\Documentos\\Curitiba 360\\dataconnect": could not find dataconnect.yaml in `c:\Users\vinad\OneDrive\Documentos\Curitiba 360\dataconnect`
 {"metadata":{"emulator":{"name":"dataconnect"},"message":"E0720 16:36:01.450804   36444 watch.go:40] Failed to load config from \"c:\\\\Users\\\\vinad\\\\OneDrive\\\\Documentos\\\\Curitiba 360\\\\dataconnect\": could not find dataconnect.yaml in `c:\\Users\\vinad\\OneDrive\\Documentos\\Curitiba 360\\dataconnect`\n"}}
[debug] [2026-07-20T19:36:11.451Z] E0720 16:36:11.450800   36444 watch.go:40] Failed to load config from "c:\\Users\\vinad\\OneDrive\\Documentos\\Curitiba 360\\dataconnect": could not find dataconnect.yaml in `c:\Users\vinad\OneDrive\Documentos\Curitiba 360\dataconnect`
 {"metadata":{"emulator":{"name":"dataconnect"},"message":"E0720 16:36:11.450800   36444 watch.go:40] Failed to load config from \"c:\\\\Users\\\\vinad\\\\OneDrive\\\\Documentos\\\\Curitiba 360\\\\dataconnect\": could not find dataconnect.yaml in `c:\\Users\\vinad\\OneDrive\\Documentos\\Curitiba 360\\dataconnect`\n"}}
[debug] [2026-07-20T19:36:21.450Z] E0720 16:36:21.450647   36444 watch.go:40] Failed to load config from "c:\\Users\\vinad\\OneDrive\\Documentos\\Curitiba 360\\dataconnect": could not find dataconnect.yaml in `c:\Users\vinad\OneDrive\Documentos\Curitiba 360\dataconnect`
 {"metadata":{"emulator":{"name":"dataconnect"},"message":"E0720 16:36:21.450647   36444 watch.go:40] Failed to load config from \"c:\\\\Users\\\\vinad\\\\OneDrive\\\\Documentos\\\\Curitiba 360\\\\dataconnect\": could not find dataconnect.yaml in `c:\\Users\\vinad\\OneDrive\\Documentos\\Curitiba 360\\dataconnect`\n"}}
[debug] [2026-07-20T19:36:31.450Z] E0720 16:36:31.450705   36444 watch.go:116] watchAllDir unable to walk dir `c:\Users\vinad\OneDrive\Documentos\Curitiba 360\dataconnect`: GetFileAttributesEx c:\Users\vinad\OneDrive\Documentos\Curitiba 360\dataconnect: The system cannot find the file specified.
 {"metadata":{"emulator":{"name":"dataconnect"},"message":"E0720 16:36:31.450705   36444 watch.go:116] watchAllDir unable to walk dir `c:\\Users\\vinad\\OneDrive\\Documentos\\Curitiba 360\\dataconnect`: GetFileAttributesEx c:\\Users\\vinad\\OneDrive\\Documentos\\Curitiba 360\\dataconnect: The system cannot find the file specified.\n"}}
[debug] [2026-07-20T19:36:31.451Z] E0720 16:36:31.450705   36444 watch.go:40] Failed to load config from "c:\\Users\\vinad\\OneDrive\\Documentos\\Curitiba 360\\dataconnect": could not find dataconnect.yaml in `c:\Users\vinad\OneDrive\Documentos\Curitiba 360\dataconnect`
 {"metadata":{"emulator":{"name":"dataconnect"},"message":"E0720 16:36:31.450705   36444 watch.go:40] Failed to load config from \"c:\\\\Users\\\\vinad\\\\OneDrive\\\\Documentos\\\\Curitiba 360\\\\dataconnect\": could not find dataconnect.yaml in `c:\\Users\\vinad\\OneDrive\\Documentos\\Curitiba 360\\dataconnect`\n"}}
[debug] [2026-07-20T19:36:41.451Z] E0720 16:36:41.450775   36444 watch.go:40] Failed to load config from "c:\\Users\\vinad\\OneDrive\\Documentos\\Curitiba 360\\dataconnect": could not find dataconnect.yaml in `c:\Users\vinad\OneDrive\Documentos\Curitiba 360\dataconnect`
 {"metadata":{"emulator":{"name":"dataconnect"},"message":"E0720 16:36:41.450775   36444 watch.go:40] Failed to load config from \"c:\\\\Users\\\\vinad\\\\OneDrive\\\\Documentos\\\\Curitiba 360\\\\dataconnect\": could not find dataconnect.yaml in `c:\\Users\\vinad\\OneDrive\\Documentos\\Curitiba 360\\dataconnect`\n"}}
[debug] [2026-07-20T19:36:51.450Z] E0720 16:36:51.450670   36444 watch.go:40] Failed to load config from "c:\\Users\\vinad\\OneDrive\\Documentos\\Curitiba 360\\dataconnect": could not find dataconnect.yaml in `c:\Users\vinad\OneDrive\Documentos\Curitiba 360\dataconnect`
 {"metadata":{"emulator":{"name":"dataconnect"},"message":"E0720 16:36:51.450670   36444 watch.go:40] Failed to load config from \"c:\\\\Users\\\\vinad\\\\OneDrive\\\\Documentos\\\\Curitiba 360\\\\dataconnect\": could not find dataconnect.yaml in `c:\\Users\\vinad\\OneDrive\\Documentos\\Curitiba 360\\dataconnect`\n"}}
[debug] [2026-07-20T19:37:01.451Z] E0720 16:37:01.450886   36444 watch.go:40] Failed to load config from "c:\\Users\\vinad\\OneDrive\\Documentos\\Curitiba 360\\dataconnect": could not find dataconnect.yaml in `c:\Users\vinad\OneDrive\Documentos\Curitiba 360\dataconnect`
 {"metadata":{"emulator":{"name":"dataconnect"},"message":"E0720 16:37:01.450886   36444 watch.go:40] Failed to load config from \"c:\\\\Users\\\\vinad\\\\OneDrive\\\\Documentos\\\\Curitiba 360\\\\dataconnect\": could not find dataconnect.yaml in `c:\\Users\\vinad\\OneDrive\\Documentos\\Curitiba 360\\dataconnect`\n"}}
[debug] [2026-07-20T19:37:11.450Z] E0720 16:37:11.450542   36444 watch.go:40] Failed to load config from "c:\\Users\\vinad\\OneDrive\\Documentos\\Curitiba 360\\dataconnect": could not find dataconnect.yaml in `c:\Users\vinad\OneDrive\Documentos\Curitiba 360\dataconnect`
 {"metadata":{"emulator":{"name":"dataconnect"},"message":"E0720 16:37:11.450542   36444 watch.go:40] Failed to load config from \"c:\\\\Users\\\\vinad\\\\OneDrive\\\\Documentos\\\\Curitiba 360\\\\dataconnect\": could not find dataconnect.yaml in `c:\\Users\\vinad\\OneDrive\\Documentos\\Curitiba 360\\dataconnect`\n"}}
[debug] [2026-07-20T19:37:21.450Z] E0720 16:37:21.450544   36444 watch.go:40] Failed to load config from "c:\\Users\\vinad\\OneDrive\\Documentos\\Curitiba 360\\dataconnect": could not find dataconnect.yaml in `c:\Users\vinad\OneDrive\Documentos\Curitiba 360\dataconnect`
 {"metadata":{"emulator":{"name":"dataconnect"},"message":"E0720 16:37:21.450544   36444 watch.go:40] Failed to load config from \"c:\\\\Users\\\\vinad\\\\OneDrive\\\\Documentos\\\\Curitiba 360\\\\dataconnect\": could not find dataconnect.yaml in `c:\\Users\\vinad\\OneDrive\\Documentos\\Curitiba 360\\dataconnect`\n"}}
[debug] [2026-07-20T19:37:31.450Z] E0720 16:37:31.450802   36444 watch.go:116] watchAllDir unable to walk dir `c:\Users\vinad\OneDrive\Documentos\Curitiba 360\dataconnect`: GetFileAttributesEx c:\Users\vinad\OneDrive\Documentos\Curitiba 360\dataconnect: The system cannot find the file specified.
 {"metadata":{"emulator":{"name":"dataconnect"},"message":"E0720 16:37:31.450802   36444 watch.go:116] watchAllDir unable to walk dir `c:\\Users\\vinad\\OneDrive\\Documentos\\Curitiba 360\\dataconnect`: GetFileAttributesEx c:\\Users\\vinad\\OneDrive\\Documentos\\Curitiba 360\\dataconnect: The system cannot find the file specified.\n"}}
[debug] [2026-07-20T19:37:31.451Z] E0720 16:37:31.450802   36444 watch.go:40] Failed to load config from "c:\\Users\\vinad\\OneDrive\\Documentos\\Curitiba 360\\dataconnect": could not find dataconnect.yaml in `c:\Users\vinad\OneDrive\Documentos\Curitiba 360\dataconnect`
 {"metadata":{"emulator":{"name":"dataconnect"},"message":"E0720 16:37:31.450802   36444 watch.go:40] Failed to load config from \"c:\\\\Users\\\\vinad\\\\OneDrive\\\\Documentos\\\\Curitiba 360\\\\dataconnect\": could not find dataconnect.yaml in `c:\\Users\\vinad\\OneDrive\\Documentos\\Curitiba 360\\dataconnect`\n"}}
[debug] [2026-07-20T19:37:41.451Z] E0720 16:37:41.450660   36444 watch.go:40] Failed to load config from "c:\\Users\\vinad\\OneDrive\\Documentos\\Curitiba 360\\dataconnect": could not find dataconnect.yaml in `c:\Users\vinad\OneDrive\Documentos\Curitiba 360\dataconnect`
 {"metadata":{"emulator":{"name":"dataconnect"},"message":"E0720 16:37:41.450660   36444 watch.go:40] Failed to load config from \"c:\\\\Users\\\\vinad\\\\OneDrive\\\\Documentos\\\\Curitiba 360\\\\dataconnect\": could not find dataconnect.yaml in `c:\\Users\\vinad\\OneDrive\\Documentos\\Curitiba 360\\dataconnect`\n"}}
[debug] [2026-07-20T19:37:51.450Z] E0720 16:37:51.450455   36444 watch.go:40] Failed to load config from "c:\\Users\\vinad\\OneDrive\\Documentos\\Curitiba 360\\dataconnect": could not find dataconnect.yaml in `c:\Users\vinad\OneDrive\Documentos\Curitiba 360\dataconnect`
 {"metadata":{"emulator":{"name":"dataconnect"},"message":"E0720 16:37:51.450455   36444 watch.go:40] Failed to load config from \"c:\\\\Users\\\\vinad\\\\OneDrive\\\\Documentos\\\\Curitiba 360\\\\dataconnect\": could not find dataconnect.yaml in `c:\\Users\\vinad\\OneDrive\\Documentos\\Curitiba 360\\dataconnect`\n"}}
[debug] [2026-07-20T19:38:01.451Z] E0720 16:38:01.450802   36444 watch.go:40] Failed to load config from "c:\\Users\\vinad\\OneDrive\\Documentos\\Curitiba 360\\dataconnect": could not find dataconnect.yaml in `c:\Users\vinad\OneDrive\Documentos\Curitiba 360\dataconnect`
 {"metadata":{"emulator":{"name":"dataconnect"},"message":"E0720 16:38:01.450802   36444 watch.go:40] Failed to load config from \"c:\\\\Users\\\\vinad\\\\OneDrive\\\\Documentos\\\\Curitiba 360\\\\dataconnect\": could not find dataconnect.yaml in `c:\\Users\\vinad\\OneDrive\\Documentos\\Curitiba 360\\dataconnect`\n"}}
[debug] [2026-07-20T19:38:11.450Z] E0720 16:38:11.450507   36444 watch.go:40] Failed to load config from "c:\\Users\\vinad\\OneDrive\\Documentos\\Curitiba 360\\dataconnect": could not find dataconnect.yaml in `c:\Users\vinad\OneDrive\Documentos\Curitiba 360\dataconnect`
 {"metadata":{"emulator":{"name":"dataconnect"},"message":"E0720 16:38:11.450507   36444 watch.go:40] Failed to load config from \"c:\\\\Users\\\\vinad\\\\OneDrive\\\\Documentos\\\\Curitiba 360\\\\dataconnect\": could not find dataconnect.yaml in `c:\\Users\\vinad\\OneDrive\\Documentos\\Curitiba 360\\dataconnect`\n"}}
[debug] [2026-07-20T19:38:21.451Z] E0720 16:38:21.450783   36444 watch.go:40] Failed to load config from "c:\\Users\\vinad\\OneDrive\\Documentos\\Curitiba 360\\dataconnect": could not find dataconnect.yaml in `c:\Users\vinad\OneDrive\Documentos\Curitiba 360\dataconnect`
 {"metadata":{"emulator":{"name":"dataconnect"},"message":"E0720 16:38:21.450783   36444 watch.go:40] Failed to load config from \"c:\\\\Users\\\\vinad\\\\OneDrive\\\\Documentos\\\\Curitiba 360\\\\dataconnect\": could not find dataconnect.yaml in `c:\\Users\\vinad\\OneDrive\\Documentos\\Curitiba 360\\dataconnect`\n"}}
[debug] [2026-07-20T19:38:31.451Z] E0720 16:38:31.450831   36444 watch.go:116] watchAllDir unable to walk dir `c:\Users\vinad\OneDrive\Documentos\Curitiba 360\dataconnect`: GetFileAttributesEx c:\Users\vinad\OneDrive\Documentos\Curitiba 360\dataconnect: The system cannot find the file specified.
 {"metadata":{"emulator":{"name":"dataconnect"},"message":"E0720 16:38:31.450831   36444 watch.go:116] watchAllDir unable to walk dir `c:\\Users\\vinad\\OneDrive\\Documentos\\Curitiba 360\\dataconnect`: GetFileAttributesEx c:\\Users\\vinad\\OneDrive\\Documentos\\Curitiba 360\\dataconnect: The system cannot find the file specified.\n"}}
[debug] [2026-07-20T19:38:31.451Z] E0720 16:38:31.450831   36444 watch.go:40] Failed to load config from "c:\\Users\\vinad\\OneDrive\\Documentos\\Curitiba 360\\dataconnect": could not find dataconnect.yaml in `c:\Users\vinad\OneDrive\Documentos\Curitiba 360\dataconnect`
 {"metadata":{"emulator":{"name":"dataconnect"},"message":"E0720 16:38:31.450831   36444 watch.go:40] Failed to load config from \"c:\\\\Users\\\\vinad\\\\OneDrive\\\\Documentos\\\\Curitiba 360\\\\dataconnect\": could not find dataconnect.yaml in `c:\\Users\\vinad\\OneDrive\\Documentos\\Curitiba 360\\dataconnect`\n"}}
[debug] [2026-07-20T19:38:41.451Z] E0720 16:38:41.450663   36444 watch.go:40] Failed to load config from "c:\\Users\\vinad\\OneDrive\\Documentos\\Curitiba 360\\dataconnect": could not find dataconnect.yaml in `c:\Users\vinad\OneDrive\Documentos\Curitiba 360\dataconnect`
 {"metadata":{"emulator":{"name":"dataconnect"},"message":"E0720 16:38:41.450663   36444 watch.go:40] Failed to load config from \"c:\\\\Users\\\\vinad\\\\OneDrive\\\\Documentos\\\\Curitiba 360\\\\dataconnect\": could not find dataconnect.yaml in `c:\\Users\\vinad\\OneDrive\\Documentos\\Curitiba 360\\dataconnect`\n"}}
[debug] [2026-07-20T19:38:51.451Z] E0720 16:38:51.450947   36444 watch.go:40] Failed to load config from "c:\\Users\\vinad\\OneDrive\\Documentos\\Curitiba 360\\dataconnect": could not find dataconnect.yaml in `c:\Users\vinad\OneDrive\Documentos\Curitiba 360\dataconnect`
 {"metadata":{"emulator":{"name":"dataconnect"},"message":"E0720 16:38:51.450947   36444 watch.go:40] Failed to load config from \"c:\\\\Users\\\\vinad\\\\OneDrive\\\\Documentos\\\\Curitiba 360\\\\dataconnect\": could not find dataconnect.yaml in `c:\\Users\\vinad\\OneDrive\\Documentos\\Curitiba 360\\dataconnect`\n"}}
[debug] [2026-07-20T19:39:01.450Z] E0720 16:39:01.450716   36444 watch.go:40] Failed to load config from "c:\\Users\\vinad\\OneDrive\\Documentos\\Curitiba 360\\dataconnect": could not find dataconnect.yaml in `c:\Users\vinad\OneDrive\Documentos\Curitiba 360\dataconnect`
 {"metadata":{"emulator":{"name":"dataconnect"},"message":"E0720 16:39:01.450716   36444 watch.go:40] Failed to load config from \"c:\\\\Users\\\\vinad\\\\OneDrive\\\\Documentos\\\\Curitiba 360\\\\dataconnect\": could not find dataconnect.yaml in `c:\\Users\\vinad\\OneDrive\\Documentos\\Curitiba 360\\dataconnect`\n"}}
[debug] [2026-07-20T19:39:11.450Z] E0720 16:39:11.450430   36444 watch.go:40] Failed to load config from "c:\\Users\\vinad\\OneDrive\\Documentos\\Curitiba 360\\dataconnect": could not find dataconnect.yaml in `c:\Users\vinad\OneDrive\Documentos\Curitiba 360\dataconnect`
 {"metadata":{"emulator":{"name":"dataconnect"},"message":"E0720 16:39:11.450430   36444 watch.go:40] Failed to load config from \"c:\\\\Users\\\\vinad\\\\OneDrive\\\\Documentos\\\\Curitiba 360\\\\dataconnect\": could not find dataconnect.yaml in `c:\\Users\\vinad\\OneDrive\\Documentos\\Curitiba 360\\dataconnect`\n"}}
[debug] [2026-07-20T19:39:21.450Z] E0720 16:39:21.450637   36444 watch.go:40] Failed to load config from "c:\\Users\\vinad\\OneDrive\\Documentos\\Curitiba 360\\dataconnect": could not find dataconnect.yaml in `c:\Users\vinad\OneDrive\Documentos\Curitiba 360\dataconnect`
 {"metadata":{"emulator":{"name":"dataconnect"},"message":"E0720 16:39:21.450637   36444 watch.go:40] Failed to load config from \"c:\\\\Users\\\\vinad\\\\OneDrive\\\\Documentos\\\\Curitiba 360\\\\dataconnect\": could not find dataconnect.yaml in `c:\\Users\\vinad\\OneDrive\\Documentos\\Curitiba 360\\dataconnect`\n"}}
[debug] [2026-07-20T19:39:31.451Z] E0720 16:39:31.450750   36444 watch.go:116] watchAllDir unable to walk dir `c:\Users\vinad\OneDrive\Documentos\Curitiba 360\dataconnect`: GetFileAttributesEx c:\Users\vinad\OneDrive\Documentos\Curitiba 360\dataconnect: The system cannot find the file specified.
E0720 16:39:31.450750   36444 watch.go:40] Failed to load config from "c:\\Users\\vinad\\OneDrive\\Documentos\\Curitiba 360\\dataconnect": could not find dataconnect.yaml in `c:\Users\vinad\OneDrive\Documentos\Curitiba 360\dataconnect`
 {"metadata":{"emulator":{"name":"dataconnect"},"message":"E0720 16:39:31.450750   36444 watch.go:116] watchAllDir unable to walk dir `c:\\Users\\vinad\\OneDrive\\Documentos\\Curitiba 360\\dataconnect`: GetFileAttributesEx c:\\Users\\vinad\\OneDrive\\Documentos\\Curitiba 360\\dataconnect: The system cannot find the file specified.\nE0720 16:39:31.450750   36444 watch.go:40] Failed to load config from \"c:\\\\Users\\\\vinad\\\\OneDrive\\\\Documentos\\\\Curitiba 360\\\\dataconnect\": could not find dataconnect.yaml in `c:\\Users\\vinad\\OneDrive\\Documentos\\Curitiba 360\\dataconnect`\n"}}
[debug] [2026-07-20T19:39:41.450Z] E0720 16:39:41.450820   36444 watch.go:40] Failed to load config from "c:\\Users\\vinad\\OneDrive\\Documentos\\Curitiba 360\\dataconnect": could not find dataconnect.yaml in `c:\Users\vinad\OneDrive\Documentos\Curitiba 360\dataconnect`
 {"metadata":{"emulator":{"name":"dataconnect"},"message":"E0720 16:39:41.450820   36444 watch.go:40] Failed to load config from \"c:\\\\Users\\\\vinad\\\\OneDrive\\\\Documentos\\\\Curitiba 360\\\\dataconnect\": could not find dataconnect.yaml in `c:\\Users\\vinad\\OneDrive\\Documentos\\Curitiba 360\\dataconnect`\n"}}
[debug] [2026-07-20T19:39:51.450Z] E0720 16:39:51.450767   36444 watch.go:40] Failed to load config from "c:\\Users\\vinad\\OneDrive\\Documentos\\Curitiba 360\\dataconnect": could not find dataconnect.yaml in `c:\Users\vinad\OneDrive\Documentos\Curitiba 360\dataconnect`
 {"metadata":{"emulator":{"name":"dataconnect"},"message":"E0720 16:39:51.450767   36444 watch.go:40] Failed to load config from \"c:\\\\Users\\\\vinad\\\\OneDrive\\\\Documentos\\\\Curitiba 360\\\\dataconnect\": could not find dataconnect.yaml in `c:\\Users\\vinad\\OneDrive\\Documentos\\Curitiba 360\\dataconnect`\n"}}
[debug] [2026-07-20T19:40:01.450Z] E0720 16:40:01.450646   36444 watch.go:40] Failed to load config from "c:\\Users\\vinad\\OneDrive\\Documentos\\Curitiba 360\\dataconnect": could not find dataconnect.yaml in `c:\Users\vinad\OneDrive\Documentos\Curitiba 360\dataconnect`
 {"metadata":{"emulator":{"name":"dataconnect"},"message":"E0720 16:40:01.450646   36444 watch.go:40] Failed to load config from \"c:\\\\Users\\\\vinad\\\\OneDrive\\\\Documentos\\\\Curitiba 360\\\\dataconnect\": could not find dataconnect.yaml in `c:\\Users\\vinad\\OneDrive\\Documentos\\Curitiba 360\\dataconnect`\n"}}
[debug] [2026-07-20T19:40:11.450Z] E0720 16:40:11.450440   36444 watch.go:40] Failed to load config from "c:\\Users\\vinad\\OneDrive\\Documentos\\Curitiba 360\\dataconnect": could not find dataconnect.yaml in `c:\Users\vinad\OneDrive\Documentos\Curitiba 360\dataconnect`
 {"metadata":{"emulator":{"name":"dataconnect"},"message":"E0720 16:40:11.450440   36444 watch.go:40] Failed to load config from \"c:\\\\Users\\\\vinad\\\\OneDrive\\\\Documentos\\\\Curitiba 360\\\\dataconnect\": could not find dataconnect.yaml in `c:\\Users\\vinad\\OneDrive\\Documentos\\Curitiba 360\\dataconnect`\n"}}
[debug] [2026-07-20T19:40:21.451Z] E0720 16:40:21.450718   36444 watch.go:40] Failed to load config from "c:\\Users\\vinad\\OneDrive\\Documentos\\Curitiba 360\\dataconnect": could not find dataconnect.yaml in `c:\Users\vinad\OneDrive\Documentos\Curitiba 360\dataconnect`
 {"metadata":{"emulator":{"name":"dataconnect"},"message":"E0720 16:40:21.450718   36444 watch.go:40] Failed to load config from \"c:\\\\Users\\\\vinad\\\\OneDrive\\\\Documentos\\\\Curitiba 360\\\\dataconnect\": could not find dataconnect.yaml in `c:\\Users\\vinad\\OneDrive\\Documentos\\Curitiba 360\\dataconnect`\n"}}
[debug] [2026-07-20T19:40:31.450Z] E0720 16:40:31.450398   36444 watch.go:116] watchAllDir unable to walk dir `c:\Users\vinad\OneDrive\Documentos\Curitiba 360\dataconnect`: GetFileAttributesEx c:\Users\vinad\OneDrive\Documentos\Curitiba 360\dataconnect: The system cannot find the file specified.
 {"metadata":{"emulator":{"name":"dataconnect"},"message":"E0720 16:40:31.450398   36444 watch.go:116] watchAllDir unable to walk dir `c:\\Users\\vinad\\OneDrive\\Documentos\\Curitiba 360\\dataconnect`: GetFileAttributesEx c:\\Users\\vinad\\OneDrive\\Documentos\\Curitiba 360\\dataconnect: The system cannot find the file specified.\n"}}
[debug] [2026-07-20T19:40:31.450Z] E0720 16:40:31.450398   36444 watch.go:40] Failed to load config from "c:\\Users\\vinad\\OneDrive\\Documentos\\Curitiba 360\\dataconnect": could not find dataconnect.yaml in `c:\Users\vinad\OneDrive\Documentos\Curitiba 360\dataconnect`
 {"metadata":{"emulator":{"name":"dataconnect"},"message":"E0720 16:40:31.450398   36444 watch.go:40] Failed to load config from \"c:\\\\Users\\\\vinad\\\\OneDrive\\\\Documentos\\\\Curitiba 360\\\\dataconnect\": could not find dataconnect.yaml in `c:\\Users\\vinad\\OneDrive\\Documentos\\Curitiba 360\\dataconnect`\n"}}
[debug] [2026-07-20T19:40:41.450Z] E0720 16:40:41.450416   36444 watch.go:40] Failed to load config from "c:\\Users\\vinad\\OneDrive\\Documentos\\Curitiba 360\\dataconnect": could not find dataconnect.yaml in `c:\Users\vinad\OneDrive\Documentos\Curitiba 360\dataconnect`
 {"metadata":{"emulator":{"name":"dataconnect"},"message":"E0720 16:40:41.450416   36444 watch.go:40] Failed to load config from \"c:\\\\Users\\\\vinad\\\\OneDrive\\\\Documentos\\\\Curitiba 360\\\\dataconnect\": could not find dataconnect.yaml in `c:\\Users\\vinad\\OneDrive\\Documentos\\Curitiba 360\\dataconnect`\n"}}
[debug] [2026-07-20T19:40:51.450Z] E0720 16:40:51.450337   36444 watch.go:40] Failed to load config from "c:\\Users\\vinad\\OneDrive\\Documentos\\Curitiba 360\\dataconnect": could not find dataconnect.yaml in `c:\Users\vinad\OneDrive\Documentos\Curitiba 360\dataconnect`
 {"metadata":{"emulator":{"name":"dataconnect"},"message":"E0720 16:40:51.450337   36444 watch.go:40] Failed to load config from \"c:\\\\Users\\\\vinad\\\\OneDrive\\\\Documentos\\\\Curitiba 360\\\\dataconnect\": could not find dataconnect.yaml in `c:\\Users\\vinad\\OneDrive\\Documentos\\Curitiba 360\\dataconnect`\n"}}
[debug] [2026-07-20T19:41:01.451Z] E0720 16:41:01.450754   36444 watch.go:40] Failed to load config from "c:\\Users\\vinad\\OneDrive\\Documentos\\Curitiba 360\\dataconnect": could not find dataconnect.yaml in `c:\Users\vinad\OneDrive\Documentos\Curitiba 360\dataconnect`
 {"metadata":{"emulator":{"name":"dataconnect"},"message":"E0720 16:41:01.450754   36444 watch.go:40] Failed to load config from \"c:\\\\Users\\\\vinad\\\\OneDrive\\\\Documentos\\\\Curitiba 360\\\\dataconnect\": could not find dataconnect.yaml in `c:\\Users\\vinad\\OneDrive\\Documentos\\Curitiba 360\\dataconnect`\n"}}
[debug] [2026-07-20T19:41:11.450Z] E0720 16:41:11.450357   36444 watch.go:40] Failed to load config from "c:\\Users\\vinad\\OneDrive\\Documentos\\Curitiba 360\\dataconnect": could not find dataconnect.yaml in `c:\Users\vinad\OneDrive\Documentos\Curitiba 360\dataconnect`
 {"metadata":{"emulator":{"name":"dataconnect"},"message":"E0720 16:41:11.450357   36444 watch.go:40] Failed to load config from \"c:\\\\Users\\\\vinad\\\\OneDrive\\\\Documentos\\\\Curitiba 360\\\\dataconnect\": could not find dataconnect.yaml in `c:\\Users\\vinad\\OneDrive\\Documentos\\Curitiba 360\\dataconnect`\n"}}
[debug] [2026-07-20T19:41:21.450Z] E0720 16:41:21.450398   36444 watch.go:40] Failed to load config from "c:\\Users\\vinad\\OneDrive\\Documentos\\Curitiba 360\\dataconnect": could not find dataconnect.yaml in `c:\Users\vinad\OneDrive\Documentos\Curitiba 360\dataconnect`
 {"metadata":{"emulator":{"name":"dataconnect"},"message":"E0720 16:41:21.450398   36444 watch.go:40] Failed to load config from \"c:\\\\Users\\\\vinad\\\\OneDrive\\\\Documentos\\\\Curitiba 360\\\\dataconnect\": could not find dataconnect.yaml in `c:\\Users\\vinad\\OneDrive\\Documentos\\Curitiba 360\\dataconnect`\n"}}
[debug] [2026-07-20T19:41:31.450Z] E0720 16:41:31.450764   36444 watch.go:116] watchAllDir unable to walk dir `c:\Users\vinad\OneDrive\Documentos\Curitiba 360\dataconnect`: GetFileAttributesEx c:\Users\vinad\OneDrive\Documentos\Curitiba 360\dataconnect: The system cannot find the file specified.
 {"metadata":{"emulator":{"name":"dataconnect"},"message":"E0720 16:41:31.450764   36444 watch.go:116] watchAllDir unable to walk dir `c:\\Users\\vinad\\OneDrive\\Documentos\\Curitiba 360\\dataconnect`: GetFileAttributesEx c:\\Users\\vinad\\OneDrive\\Documentos\\Curitiba 360\\dataconnect: The system cannot find the file specified.\n"}}
[debug] [2026-07-20T19:41:31.451Z] E0720 16:41:31.450764   36444 watch.go:40] Failed to load config from "c:\\Users\\vinad\\OneDrive\\Documentos\\Curitiba 360\\dataconnect": could not find dataconnect.yaml in `c:\Users\vinad\OneDrive\Documentos\Curitiba 360\dataconnect`
 {"metadata":{"emulator":{"name":"dataconnect"},"message":"E0720 16:41:31.450764   36444 watch.go:40] Failed to load config from \"c:\\\\Users\\\\vinad\\\\OneDrive\\\\Documentos\\\\Curitiba 360\\\\dataconnect\": could not find dataconnect.yaml in `c:\\Users\\vinad\\OneDrive\\Documentos\\Curitiba 360\\dataconnect`\n"}}
[debug] [2026-07-20T19:41:41.451Z] E0720 16:41:41.450846   36444 watch.go:40] Failed to load config from "c:\\Users\\vinad\\OneDrive\\Documentos\\Curitiba 360\\dataconnect": could not find dataconnect.yaml in `c:\Users\vinad\OneDrive\Documentos\Curitiba 360\dataconnect`
 {"metadata":{"emulator":{"name":"dataconnect"},"message":"E0720 16:41:41.450846   36444 watch.go:40] Failed to load config from \"c:\\\\Users\\\\vinad\\\\OneDrive\\\\Documentos\\\\Curitiba 360\\\\dataconnect\": could not find dataconnect.yaml in `c:\\Users\\vinad\\OneDrive\\Documentos\\Curitiba 360\\dataconnect`\n"}}
[debug] [2026-07-20T19:41:51.451Z] E0720 16:41:51.450677   36444 watch.go:40] Failed to load config from "c:\\Users\\vinad\\OneDrive\\Documentos\\Curitiba 360\\dataconnect": could not find dataconnect.yaml in `c:\Users\vinad\OneDrive\Documentos\Curitiba 360\dataconnect`
 {"metadata":{"emulator":{"name":"dataconnect"},"message":"E0720 16:41:51.450677   36444 watch.go:40] Failed to load config from \"c:\\\\Users\\\\vinad\\\\OneDrive\\\\Documentos\\\\Curitiba 360\\\\dataconnect\": could not find dataconnect.yaml in `c:\\Users\\vinad\\OneDrive\\Documentos\\Curitiba 360\\dataconnect`\n"}}
[debug] [2026-07-20T19:42:01.450Z] E0720 16:42:01.450384   36444 watch.go:40] Failed to load config from "c:\\Users\\vinad\\OneDrive\\Documentos\\Curitiba 360\\dataconnect": could not find dataconnect.yaml in `c:\Users\vinad\OneDrive\Documentos\Curitiba 360\dataconnect`
 {"metadata":{"emulator":{"name":"dataconnect"},"message":"E0720 16:42:01.450384   36444 watch.go:40] Failed to load config from \"c:\\\\Users\\\\vinad\\\\OneDrive\\\\Documentos\\\\Curitiba 360\\\\dataconnect\": could not find dataconnect.yaml in `c:\\Users\\vinad\\OneDrive\\Documentos\\Curitiba 360\\dataconnect`\n"}}
[debug] [2026-07-20T19:42:11.450Z] E0720 16:42:11.450665   36444 watch.go:40] Failed to load config from "c:\\Users\\vinad\\OneDrive\\Documentos\\Curitiba 360\\dataconnect": could not find dataconnect.yaml in `c:\Users\vinad\OneDrive\Documentos\Curitiba 360\dataconnect`
 {"metadata":{"emulator":{"name":"dataconnect"},"message":"E0720 16:42:11.450665   36444 watch.go:40] Failed to load config from \"c:\\\\Users\\\\vinad\\\\OneDrive\\\\Documentos\\\\Curitiba 360\\\\dataconnect\": could not find dataconnect.yaml in `c:\\Users\\vinad\\OneDrive\\Documentos\\Curitiba 360\\dataconnect`\n"}}
[debug] [2026-07-20T19:42:21.450Z] E0720 16:42:21.450708   36444 watch.go:40] Failed to load config from "c:\\Users\\vinad\\OneDrive\\Documentos\\Curitiba 360\\dataconnect": could not find dataconnect.yaml in `c:\Users\vinad\OneDrive\Documentos\Curitiba 360\dataconnect`
 {"metadata":{"emulator":{"name":"dataconnect"},"message":"E0720 16:42:21.450708   36444 watch.go:40] Failed to load config from \"c:\\\\Users\\\\vinad\\\\OneDrive\\\\Documentos\\\\Curitiba 360\\\\dataconnect\": could not find dataconnect.yaml in `c:\\Users\\vinad\\OneDrive\\Documentos\\Curitiba 360\\dataconnect`\n"}}
[debug] [2026-07-20T19:42:31.450Z] E0720 16:42:31.450639   36444 watch.go:116] watchAllDir unable to walk dir `c:\Users\vinad\OneDrive\Documentos\Curitiba 360\dataconnect`: GetFileAttributesEx c:\Users\vinad\OneDrive\Documentos\Curitiba 360\dataconnect: The system cannot find the file specified.
E0720 16:42:31.450639   36444 watch.go:40] Failed to load config from "c:\\Users\\vinad\\OneDrive\\Documentos\\Curitiba 360\\dataconnect": could not find dataconnect.yaml in `c:\Users\vinad\OneDrive\Documentos\Curitiba 360\dataconnect`
 {"metadata":{"emulator":{"name":"dataconnect"},"message":"E0720 16:42:31.450639   36444 watch.go:116] watchAllDir unable to walk dir `c:\\Users\\vinad\\OneDrive\\Documentos\\Curitiba 360\\dataconnect`: GetFileAttributesEx c:\\Users\\vinad\\OneDrive\\Documentos\\Curitiba 360\\dataconnect: The system cannot find the file specified.\nE0720 16:42:31.450639   36444 watch.go:40] Failed to load config from \"c:\\\\Users\\\\vinad\\\\OneDrive\\\\Documentos\\\\Curitiba 360\\\\dataconnect\": could not find dataconnect.yaml in `c:\\Users\\vinad\\OneDrive\\Documentos\\Curitiba 360\\dataconnect`\n"}}
[debug] [2026-07-20T19:42:41.450Z] E0720 16:42:41.450654   36444 watch.go:40] Failed to load config from "c:\\Users\\vinad\\OneDrive\\Documentos\\Curitiba 360\\dataconnect": could not find dataconnect.yaml in `c:\Users\vinad\OneDrive\Documentos\Curitiba 360\dataconnect`
 {"metadata":{"emulator":{"name":"dataconnect"},"message":"E0720 16:42:41.450654   36444 watch.go:40] Failed to load config from \"c:\\\\Users\\\\vinad\\\\OneDrive\\\\Documentos\\\\Curitiba 360\\\\dataconnect\": could not find dataconnect.yaml in `c:\\Users\\vinad\\OneDrive\\Documentos\\Curitiba 360\\dataconnect`\n"}}
[debug] [2026-07-20T19:42:51.450Z] E0720 16:42:51.450387   36444 watch.go:40] Failed to load config from "c:\\Users\\vinad\\OneDrive\\Documentos\\Curitiba 360\\dataconnect": could not find dataconnect.yaml in `c:\Users\vinad\OneDrive\Documentos\Curitiba 360\dataconnect`
 {"metadata":{"emulator":{"name":"dataconnect"},"message":"E0720 16:42:51.450387   36444 watch.go:40] Failed to load config from \"c:\\\\Users\\\\vinad\\\\OneDrive\\\\Documentos\\\\Curitiba 360\\\\dataconnect\": could not find dataconnect.yaml in `c:\\Users\\vinad\\OneDrive\\Documentos\\Curitiba 360\\dataconnect`\n"}}
[debug] [2026-07-20T19:43:01.450Z] E0720 16:43:01.450567   36444 watch.go:40] Failed to load config from "c:\\Users\\vinad\\OneDrive\\Documentos\\Curitiba 360\\dataconnect": could not find dataconnect.yaml in `c:\Users\vinad\OneDrive\Documentos\Curitiba 360\dataconnect`
 {"metadata":{"emulator":{"name":"dataconnect"},"message":"E0720 16:43:01.450567   36444 watch.go:40] Failed to load config from \"c:\\\\Users\\\\vinad\\\\OneDrive\\\\Documentos\\\\Curitiba 360\\\\dataconnect\": could not find dataconnect.yaml in `c:\\Users\\vinad\\OneDrive\\Documentos\\Curitiba 360\\dataconnect`\n"}}
[debug] [2026-07-20T19:43:11.450Z] E0720 16:43:11.450735   36444 watch.go:40] Failed to load config from "c:\\Users\\vinad\\OneDrive\\Documentos\\Curitiba 360\\dataconnect": could not find dataconnect.yaml in `c:\Users\vinad\OneDrive\Documentos\Curitiba 360\dataconnect`
 {"metadata":{"emulator":{"name":"dataconnect"},"message":"E0720 16:43:11.450735   36444 watch.go:40] Failed to load config from \"c:\\\\Users\\\\vinad\\\\OneDrive\\\\Documentos\\\\Curitiba 360\\\\dataconnect\": could not find dataconnect.yaml in `c:\\Users\\vinad\\OneDrive\\Documentos\\Curitiba 360\\dataconnect`\n"}}
[debug] [2026-07-20T19:43:21.450Z] E0720 16:43:21.450487   36444 watch.go:40] Failed to load config from "c:\\Users\\vinad\\OneDrive\\Documentos\\Curitiba 360\\dataconnect": could not find dataconnect.yaml in `c:\Users\vinad\OneDrive\Documentos\Curitiba 360\dataconnect`
 {"metadata":{"emulator":{"name":"dataconnect"},"message":"E0720 16:43:21.450487   36444 watch.go:40] Failed to load config from \"c:\\\\Users\\\\vinad\\\\OneDrive\\\\Documentos\\\\Curitiba 360\\\\dataconnect\": could not find dataconnect.yaml in `c:\\Users\\vinad\\OneDrive\\Documentos\\Curitiba 360\\dataconnect`\n"}}
[debug] [2026-07-20T19:43:31.450Z] E0720 16:43:31.450710   36444 watch.go:116] watchAllDir unable to walk dir `c:\Users\vinad\OneDrive\Documentos\Curitiba 360\dataconnect`: GetFileAttributesEx c:\Users\vinad\OneDrive\Documentos\Curitiba 360\dataconnect: The system cannot find the file specified.
 {"metadata":{"emulator":{"name":"dataconnect"},"message":"E0720 16:43:31.450710   36444 watch.go:116] watchAllDir unable to walk dir `c:\\Users\\vinad\\OneDrive\\Documentos\\Curitiba 360\\dataconnect`: GetFileAttributesEx c:\\Users\\vinad\\OneDrive\\Documentos\\Curitiba 360\\dataconnect: The system cannot find the file specified.\n"}}
[debug] [2026-07-20T19:43:31.451Z] E0720 16:43:31.450710   36444 watch.go:40] Failed to load config from "c:\\Users\\vinad\\OneDrive\\Documentos\\Curitiba 360\\dataconnect": could not find dataconnect.yaml in `c:\Users\vinad\OneDrive\Documentos\Curitiba 360\dataconnect`
 {"metadata":{"emulator":{"name":"dataconnect"},"message":"E0720 16:43:31.450710   36444 watch.go:40] Failed to load config from \"c:\\\\Users\\\\vinad\\\\OneDrive\\\\Documentos\\\\Curitiba 360\\\\dataconnect\": could not find dataconnect.yaml in `c:\\Users\\vinad\\OneDrive\\Documentos\\Curitiba 360\\dataconnect`\n"}}
[debug] [2026-07-20T19:43:41.450Z] E0720 16:43:41.450746   36444 watch.go:40] Failed to load config from "c:\\Users\\vinad\\OneDrive\\Documentos\\Curitiba 360\\dataconnect": could not find dataconnect.yaml in `c:\Users\vinad\OneDrive\Documentos\Curitiba 360\dataconnect`
 {"metadata":{"emulator":{"name":"dataconnect"},"message":"E0720 16:43:41.450746   36444 watch.go:40] Failed to load config from \"c:\\\\Users\\\\vinad\\\\OneDrive\\\\Documentos\\\\Curitiba 360\\\\dataconnect\": could not find dataconnect.yaml in `c:\\Users\\vinad\\OneDrive\\Documentos\\Curitiba 360\\dataconnect`\n"}}
[debug] [2026-07-20T19:43:51.450Z] E0720 16:43:51.450803   36444 watch.go:40] Failed to load config from "c:\\Users\\vinad\\OneDrive\\Documentos\\Curitiba 360\\dataconnect": could not find dataconnect.yaml in `c:\Users\vinad\OneDrive\Documentos\Curitiba 360\dataconnect`
 {"metadata":{"emulator":{"name":"dataconnect"},"message":"E0720 16:43:51.450803   36444 watch.go:40] Failed to load config from \"c:\\\\Users\\\\vinad\\\\OneDrive\\\\Documentos\\\\Curitiba 360\\\\dataconnect\": could not find dataconnect.yaml in `c:\\Users\\vinad\\OneDrive\\Documentos\\Curitiba 360\\dataconnect`\n"}}
[debug] [2026-07-20T19:44:01.450Z] E0720 16:44:01.450685   36444 watch.go:40] Failed to load config from "c:\\Users\\vinad\\OneDrive\\Documentos\\Curitiba 360\\dataconnect": could not find dataconnect.yaml in `c:\Users\vinad\OneDrive\Documentos\Curitiba 360\dataconnect`
 {"metadata":{"emulator":{"name":"dataconnect"},"message":"E0720 16:44:01.450685   36444 watch.go:40] Failed to load config from \"c:\\\\Users\\\\vinad\\\\OneDrive\\\\Documentos\\\\Curitiba 360\\\\dataconnect\": could not find dataconnect.yaml in `c:\\Users\\vinad\\OneDrive\\Documentos\\Curitiba 360\\dataconnect`\n"}}
[debug] [2026-07-20T19:44:11.450Z] E0720 16:44:11.450621   36444 watch.go:40] Failed to load config from "c:\\Users\\vinad\\OneDrive\\Documentos\\Curitiba 360\\dataconnect": could not find dataconnect.yaml in `c:\Users\vinad\OneDrive\Documentos\Curitiba 360\dataconnect`
 {"metadata":{"emulator":{"name":"dataconnect"},"message":"E0720 16:44:11.450621   36444 watch.go:40] Failed to load config from \"c:\\\\Users\\\\vinad\\\\OneDrive\\\\Documentos\\\\Curitiba 360\\\\dataconnect\": could not find dataconnect.yaml in `c:\\Users\\vinad\\OneDrive\\Documentos\\Curitiba 360\\dataconnect`\n"}}
[debug] [2026-07-20T19:44:21.451Z] E0720 16:44:21.451268   36444 watch.go:40] Failed to load config from "c:\\Users\\vinad\\OneDrive\\Documentos\\Curitiba 360\\dataconnect": could not find dataconnect.yaml in `c:\Users\vinad\OneDrive\Documentos\Curitiba 360\dataconnect`
 {"metadata":{"emulator":{"name":"dataconnect"},"message":"E0720 16:44:21.451268   36444 watch.go:40] Failed to load config from \"c:\\\\Users\\\\vinad\\\\OneDrive\\\\Documentos\\\\Curitiba 360\\\\dataconnect\": could not find dataconnect.yaml in `c:\\Users\\vinad\\OneDrive\\Documentos\\Curitiba 360\\dataconnect`\n"}}
[debug] [2026-07-20T19:44:31.450Z] E0720 16:44:31.450947   36444 watch.go:40] Failed to load config from "c:\\Users\\vinad\\OneDrive\\Documentos\\Curitiba 360\\dataconnect": could not find dataconnect.yaml in `c:\Users\vinad\OneDrive\Documentos\Curitiba 360\dataconnect`
 {"metadata":{"emulator":{"name":"dataconnect"},"message":"E0720 16:44:31.450947   36444 watch.go:40] Failed to load config from \"c:\\\\Users\\\\vinad\\\\OneDrive\\\\Documentos\\\\Curitiba 360\\\\dataconnect\": could not find dataconnect.yaml in `c:\\Users\\vinad\\OneDrive\\Documentos\\Curitiba 360\\dataconnect`\n"}}
[debug] [2026-07-20T19:44:31.452Z] E0720 16:44:31.450430   36444 watch.go:116] watchAllDir unable to walk dir `c:\Users\vinad\OneDrive\Documentos\Curitiba 360\dataconnect`: GetFileAttributesEx c:\Users\vinad\OneDrive\Documentos\Curitiba 360\dataconnect: The system cannot find the file specified.
 {"metadata":{"emulator":{"name":"dataconnect"},"message":"E0720 16:44:31.450430   36444 watch.go:116] watchAllDir unable to walk dir `c:\\Users\\vinad\\OneDrive\\Documentos\\Curitiba 360\\dataconnect`: GetFileAttributesEx c:\\Users\\vinad\\OneDrive\\Documentos\\Curitiba 360\\dataconnect: The system cannot find the file specified.\n"}}
[debug] [2026-07-20T19:44:41.450Z] E0720 16:44:41.450494   36444 watch.go:40] Failed to load config from "c:\\Users\\vinad\\OneDrive\\Documentos\\Curitiba 360\\dataconnect": could not find dataconnect.yaml in `c:\Users\vinad\OneDrive\Documentos\Curitiba 360\dataconnect`
 {"metadata":{"emulator":{"name":"dataconnect"},"message":"E0720 16:44:41.450494   36444 watch.go:40] Failed to load config from \"c:\\\\Users\\\\vinad\\\\OneDrive\\\\Documentos\\\\Curitiba 360\\\\dataconnect\": could not find dataconnect.yaml in `c:\\Users\\vinad\\OneDrive\\Documentos\\Curitiba 360\\dataconnect`\n"}}
[debug] [2026-07-20T19:44:51.450Z] E0720 16:44:51.450477   36444 watch.go:40] Failed to load config from "c:\\Users\\vinad\\OneDrive\\Documentos\\Curitiba 360\\dataconnect": could not find dataconnect.yaml in `c:\Users\vinad\OneDrive\Documentos\Curitiba 360\dataconnect`
 {"metadata":{"emulator":{"name":"dataconnect"},"message":"E0720 16:44:51.450477   36444 watch.go:40] Failed to load config from \"c:\\\\Users\\\\vinad\\\\OneDrive\\\\Documentos\\\\Curitiba 360\\\\dataconnect\": could not find dataconnect.yaml in `c:\\Users\\vinad\\OneDrive\\Documentos\\Curitiba 360\\dataconnect`\n"}}
[debug] [2026-07-20T19:45:01.450Z] E0720 16:45:01.450698   36444 watch.go:40] Failed to load config from "c:\\Users\\vinad\\OneDrive\\Documentos\\Curitiba 360\\dataconnect": could not find dataconnect.yaml in `c:\Users\vinad\OneDrive\Documentos\Curitiba 360\dataconnect`
 {"metadata":{"emulator":{"name":"dataconnect"},"message":"E0720 16:45:01.450698   36444 watch.go:40] Failed to load config from \"c:\\\\Users\\\\vinad\\\\OneDrive\\\\Documentos\\\\Curitiba 360\\\\dataconnect\": could not find dataconnect.yaml in `c:\\Users\\vinad\\OneDrive\\Documentos\\Curitiba 360\\dataconnect`\n"}}
[debug] [2026-07-20T19:45:11.450Z] E0720 16:45:11.450425   36444 watch.go:40] Failed to load config from "c:\\Users\\vinad\\OneDrive\\Documentos\\Curitiba 360\\dataconnect": could not find dataconnect.yaml in `c:\Users\vinad\OneDrive\Documentos\Curitiba 360\dataconnect`
 {"metadata":{"emulator":{"name":"dataconnect"},"message":"E0720 16:45:11.450425   36444 watch.go:40] Failed to load config from \"c:\\\\Users\\\\vinad\\\\OneDrive\\\\Documentos\\\\Curitiba 360\\\\dataconnect\": could not find dataconnect.yaml in `c:\\Users\\vinad\\OneDrive\\Documentos\\Curitiba 360\\dataconnect`\n"}}
[debug] [2026-07-20T19:45:21.450Z] E0720 16:45:21.450688   36444 watch.go:40] Failed to load config from "c:\\Users\\vinad\\OneDrive\\Documentos\\Curitiba 360\\dataconnect": could not find dataconnect.yaml in `c:\Users\vinad\OneDrive\Documentos\Curitiba 360\dataconnect`
 {"metadata":{"emulator":{"name":"dataconnect"},"message":"E0720 16:45:21.450688   36444 watch.go:40] Failed to load config from \"c:\\\\Users\\\\vinad\\\\OneDrive\\\\Documentos\\\\Curitiba 360\\\\dataconnect\": could not find dataconnect.yaml in `c:\\Users\\vinad\\OneDrive\\Documentos\\Curitiba 360\\dataconnect`\n"}}
[debug] [2026-07-20T19:45:31.450Z] E0720 16:45:31.450551   36444 watch.go:116] watchAllDir unable to walk dir `c:\Users\vinad\OneDrive\Documentos\Curitiba 360\dataconnect`: GetFileAttributesEx c:\Users\vinad\OneDrive\Documentos\Curitiba 360\dataconnect: The system cannot find the file specified.
 {"metadata":{"emulator":{"name":"dataconnect"},"message":"E0720 16:45:31.450551   36444 watch.go:116] watchAllDir unable to walk dir `c:\\Users\\vinad\\OneDrive\\Documentos\\Curitiba 360\\dataconnect`: GetFileAttributesEx c:\\Users\\vinad\\OneDrive\\Documentos\\Curitiba 360\\dataconnect: The system cannot find the file specified.\n"}}
[debug] [2026-07-20T19:45:31.451Z] E0720 16:45:31.450551   36444 watch.go:40] Failed to load config from "c:\\Users\\vinad\\OneDrive\\Documentos\\Curitiba 360\\dataconnect": could not find dataconnect.yaml in `c:\Users\vinad\OneDrive\Documentos\Curitiba 360\dataconnect`
 {"metadata":{"emulator":{"name":"dataconnect"},"message":"E0720 16:45:31.450551   36444 watch.go:40] Failed to load config from \"c:\\\\Users\\\\vinad\\\\OneDrive\\\\Documentos\\\\Curitiba 360\\\\dataconnect\": could not find dataconnect.yaml in `c:\\Users\\vinad\\OneDrive\\Documentos\\Curitiba 360\\dataconnect`\n"}}
[debug] [2026-07-20T19:45:41.451Z] E0720 16:45:41.450747   36444 watch.go:40] Failed to load config from "c:\\Users\\vinad\\OneDrive\\Documentos\\Curitiba 360\\dataconnect": could not find dataconnect.yaml in `c:\Users\vinad\OneDrive\Documentos\Curitiba 360\dataconnect`
 {"metadata":{"emulator":{"name":"dataconnect"},"message":"E0720 16:45:41.450747   36444 watch.go:40] Failed to load config from \"c:\\\\Users\\\\vinad\\\\OneDrive\\\\Documentos\\\\Curitiba 360\\\\dataconnect\": could not find dataconnect.yaml in `c:\\Users\\vinad\\OneDrive\\Documentos\\Curitiba 360\\dataconnect`\n"}}
[debug] [2026-07-20T19:45:51.451Z] E0720 16:45:51.450661   36444 watch.go:40] Failed to load config from "c:\\Users\\vinad\\OneDrive\\Documentos\\Curitiba 360\\dataconnect": could not find dataconnect.yaml in `c:\Users\vinad\OneDrive\Documentos\Curitiba 360\dataconnect`
 {"metadata":{"emulator":{"name":"dataconnect"},"message":"E0720 16:45:51.450661   36444 watch.go:40] Failed to load config from \"c:\\\\Users\\\\vinad\\\\OneDrive\\\\Documentos\\\\Curitiba 360\\\\dataconnect\": could not find dataconnect.yaml in `c:\\Users\\vinad\\OneDrive\\Documentos\\Curitiba 360\\dataconnect`\n"}}
[debug] [2026-07-20T19:46:01.450Z] E0720 16:46:01.450443   36444 watch.go:40] Failed to load config from "c:\\Users\\vinad\\OneDrive\\Documentos\\Curitiba 360\\dataconnect": could not find dataconnect.yaml in `c:\Users\vinad\OneDrive\Documentos\Curitiba 360\dataconnect`
 {"metadata":{"emulator":{"name":"dataconnect"},"message":"E0720 16:46:01.450443   36444 watch.go:40] Failed to load config from \"c:\\\\Users\\\\vinad\\\\OneDrive\\\\Documentos\\\\Curitiba 360\\\\dataconnect\": could not find dataconnect.yaml in `c:\\Users\\vinad\\OneDrive\\Documentos\\Curitiba 360\\dataconnect`\n"}}
[debug] [2026-07-20T19:46:11.450Z] E0720 16:46:11.450490   36444 watch.go:40] Failed to load config from "c:\\Users\\vinad\\OneDrive\\Documentos\\Curitiba 360\\dataconnect": could not find dataconnect.yaml in `c:\Users\vinad\OneDrive\Documentos\Curitiba 360\dataconnect`
 {"metadata":{"emulator":{"name":"dataconnect"},"message":"E0720 16:46:11.450490   36444 watch.go:40] Failed to load config from \"c:\\\\Users\\\\vinad\\\\OneDrive\\\\Documentos\\\\Curitiba 360\\\\dataconnect\": could not find dataconnect.yaml in `c:\\Users\\vinad\\OneDrive\\Documentos\\Curitiba 360\\dataconnect`\n"}}
[debug] [2026-07-20T19:46:21.450Z] E0720 16:46:21.450632   36444 watch.go:40] Failed to load config from "c:\\Users\\vinad\\OneDrive\\Documentos\\Curitiba 360\\dataconnect": could not find dataconnect.yaml in `c:\Users\vinad\OneDrive\Documentos\Curitiba 360\dataconnect`
 {"metadata":{"emulator":{"name":"dataconnect"},"message":"E0720 16:46:21.450632   36444 watch.go:40] Failed to load config from \"c:\\\\Users\\\\vinad\\\\OneDrive\\\\Documentos\\\\Curitiba 360\\\\dataconnect\": could not find dataconnect.yaml in `c:\\Users\\vinad\\OneDrive\\Documentos\\Curitiba 360\\dataconnect`\n"}}
[debug] [2026-07-20T19:46:31.450Z] E0720 16:46:31.450803   36444 watch.go:116] watchAllDir unable to walk dir `c:\Users\vinad\OneDrive\Documentos\Curitiba 360\dataconnect`: GetFileAttributesEx c:\Users\vinad\OneDrive\Documentos\Curitiba 360\dataconnect: The system cannot find the file specified.
 {"metadata":{"emulator":{"name":"dataconnect"},"message":"E0720 16:46:31.450803   36444 watch.go:116] watchAllDir unable to walk dir `c:\\Users\\vinad\\OneDrive\\Documentos\\Curitiba 360\\dataconnect`: GetFileAttributesEx c:\\Users\\vinad\\OneDrive\\Documentos\\Curitiba 360\\dataconnect: The system cannot find the file specified.\n"}}
[debug] [2026-07-20T19:46:31.451Z] E0720 16:46:31.450803   36444 watch.go:40] Failed to load config from "c:\\Users\\vinad\\OneDrive\\Documentos\\Curitiba 360\\dataconnect": could not find dataconnect.yaml in `c:\Users\vinad\OneDrive\Documentos\Curitiba 360\dataconnect`
 {"metadata":{"emulator":{"name":"dataconnect"},"message":"E0720 16:46:31.450803   36444 watch.go:40] Failed to load config from \"c:\\\\Users\\\\vinad\\\\OneDrive\\\\Documentos\\\\Curitiba 360\\\\dataconnect\": could not find dataconnect.yaml in `c:\\Users\\vinad\\OneDrive\\Documentos\\Curitiba 360\\dataconnect`\n"}}
[debug] [2026-07-20T19:46:41.451Z] E0720 16:46:41.451225   36444 watch.go:40] Failed to load config from "c:\\Users\\vinad\\OneDrive\\Documentos\\Curitiba 360\\dataconnect": could not find dataconnect.yaml in `c:\Users\vinad\OneDrive\Documentos\Curitiba 360\dataconnect`
 {"metadata":{"emulator":{"name":"dataconnect"},"message":"E0720 16:46:41.451225   36444 watch.go:40] Failed to load config from \"c:\\\\Users\\\\vinad\\\\OneDrive\\\\Documentos\\\\Curitiba 360\\\\dataconnect\": could not find dataconnect.yaml in `c:\\Users\\vinad\\OneDrive\\Documentos\\Curitiba 360\\dataconnect`\n"}}
[debug] [2026-07-20T19:46:51.451Z] E0720 16:46:51.450794   36444 watch.go:40] Failed to load config from "c:\\Users\\vinad\\OneDrive\\Documentos\\Curitiba 360\\dataconnect": could not find dataconnect.yaml in `c:\Users\vinad\OneDrive\Documentos\Curitiba 360\dataconnect`
 {"metadata":{"emulator":{"name":"dataconnect"},"message":"E0720 16:46:51.450794   36444 watch.go:40] Failed to load config from \"c:\\\\Users\\\\vinad\\\\OneDrive\\\\Documentos\\\\Curitiba 360\\\\dataconnect\": could not find dataconnect.yaml in `c:\\Users\\vinad\\OneDrive\\Documentos\\Curitiba 360\\dataconnect`\n"}}
[debug] [2026-07-20T19:47:01.453Z] E0720 16:47:01.450650   36444 watch.go:40] Failed to load config from "c:\\Users\\vinad\\OneDrive\\Documentos\\Curitiba 360\\dataconnect": could not find dataconnect.yaml in `c:\Users\vinad\OneDrive\Documentos\Curitiba 360\dataconnect`
 {"metadata":{"emulator":{"name":"dataconnect"},"message":"E0720 16:47:01.450650   36444 watch.go:40] Failed to load config from \"c:\\\\Users\\\\vinad\\\\OneDrive\\\\Documentos\\\\Curitiba 360\\\\dataconnect\": could not find dataconnect.yaml in `c:\\Users\\vinad\\OneDrive\\Documentos\\Curitiba 360\\dataconnect`\n"}}
[debug] [2026-07-20T19:47:11.450Z] E0720 16:47:11.450496   36444 watch.go:40] Failed to load config from "c:\\Users\\vinad\\OneDrive\\Documentos\\Curitiba 360\\dataconnect": could not find dataconnect.yaml in `c:\Users\vinad\OneDrive\Documentos\Curitiba 360\dataconnect`
 {"metadata":{"emulator":{"name":"dataconnect"},"message":"E0720 16:47:11.450496   36444 watch.go:40] Failed to load config from \"c:\\\\Users\\\\vinad\\\\OneDrive\\\\Documentos\\\\Curitiba 360\\\\dataconnect\": could not find dataconnect.yaml in `c:\\Users\\vinad\\OneDrive\\Documentos\\Curitiba 360\\dataconnect`\n"}}
[debug] [2026-07-20T19:47:21.450Z] E0720 16:47:21.450651   36444 watch.go:40] Failed to load config from "c:\\Users\\vinad\\OneDrive\\Documentos\\Curitiba 360\\dataconnect": could not find dataconnect.yaml in `c:\Users\vinad\OneDrive\Documentos\Curitiba 360\dataconnect`
 {"metadata":{"emulator":{"name":"dataconnect"},"message":"E0720 16:47:21.450651   36444 watch.go:40] Failed to load config from \"c:\\\\Users\\\\vinad\\\\OneDrive\\\\Documentos\\\\Curitiba 360\\\\dataconnect\": could not find dataconnect.yaml in `c:\\Users\\vinad\\OneDrive\\Documentos\\Curitiba 360\\dataconnect`\n"}}
[debug] [2026-07-20T19:47:31.450Z] E0720 16:47:31.450492   36444 watch.go:116] watchAllDir unable to walk dir `c:\Users\vinad\OneDrive\Documentos\Curitiba 360\dataconnect`: GetFileAttributesEx c:\Users\vinad\OneDrive\Documentos\Curitiba 360\dataconnect: The system cannot find the file specified.
 {"metadata":{"emulator":{"name":"dataconnect"},"message":"E0720 16:47:31.450492   36444 watch.go:116] watchAllDir unable to walk dir `c:\\Users\\vinad\\OneDrive\\Documentos\\Curitiba 360\\dataconnect`: GetFileAttributesEx c:\\Users\\vinad\\OneDrive\\Documentos\\Curitiba 360\\dataconnect: The system cannot find the file specified.\n"}}
[debug] [2026-07-20T19:47:31.451Z] E0720 16:47:31.450492   36444 watch.go:40] Failed to load config from "c:\\Users\\vinad\\OneDrive\\Documentos\\Curitiba 360\\dataconnect": could not find dataconnect.yaml in `c:\Users\vinad\OneDrive\Documentos\Curitiba 360\dataconnect`
 {"metadata":{"emulator":{"name":"dataconnect"},"message":"E0720 16:47:31.450492   36444 watch.go:40] Failed to load config from \"c:\\\\Users\\\\vinad\\\\OneDrive\\\\Documentos\\\\Curitiba 360\\\\dataconnect\": could not find dataconnect.yaml in `c:\\Users\\vinad\\OneDrive\\Documentos\\Curitiba 360\\dataconnect`\n"}}
[debug] [2026-07-20T19:47:41.451Z] E0720 16:47:41.450662   36444 watch.go:40] Failed to load config from "c:\\Users\\vinad\\OneDrive\\Documentos\\Curitiba 360\\dataconnect": could not find dataconnect.yaml in `c:\Users\vinad\OneDrive\Documentos\Curitiba 360\dataconnect`
 {"metadata":{"emulator":{"name":"dataconnect"},"message":"E0720 16:47:41.450662   36444 watch.go:40] Failed to load config from \"c:\\\\Users\\\\vinad\\\\OneDrive\\\\Documentos\\\\Curitiba 360\\\\dataconnect\": could not find dataconnect.yaml in `c:\\Users\\vinad\\OneDrive\\Documentos\\Curitiba 360\\dataconnect`\n"}}
[debug] [2026-07-20T19:47:51.450Z] E0720 16:47:51.450471   36444 watch.go:40] Failed to load config from "c:\\Users\\vinad\\OneDrive\\Documentos\\Curitiba 360\\dataconnect": could not find dataconnect.yaml in `c:\Users\vinad\OneDrive\Documentos\Curitiba 360\dataconnect`
 {"metadata":{"emulator":{"name":"dataconnect"},"message":"E0720 16:47:51.450471   36444 watch.go:40] Failed to load config from \"c:\\\\Users\\\\vinad\\\\OneDrive\\\\Documentos\\\\Curitiba 360\\\\dataconnect\": could not find dataconnect.yaml in `c:\\Users\\vinad\\OneDrive\\Documentos\\Curitiba 360\\dataconnect`\n"}}
[debug] [2026-07-20T19:48:01.450Z] E0720 16:48:01.450540   36444 watch.go:40] Failed to load config from "c:\\Users\\vinad\\OneDrive\\Documentos\\Curitiba 360\\dataconnect": could not find dataconnect.yaml in `c:\Users\vinad\OneDrive\Documentos\Curitiba 360\dataconnect`
 {"metadata":{"emulator":{"name":"dataconnect"},"message":"E0720 16:48:01.450540   36444 watch.go:40] Failed to load config from \"c:\\\\Users\\\\vinad\\\\OneDrive\\\\Documentos\\\\Curitiba 360\\\\dataconnect\": could not find dataconnect.yaml in `c:\\Users\\vinad\\OneDrive\\Documentos\\Curitiba 360\\dataconnect`\n"}}
[debug] [2026-07-20T19:48:11.450Z] E0720 16:48:11.450709   36444 watch.go:40] Failed to load config from "c:\\Users\\vinad\\OneDrive\\Documentos\\Curitiba 360\\dataconnect": could not find dataconnect.yaml in `c:\Users\vinad\OneDrive\Documentos\Curitiba 360\dataconnect`
 {"metadata":{"emulator":{"name":"dataconnect"},"message":"E0720 16:48:11.450709   36444 watch.go:40] Failed to load config from \"c:\\\\Users\\\\vinad\\\\OneDrive\\\\Documentos\\\\Curitiba 360\\\\dataconnect\": could not find dataconnect.yaml in `c:\\Users\\vinad\\OneDrive\\Documentos\\Curitiba 360\\dataconnect`\n"}}
[debug] [2026-07-20T19:48:21.450Z] E0720 16:48:21.450644   36444 watch.go:40] Failed to load config from "c:\\Users\\vinad\\OneDrive\\Documentos\\Curitiba 360\\dataconnect": could not find dataconnect.yaml in `c:\Users\vinad\OneDrive\Documentos\Curitiba 360\dataconnect`
 {"metadata":{"emulator":{"name":"dataconnect"},"message":"E0720 16:48:21.450644   36444 watch.go:40] Failed to load config from \"c:\\\\Users\\\\vinad\\\\OneDrive\\\\Documentos\\\\Curitiba 360\\\\dataconnect\": could not find dataconnect.yaml in `c:\\Users\\vinad\\OneDrive\\Documentos\\Curitiba 360\\dataconnect`\n"}}
[debug] [2026-07-20T19:48:31.450Z] E0720 16:48:31.450320   36444 watch.go:116] watchAllDir unable to walk dir `c:\Users\vinad\OneDrive\Documentos\Curitiba 360\dataconnect`: GetFileAttributesEx c:\Users\vinad\OneDrive\Documentos\Curitiba 360\dataconnect: The system cannot find the file specified.
 {"metadata":{"emulator":{"name":"dataconnect"},"message":"E0720 16:48:31.450320   36444 watch.go:116] watchAllDir unable to walk dir `c:\\Users\\vinad\\OneDrive\\Documentos\\Curitiba 360\\dataconnect`: GetFileAttributesEx c:\\Users\\vinad\\OneDrive\\Documentos\\Curitiba 360\\dataconnect: The system cannot find the file specified.\n"}}
[debug] [2026-07-20T19:48:31.451Z] E0720 16:48:31.450320   36444 watch.go:40] Failed to load config from "c:\\Users\\vinad\\OneDrive\\Documentos\\Curitiba 360\\dataconnect": could not find dataconnect.yaml in `c:\Users\vinad\OneDrive\Documentos\Curitiba 360\dataconnect`
 {"metadata":{"emulator":{"name":"dataconnect"},"message":"E0720 16:48:31.450320   36444 watch.go:40] Failed to load config from \"c:\\\\Users\\\\vinad\\\\OneDrive\\\\Documentos\\\\Curitiba 360\\\\dataconnect\": could not find dataconnect.yaml in `c:\\Users\\vinad\\OneDrive\\Documentos\\Curitiba 360\\dataconnect`\n"}}
[debug] [2026-07-20T19:48:41.451Z] E0720 16:48:41.450734   36444 watch.go:40] Failed to load config from "c:\\Users\\vinad\\OneDrive\\Documentos\\Curitiba 360\\dataconnect": could not find dataconnect.yaml in `c:\Users\vinad\OneDrive\Documentos\Curitiba 360\dataconnect`
 {"metadata":{"emulator":{"name":"dataconnect"},"message":"E0720 16:48:41.450734   36444 watch.go:40] Failed to load config from \"c:\\\\Users\\\\vinad\\\\OneDrive\\\\Documentos\\\\Curitiba 360\\\\dataconnect\": could not find dataconnect.yaml in `c:\\Users\\vinad\\OneDrive\\Documentos\\Curitiba 360\\dataconnect`\n"}}
[debug] [2026-07-20T19:48:51.451Z] E0720 16:48:51.450877   36444 watch.go:40] Failed to load config from "c:\\Users\\vinad\\OneDrive\\Documentos\\Curitiba 360\\dataconnect": could not find dataconnect.yaml in `c:\Users\vinad\OneDrive\Documentos\Curitiba 360\dataconnect`
 {"metadata":{"emulator":{"name":"dataconnect"},"message":"E0720 16:48:51.450877   36444 watch.go:40] Failed to load config from \"c:\\\\Users\\\\vinad\\\\OneDrive\\\\Documentos\\\\Curitiba 360\\\\dataconnect\": could not find dataconnect.yaml in `c:\\Users\\vinad\\OneDrive\\Documentos\\Curitiba 360\\dataconnect`\n"}}
[debug] [2026-07-20T19:49:01.451Z] E0720 16:49:01.450825   36444 watch.go:40] Failed to load config from "c:\\Users\\vinad\\OneDrive\\Documentos\\Curitiba 360\\dataconnect": could not find dataconnect.yaml in `c:\Users\vinad\OneDrive\Documentos\Curitiba 360\dataconnect`
 {"metadata":{"emulator":{"name":"dataconnect"},"message":"E0720 16:49:01.450825   36444 watch.go:40] Failed to load config from \"c:\\\\Users\\\\vinad\\\\OneDrive\\\\Documentos\\\\Curitiba 360\\\\dataconnect\": could not find dataconnect.yaml in `c:\\Users\\vinad\\OneDrive\\Documentos\\Curitiba 360\\dataconnect`\n"}}
[debug] [2026-07-20T19:49:11.451Z] E0720 16:49:11.450746   36444 watch.go:40] Failed to load config from "c:\\Users\\vinad\\OneDrive\\Documentos\\Curitiba 360\\dataconnect": could not find dataconnect.yaml in `c:\Users\vinad\OneDrive\Documentos\Curitiba 360\dataconnect`
 {"metadata":{"emulator":{"name":"dataconnect"},"message":"E0720 16:49:11.450746   36444 watch.go:40] Failed to load config from \"c:\\\\Users\\\\vinad\\\\OneDrive\\\\Documentos\\\\Curitiba 360\\\\dataconnect\": could not find dataconnect.yaml in `c:\\Users\\vinad\\OneDrive\\Documentos\\Curitiba 360\\dataconnect`\n"}}
[debug] [2026-07-20T19:49:21.451Z] E0720 16:49:21.450732   36444 watch.go:40] Failed to load config from "c:\\Users\\vinad\\OneDrive\\Documentos\\Curitiba 360\\dataconnect": could not find dataconnect.yaml in `c:\Users\vinad\OneDrive\Documentos\Curitiba 360\dataconnect`
 {"metadata":{"emulator":{"name":"dataconnect"},"message":"E0720 16:49:21.450732   36444 watch.go:40] Failed to load config from \"c:\\\\Users\\\\vinad\\\\OneDrive\\\\Documentos\\\\Curitiba 360\\\\dataconnect\": could not find dataconnect.yaml in `c:\\Users\\vinad\\OneDrive\\Documentos\\Curitiba 360\\dataconnect`\n"}}
[debug] [2026-07-20T19:49:31.450Z] E0720 16:49:31.450845   36444 watch.go:116] watchAllDir unable to walk dir `c:\Users\vinad\OneDrive\Documentos\Curitiba 360\dataconnect`: GetFileAttributesEx c:\Users\vinad\OneDrive\Documentos\Curitiba 360\dataconnect: The system cannot find the file specified.
 {"metadata":{"emulator":{"name":"dataconnect"},"message":"E0720 16:49:31.450845   36444 watch.go:116] watchAllDir unable to walk dir `c:\\Users\\vinad\\OneDrive\\Documentos\\Curitiba 360\\dataconnect`: GetFileAttributesEx c:\\Users\\vinad\\OneDrive\\Documentos\\Curitiba 360\\dataconnect: The system cannot find the file specified.\n"}}
[debug] [2026-07-20T19:49:31.451Z] E0720 16:49:31.450845   36444 watch.go:40] Failed to load config from "c:\\Users\\vinad\\OneDrive\\Documentos\\Curitiba 360\\dataconnect": could not find dataconnect.yaml in `c:\Users\vinad\OneDrive\Documentos\Curitiba 360\dataconnect`
 {"metadata":{"emulator":{"name":"dataconnect"},"message":"E0720 16:49:31.450845   36444 watch.go:40] Failed to load config from \"c:\\\\Users\\\\vinad\\\\OneDrive\\\\Documentos\\\\Curitiba 360\\\\dataconnect\": could not find dataconnect.yaml in `c:\\Users\\vinad\\OneDrive\\Documentos\\Curitiba 360\\dataconnect`\n"}}
[debug] [2026-07-20T19:49:41.451Z] E0720 16:49:41.450781   36444 watch.go:40] Failed to load config from "c:\\Users\\vinad\\OneDrive\\Documentos\\Curitiba 360\\dataconnect": could not find dataconnect.yaml in `c:\Users\vinad\OneDrive\Documentos\Curitiba 360\dataconnect`
 {"metadata":{"emulator":{"name":"dataconnect"},"message":"E0720 16:49:41.450781   36444 watch.go:40] Failed to load config from \"c:\\\\Users\\\\vinad\\\\OneDrive\\\\Documentos\\\\Curitiba 360\\\\dataconnect\": could not find dataconnect.yaml in `c:\\Users\\vinad\\OneDrive\\Documentos\\Curitiba 360\\dataconnect`\n"}}
[debug] [2026-07-20T19:49:51.450Z] E0720 16:49:51.450572   36444 watch.go:40] Failed to load config from "c:\\Users\\vinad\\OneDrive\\Documentos\\Curitiba 360\\dataconnect": could not find dataconnect.yaml in `c:\Users\vinad\OneDrive\Documentos\Curitiba 360\dataconnect`
 {"metadata":{"emulator":{"name":"dataconnect"},"message":"E0720 16:49:51.450572   36444 watch.go:40] Failed to load config from \"c:\\\\Users\\\\vinad\\\\OneDrive\\\\Documentos\\\\Curitiba 360\\\\dataconnect\": could not find dataconnect.yaml in `c:\\Users\\vinad\\OneDrive\\Documentos\\Curitiba 360\\dataconnect`\n"}}
[debug] [2026-07-20T19:50:01.450Z] E0720 16:50:01.450591   36444 watch.go:40] Failed to load config from "c:\\Users\\vinad\\OneDrive\\Documentos\\Curitiba 360\\dataconnect": could not find dataconnect.yaml in `c:\Users\vinad\OneDrive\Documentos\Curitiba 360\dataconnect`
 {"metadata":{"emulator":{"name":"dataconnect"},"message":"E0720 16:50:01.450591   36444 watch.go:40] Failed to load config from \"c:\\\\Users\\\\vinad\\\\OneDrive\\\\Documentos\\\\Curitiba 360\\\\dataconnect\": could not find dataconnect.yaml in `c:\\Users\\vinad\\OneDrive\\Documentos\\Curitiba 360\\dataconnect`\n"}}
[debug] [2026-07-20T19:50:11.450Z] E0720 16:50:11.450522   36444 watch.go:40] Failed to load config from "c:\\Users\\vinad\\OneDrive\\Documentos\\Curitiba 360\\dataconnect": could not find dataconnect.yaml in `c:\Users\vinad\OneDrive\Documentos\Curitiba 360\dataconnect`
 {"metadata":{"emulator":{"name":"dataconnect"},"message":"E0720 16:50:11.450522   36444 watch.go:40] Failed to load config from \"c:\\\\Users\\\\vinad\\\\OneDrive\\\\Documentos\\\\Curitiba 360\\\\dataconnect\": could not find dataconnect.yaml in `c:\\Users\\vinad\\OneDrive\\Documentos\\Curitiba 360\\dataconnect`\n"}}
[debug] [2026-07-20T19:50:21.450Z] E0720 16:50:21.450430   36444 watch.go:40] Failed to load config from "c:\\Users\\vinad\\OneDrive\\Documentos\\Curitiba 360\\dataconnect": could not find dataconnect.yaml in `c:\Users\vinad\OneDrive\Documentos\Curitiba 360\dataconnect`
 {"metadata":{"emulator":{"name":"dataconnect"},"message":"E0720 16:50:21.450430   36444 watch.go:40] Failed to load config from \"c:\\\\Users\\\\vinad\\\\OneDrive\\\\Documentos\\\\Curitiba 360\\\\dataconnect\": could not find dataconnect.yaml in `c:\\Users\\vinad\\OneDrive\\Documentos\\Curitiba 360\\dataconnect`\n"}}
[debug] [2026-07-20T19:50:31.450Z] E0720 16:50:31.450584   36444 watch.go:116] watchAllDir unable to walk dir `c:\Users\vinad\OneDrive\Documentos\Curitiba 360\dataconnect`: GetFileAttributesEx c:\Users\vinad\OneDrive\Documentos\Curitiba 360\dataconnect: The system cannot find the file specified.
 {"metadata":{"emulator":{"name":"dataconnect"},"message":"E0720 16:50:31.450584   36444 watch.go:116] watchAllDir unable to walk dir `c:\\Users\\vinad\\OneDrive\\Documentos\\Curitiba 360\\dataconnect`: GetFileAttributesEx c:\\Users\\vinad\\OneDrive\\Documentos\\Curitiba 360\\dataconnect: The system cannot find the file specified.\n"}}
[debug] [2026-07-20T19:50:31.451Z] E0720 16:50:31.450584   36444 watch.go:40] Failed to load config from "c:\\Users\\vinad\\OneDrive\\Documentos\\Curitiba 360\\dataconnect": could not find dataconnect.yaml in `c:\Users\vinad\OneDrive\Documentos\Curitiba 360\dataconnect`
 {"metadata":{"emulator":{"name":"dataconnect"},"message":"E0720 16:50:31.450584   36444 watch.go:40] Failed to load config from \"c:\\\\Users\\\\vinad\\\\OneDrive\\\\Documentos\\\\Curitiba 360\\\\dataconnect\": could not find dataconnect.yaml in `c:\\Users\\vinad\\OneDrive\\Documentos\\Curitiba 360\\dataconnect`\n"}}
[debug] [2026-07-20T19:50:41.450Z] E0720 16:50:41.450508   36444 watch.go:40] Failed to load config from "c:\\Users\\vinad\\OneDrive\\Documentos\\Curitiba 360\\dataconnect": could not find dataconnect.yaml in `c:\Users\vinad\OneDrive\Documentos\Curitiba 360\dataconnect`
 {"metadata":{"emulator":{"name":"dataconnect"},"message":"E0720 16:50:41.450508   36444 watch.go:40] Failed to load config from \"c:\\\\Users\\\\vinad\\\\OneDrive\\\\Documentos\\\\Curitiba 360\\\\dataconnect\": could not find dataconnect.yaml in `c:\\Users\\vinad\\OneDrive\\Documentos\\Curitiba 360\\dataconnect`\n"}}
[debug] [2026-07-20T19:50:51.450Z] E0720 16:50:51.450535   36444 watch.go:40] Failed to load config from "c:\\Users\\vinad\\OneDrive\\Documentos\\Curitiba 360\\dataconnect": could not find dataconnect.yaml in `c:\Users\vinad\OneDrive\Documentos\Curitiba 360\dataconnect`
 {"metadata":{"emulator":{"name":"dataconnect"},"message":"E0720 16:50:51.450535   36444 watch.go:40] Failed to load config from \"c:\\\\Users\\\\vinad\\\\OneDrive\\\\Documentos\\\\Curitiba 360\\\\dataconnect\": could not find dataconnect.yaml in `c:\\Users\\vinad\\OneDrive\\Documentos\\Curitiba 360\\dataconnect`\n"}}
[debug] [2026-07-20T19:51:01.450Z] E0720 16:51:01.450624   36444 watch.go:40] Failed to load config from "c:\\Users\\vinad\\OneDrive\\Documentos\\Curitiba 360\\dataconnect": could not find dataconnect.yaml in `c:\Users\vinad\OneDrive\Documentos\Curitiba 360\dataconnect`
 {"metadata":{"emulator":{"name":"dataconnect"},"message":"E0720 16:51:01.450624   36444 watch.go:40] Failed to load config from \"c:\\\\Users\\\\vinad\\\\OneDrive\\\\Documentos\\\\Curitiba 360\\\\dataconnect\": could not find dataconnect.yaml in `c:\\Users\\vinad\\OneDrive\\Documentos\\Curitiba 360\\dataconnect`\n"}}
[debug] [2026-07-20T19:51:11.450Z] E0720 16:51:11.450446   36444 watch.go:40] Failed to load config from "c:\\Users\\vinad\\OneDrive\\Documentos\\Curitiba 360\\dataconnect": could not find dataconnect.yaml in `c:\Users\vinad\OneDrive\Documentos\Curitiba 360\dataconnect`
 {"metadata":{"emulator":{"name":"dataconnect"},"message":"E0720 16:51:11.450446   36444 watch.go:40] Failed to load config from \"c:\\\\Users\\\\vinad\\\\OneDrive\\\\Documentos\\\\Curitiba 360\\\\dataconnect\": could not find dataconnect.yaml in `c:\\Users\\vinad\\OneDrive\\Documentos\\Curitiba 360\\dataconnect`\n"}}
[debug] [2026-07-20T19:51:21.450Z] E0720 16:51:21.450446   36444 watch.go:40] Failed to load config from "c:\\Users\\vinad\\OneDrive\\Documentos\\Curitiba 360\\dataconnect": could not find dataconnect.yaml in `c:\Users\vinad\OneDrive\Documentos\Curitiba 360\dataconnect`
 {"metadata":{"emulator":{"name":"dataconnect"},"message":"E0720 16:51:21.450446   36444 watch.go:40] Failed to load config from \"c:\\\\Users\\\\vinad\\\\OneDrive\\\\Documentos\\\\Curitiba 360\\\\dataconnect\": could not find dataconnect.yaml in `c:\\Users\\vinad\\OneDrive\\Documentos\\Curitiba 360\\dataconnect`\n"}}
[debug] [2026-07-20T19:51:31.450Z] E0720 16:51:31.450511   36444 watch.go:116] watchAllDir unable to walk dir `c:\Users\vinad\OneDrive\Documentos\Curitiba 360\dataconnect`: GetFileAttributesEx c:\Users\vinad\OneDrive\Documentos\Curitiba 360\dataconnect: The system cannot find the file specified.
 {"metadata":{"emulator":{"name":"dataconnect"},"message":"E0720 16:51:31.450511   36444 watch.go:116] watchAllDir unable to walk dir `c:\\Users\\vinad\\OneDrive\\Documentos\\Curitiba 360\\dataconnect`: GetFileAttributesEx c:\\Users\\vinad\\OneDrive\\Documentos\\Curitiba 360\\dataconnect: The system cannot find the file specified.\n"}}
[debug] [2026-07-20T19:51:31.451Z] E0720 16:51:31.450511   36444 watch.go:40] Failed to load config from "c:\\Users\\vinad\\OneDrive\\Documentos\\Curitiba 360\\dataconnect": could not find dataconnect.yaml in `c:\Users\vinad\OneDrive\Documentos\Curitiba 360\dataconnect`
 {"metadata":{"emulator":{"name":"dataconnect"},"message":"E0720 16:51:31.450511   36444 watch.go:40] Failed to load config from \"c:\\\\Users\\\\vinad\\\\OneDrive\\\\Documentos\\\\Curitiba 360\\\\dataconnect\": could not find dataconnect.yaml in `c:\\Users\\vinad\\OneDrive\\Documentos\\Curitiba 360\\dataconnect`\n"}}
[debug] [2026-07-20T19:51:41.451Z] E0720 16:51:41.450922   36444 watch.go:40] Failed to load config from "c:\\Users\\vinad\\OneDrive\\Documentos\\Curitiba 360\\dataconnect": could not find dataconnect.yaml in `c:\Users\vinad\OneDrive\Documentos\Curitiba 360\dataconnect`
 {"metadata":{"emulator":{"name":"dataconnect"},"message":"E0720 16:51:41.450922   36444 watch.go:40] Failed to load config from \"c:\\\\Users\\\\vinad\\\\OneDrive\\\\Documentos\\\\Curitiba 360\\\\dataconnect\": could not find dataconnect.yaml in `c:\\Users\\vinad\\OneDrive\\Documentos\\Curitiba 360\\dataconnect`\n"}}
[debug] [2026-07-20T19:51:51.450Z] E0720 16:51:51.450617   36444 watch.go:40] Failed to load config from "c:\\Users\\vinad\\OneDrive\\Documentos\\Curitiba 360\\dataconnect": could not find dataconnect.yaml in `c:\Users\vinad\OneDrive\Documentos\Curitiba 360\dataconnect`
 {"metadata":{"emulator":{"name":"dataconnect"},"message":"E0720 16:51:51.450617   36444 watch.go:40] Failed to load config from \"c:\\\\Users\\\\vinad\\\\OneDrive\\\\Documentos\\\\Curitiba 360\\\\dataconnect\": could not find dataconnect.yaml in `c:\\Users\\vinad\\OneDrive\\Documentos\\Curitiba 360\\dataconnect`\n"}}
[debug] [2026-07-20T19:52:01.450Z] E0720 16:52:01.450541   36444 watch.go:40] Failed to load config from "c:\\Users\\vinad\\OneDrive\\Documentos\\Curitiba 360\\dataconnect": could not find dataconnect.yaml in `c:\Users\vinad\OneDrive\Documentos\Curitiba 360\dataconnect`
 {"metadata":{"emulator":{"name":"dataconnect"},"message":"E0720 16:52:01.450541   36444 watch.go:40] Failed to load config from \"c:\\\\Users\\\\vinad\\\\OneDrive\\\\Documentos\\\\Curitiba 360\\\\dataconnect\": could not find dataconnect.yaml in `c:\\Users\\vinad\\OneDrive\\Documentos\\Curitiba 360\\dataconnect`\n"}}
[debug] [2026-07-20T19:52:11.451Z] E0720 16:52:11.450796   36444 watch.go:40] Failed to load config from "c:\\Users\\vinad\\OneDrive\\Documentos\\Curitiba 360\\dataconnect": could not find dataconnect.yaml in `c:\Users\vinad\OneDrive\Documentos\Curitiba 360\dataconnect`
 {"metadata":{"emulator":{"name":"dataconnect"},"message":"E0720 16:52:11.450796   36444 watch.go:40] Failed to load config from \"c:\\\\Users\\\\vinad\\\\OneDrive\\\\Documentos\\\\Curitiba 360\\\\dataconnect\": could not find dataconnect.yaml in `c:\\Users\\vinad\\OneDrive\\Documentos\\Curitiba 360\\dataconnect`\n"}}
[debug] [2026-07-20T19:52:21.450Z] E0720 16:52:21.450409   36444 watch.go:40] Failed to load config from "c:\\Users\\vinad\\OneDrive\\Documentos\\Curitiba 360\\dataconnect": could not find dataconnect.yaml in `c:\Users\vinad\OneDrive\Documentos\Curitiba 360\dataconnect`
 {"metadata":{"emulator":{"name":"dataconnect"},"message":"E0720 16:52:21.450409   36444 watch.go:40] Failed to load config from \"c:\\\\Users\\\\vinad\\\\OneDrive\\\\Documentos\\\\Curitiba 360\\\\dataconnect\": could not find dataconnect.yaml in `c:\\Users\\vinad\\OneDrive\\Documentos\\Curitiba 360\\dataconnect`\n"}}
[debug] [2026-07-20T19:52:31.450Z] E0720 16:52:31.450593   36444 watch.go:116] watchAllDir unable to walk dir `c:\Users\vinad\OneDrive\Documentos\Curitiba 360\dataconnect`: GetFileAttributesEx c:\Users\vinad\OneDrive\Documentos\Curitiba 360\dataconnect: The system cannot find the file specified.
 {"metadata":{"emulator":{"name":"dataconnect"},"message":"E0720 16:52:31.450593   36444 watch.go:116] watchAllDir unable to walk dir `c:\\Users\\vinad\\OneDrive\\Documentos\\Curitiba 360\\dataconnect`: GetFileAttributesEx c:\\Users\\vinad\\OneDrive\\Documentos\\Curitiba 360\\dataconnect: The system cannot find the file specified.\n"}}
[debug] [2026-07-20T19:52:31.451Z] E0720 16:52:31.450593   36444 watch.go:40] Failed to load config from "c:\\Users\\vinad\\OneDrive\\Documentos\\Curitiba 360\\dataconnect": could not find dataconnect.yaml in `c:\Users\vinad\OneDrive\Documentos\Curitiba 360\dataconnect`
 {"metadata":{"emulator":{"name":"dataconnect"},"message":"E0720 16:52:31.450593   36444 watch.go:40] Failed to load config from \"c:\\\\Users\\\\vinad\\\\OneDrive\\\\Documentos\\\\Curitiba 360\\\\dataconnect\": could not find dataconnect.yaml in `c:\\Users\\vinad\\OneDrive\\Documentos\\Curitiba 360\\dataconnect`\n"}}
[debug] [2026-07-20T19:52:41.451Z] E0720 16:52:41.450810   36444 watch.go:40] Failed to load config from "c:\\Users\\vinad\\OneDrive\\Documentos\\Curitiba 360\\dataconnect": could not find dataconnect.yaml in `c:\Users\vinad\OneDrive\Documentos\Curitiba 360\dataconnect`
 {"metadata":{"emulator":{"name":"dataconnect"},"message":"E0720 16:52:41.450810   36444 watch.go:40] Failed to load config from \"c:\\\\Users\\\\vinad\\\\OneDrive\\\\Documentos\\\\Curitiba 360\\\\dataconnect\": could not find dataconnect.yaml in `c:\\Users\\vinad\\OneDrive\\Documentos\\Curitiba 360\\dataconnect`\n"}}
[debug] [2026-07-20T19:52:51.450Z] E0720 16:52:51.450390   36444 watch.go:40] Failed to load config from "c:\\Users\\vinad\\OneDrive\\Documentos\\Curitiba 360\\dataconnect": could not find dataconnect.yaml in `c:\Users\vinad\OneDrive\Documentos\Curitiba 360\dataconnect`
 {"metadata":{"emulator":{"name":"dataconnect"},"message":"E0720 16:52:51.450390   36444 watch.go:40] Failed to load config from \"c:\\\\Users\\\\vinad\\\\OneDrive\\\\Documentos\\\\Curitiba 360\\\\dataconnect\": could not find dataconnect.yaml in `c:\\Users\\vinad\\OneDrive\\Documentos\\Curitiba 360\\dataconnect`\n"}}
[debug] [2026-07-20T19:53:01.451Z] E0720 16:53:01.450727   36444 watch.go:40] Failed to load config from "c:\\Users\\vinad\\OneDrive\\Documentos\\Curitiba 360\\dataconnect": could not find dataconnect.yaml in `c:\Users\vinad\OneDrive\Documentos\Curitiba 360\dataconnect`
 {"metadata":{"emulator":{"name":"dataconnect"},"message":"E0720 16:53:01.450727   36444 watch.go:40] Failed to load config from \"c:\\\\Users\\\\vinad\\\\OneDrive\\\\Documentos\\\\Curitiba 360\\\\dataconnect\": could not find dataconnect.yaml in `c:\\Users\\vinad\\OneDrive\\Documentos\\Curitiba 360\\dataconnect`\n"}}
[debug] [2026-07-20T19:53:11.451Z] E0720 16:53:11.450577   36444 watch.go:40] Failed to load config from "c:\\Users\\vinad\\OneDrive\\Documentos\\Curitiba 360\\dataconnect": could not find dataconnect.yaml in `c:\Users\vinad\OneDrive\Documentos\Curitiba 360\dataconnect`
 {"metadata":{"emulator":{"name":"dataconnect"},"message":"E0720 16:53:11.450577   36444 watch.go:40] Failed to load config from \"c:\\\\Users\\\\vinad\\\\OneDrive\\\\Documentos\\\\Curitiba 360\\\\dataconnect\": could not find dataconnect.yaml in `c:\\Users\\vinad\\OneDrive\\Documentos\\Curitiba 360\\dataconnect`\n"}}
[debug] [2026-07-20T19:53:21.451Z] E0720 16:53:21.450640   36444 watch.go:40] Failed to load config from "c:\\Users\\vinad\\OneDrive\\Documentos\\Curitiba 360\\dataconnect": could not find dataconnect.yaml in `c:\Users\vinad\OneDrive\Documentos\Curitiba 360\dataconnect`
 {"metadata":{"emulator":{"name":"dataconnect"},"message":"E0720 16:53:21.450640   36444 watch.go:40] Failed to load config from \"c:\\\\Users\\\\vinad\\\\OneDrive\\\\Documentos\\\\Curitiba 360\\\\dataconnect\": could not find dataconnect.yaml in `c:\\Users\\vinad\\OneDrive\\Documentos\\Curitiba 360\\dataconnect`\n"}}
[debug] [2026-07-20T19:53:31.451Z] E0720 16:53:31.450789   36444 watch.go:116] watchAllDir unable to walk dir `c:\Users\vinad\OneDrive\Documentos\Curitiba 360\dataconnect`: GetFileAttributesEx c:\Users\vinad\OneDrive\Documentos\Curitiba 360\dataconnect: The system cannot find the file specified.
 {"metadata":{"emulator":{"name":"dataconnect"},"message":"E0720 16:53:31.450789   36444 watch.go:116] watchAllDir unable to walk dir `c:\\Users\\vinad\\OneDrive\\Documentos\\Curitiba 360\\dataconnect`: GetFileAttributesEx c:\\Users\\vinad\\OneDrive\\Documentos\\Curitiba 360\\dataconnect: The system cannot find the file specified.\n"}}
[debug] [2026-07-20T19:53:31.451Z] E0720 16:53:31.450789   36444 watch.go:40] Failed to load config from "c:\\Users\\vinad\\OneDrive\\Documentos\\Curitiba 360\\dataconnect": could not find dataconnect.yaml in `c:\Users\vinad\OneDrive\Documentos\Curitiba 360\dataconnect`
 {"metadata":{"emulator":{"name":"dataconnect"},"message":"E0720 16:53:31.450789   36444 watch.go:40] Failed to load config from \"c:\\\\Users\\\\vinad\\\\OneDrive\\\\Documentos\\\\Curitiba 360\\\\dataconnect\": could not find dataconnect.yaml in `c:\\Users\\vinad\\OneDrive\\Documentos\\Curitiba 360\\dataconnect`\n"}}
[debug] [2026-07-20T19:53:41.450Z] E0720 16:53:41.450371   36444 watch.go:40] Failed to load config from "c:\\Users\\vinad\\OneDrive\\Documentos\\Curitiba 360\\dataconnect": could not find dataconnect.yaml in `c:\Users\vinad\OneDrive\Documentos\Curitiba 360\dataconnect`
 {"metadata":{"emulator":{"name":"dataconnect"},"message":"E0720 16:53:41.450371   36444 watch.go:40] Failed to load config from \"c:\\\\Users\\\\vinad\\\\OneDrive\\\\Documentos\\\\Curitiba 360\\\\dataconnect\": could not find dataconnect.yaml in `c:\\Users\\vinad\\OneDrive\\Documentos\\Curitiba 360\\dataconnect`\n"}}
[debug] [2026-07-20T19:53:51.451Z] E0720 16:53:51.450752   36444 watch.go:40] Failed to load config from "c:\\Users\\vinad\\OneDrive\\Documentos\\Curitiba 360\\dataconnect": could not find dataconnect.yaml in `c:\Users\vinad\OneDrive\Documentos\Curitiba 360\dataconnect`
 {"metadata":{"emulator":{"name":"dataconnect"},"message":"E0720 16:53:51.450752   36444 watch.go:40] Failed to load config from \"c:\\\\Users\\\\vinad\\\\OneDrive\\\\Documentos\\\\Curitiba 360\\\\dataconnect\": could not find dataconnect.yaml in `c:\\Users\\vinad\\OneDrive\\Documentos\\Curitiba 360\\dataconnect`\n"}}
[debug] [2026-07-20T19:54:01.451Z] E0720 16:54:01.450815   36444 watch.go:40] Failed to load config from "c:\\Users\\vinad\\OneDrive\\Documentos\\Curitiba 360\\dataconnect": could not find dataconnect.yaml in `c:\Users\vinad\OneDrive\Documentos\Curitiba 360\dataconnect`
 {"metadata":{"emulator":{"name":"dataconnect"},"message":"E0720 16:54:01.450815   36444 watch.go:40] Failed to load config from \"c:\\\\Users\\\\vinad\\\\OneDrive\\\\Documentos\\\\Curitiba 360\\\\dataconnect\": could not find dataconnect.yaml in `c:\\Users\\vinad\\OneDrive\\Documentos\\Curitiba 360\\dataconnect`\n"}}
[debug] [2026-07-20T19:54:11.450Z] E0720 16:54:11.450505   36444 watch.go:40] Failed to load config from "c:\\Users\\vinad\\OneDrive\\Documentos\\Curitiba 360\\dataconnect": could not find dataconnect.yaml in `c:\Users\vinad\OneDrive\Documentos\Curitiba 360\dataconnect`
 {"metadata":{"emulator":{"name":"dataconnect"},"message":"E0720 16:54:11.450505   36444 watch.go:40] Failed to load config from \"c:\\\\Users\\\\vinad\\\\OneDrive\\\\Documentos\\\\Curitiba 360\\\\dataconnect\": could not find dataconnect.yaml in `c:\\Users\\vinad\\OneDrive\\Documentos\\Curitiba 360\\dataconnect`\n"}}
[debug] [2026-07-20T19:54:21.450Z] E0720 16:54:21.450465   36444 watch.go:40] Failed to load config from "c:\\Users\\vinad\\OneDrive\\Documentos\\Curitiba 360\\dataconnect": could not find dataconnect.yaml in `c:\Users\vinad\OneDrive\Documentos\Curitiba 360\dataconnect`
 {"metadata":{"emulator":{"name":"dataconnect"},"message":"E0720 16:54:21.450465   36444 watch.go:40] Failed to load config from \"c:\\\\Users\\\\vinad\\\\OneDrive\\\\Documentos\\\\Curitiba 360\\\\dataconnect\": could not find dataconnect.yaml in `c:\\Users\\vinad\\OneDrive\\Documentos\\Curitiba 360\\dataconnect`\n"}}
[debug] [2026-07-20T19:54:31.450Z] E0720 16:54:31.450447   36444 watch.go:116] watchAllDir unable to walk dir `c:\Users\vinad\OneDrive\Documentos\Curitiba 360\dataconnect`: GetFileAttributesEx c:\Users\vinad\OneDrive\Documentos\Curitiba 360\dataconnect: The system cannot find the file specified.
 {"metadata":{"emulator":{"name":"dataconnect"},"message":"E0720 16:54:31.450447   36444 watch.go:116] watchAllDir unable to walk dir `c:\\Users\\vinad\\OneDrive\\Documentos\\Curitiba 360\\dataconnect`: GetFileAttributesEx c:\\Users\\vinad\\OneDrive\\Documentos\\Curitiba 360\\dataconnect: The system cannot find the file specified.\n"}}
[debug] [2026-07-20T19:54:31.451Z] E0720 16:54:31.450447   36444 watch.go:40] Failed to load config from "c:\\Users\\vinad\\OneDrive\\Documentos\\Curitiba 360\\dataconnect": could not find dataconnect.yaml in `c:\Users\vinad\OneDrive\Documentos\Curitiba 360\dataconnect`
 {"metadata":{"emulator":{"name":"dataconnect"},"message":"E0720 16:54:31.450447   36444 watch.go:40] Failed to load config from \"c:\\\\Users\\\\vinad\\\\OneDrive\\\\Documentos\\\\Curitiba 360\\\\dataconnect\": could not find dataconnect.yaml in `c:\\Users\\vinad\\OneDrive\\Documentos\\Curitiba 360\\dataconnect`\n"}}
[debug] [2026-07-20T19:54:41.450Z] E0720 16:54:41.450753   36444 watch.go:40] Failed to load config from "c:\\Users\\vinad\\OneDrive\\Documentos\\Curitiba 360\\dataconnect": could not find dataconnect.yaml in `c:\Users\vinad\OneDrive\Documentos\Curitiba 360\dataconnect`
 {"metadata":{"emulator":{"name":"dataconnect"},"message":"E0720 16:54:41.450753   36444 watch.go:40] Failed to load config from \"c:\\\\Users\\\\vinad\\\\OneDrive\\\\Documentos\\\\Curitiba 360\\\\dataconnect\": could not find dataconnect.yaml in `c:\\Users\\vinad\\OneDrive\\Documentos\\Curitiba 360\\dataconnect`\n"}}
[debug] [2026-07-20T19:54:51.450Z] E0720 16:54:51.450430   36444 watch.go:40] Failed to load config from "c:\\Users\\vinad\\OneDrive\\Documentos\\Curitiba 360\\dataconnect": could not find dataconnect.yaml in `c:\Users\vinad\OneDrive\Documentos\Curitiba 360\dataconnect`
 {"metadata":{"emulator":{"name":"dataconnect"},"message":"E0720 16:54:51.450430   36444 watch.go:40] Failed to load config from \"c:\\\\Users\\\\vinad\\\\OneDrive\\\\Documentos\\\\Curitiba 360\\\\dataconnect\": could not find dataconnect.yaml in `c:\\Users\\vinad\\OneDrive\\Documentos\\Curitiba 360\\dataconnect`\n"}}
[debug] [2026-07-20T19:55:01.453Z] E0720 16:55:01.452754   36444 watch.go:40] Failed to load config from "c:\\Users\\vinad\\OneDrive\\Documentos\\Curitiba 360\\dataconnect": could not find dataconnect.yaml in `c:\Users\vinad\OneDrive\Documentos\Curitiba 360\dataconnect`
 {"metadata":{"emulator":{"name":"dataconnect"},"message":"E0720 16:55:01.452754   36444 watch.go:40] Failed to load config from \"c:\\\\Users\\\\vinad\\\\OneDrive\\\\Documentos\\\\Curitiba 360\\\\dataconnect\": could not find dataconnect.yaml in `c:\\Users\\vinad\\OneDrive\\Documentos\\Curitiba 360\\dataconnect`\n"}}
[debug] [2026-07-20T19:55:11.451Z] E0720 16:55:11.450661   36444 watch.go:40] Failed to load config from "c:\\Users\\vinad\\OneDrive\\Documentos\\Curitiba 360\\dataconnect": could not find dataconnect.yaml in `c:\Users\vinad\OneDrive\Documentos\Curitiba 360\dataconnect`
 {"metadata":{"emulator":{"name":"dataconnect"},"message":"E0720 16:55:11.450661   36444 watch.go:40] Failed to load config from \"c:\\\\Users\\\\vinad\\\\OneDrive\\\\Documentos\\\\Curitiba 360\\\\dataconnect\": could not find dataconnect.yaml in `c:\\Users\\vinad\\OneDrive\\Documentos\\Curitiba 360\\dataconnect`\n"}}
[debug] [2026-07-20T19:55:21.451Z] E0720 16:55:21.450757   36444 watch.go:40] Failed to load config from "c:\\Users\\vinad\\OneDrive\\Documentos\\Curitiba 360\\dataconnect": could not find dataconnect.yaml in `c:\Users\vinad\OneDrive\Documentos\Curitiba 360\dataconnect`
 {"metadata":{"emulator":{"name":"dataconnect"},"message":"E0720 16:55:21.450757   36444 watch.go:40] Failed to load config from \"c:\\\\Users\\\\vinad\\\\OneDrive\\\\Documentos\\\\Curitiba 360\\\\dataconnect\": could not find dataconnect.yaml in `c:\\Users\\vinad\\OneDrive\\Documentos\\Curitiba 360\\dataconnect`\n"}}
[debug] [2026-07-20T19:55:31.450Z] E0720 16:55:31.450716   36444 watch.go:116] watchAllDir unable to walk dir `c:\Users\vinad\OneDrive\Documentos\Curitiba 360\dataconnect`: GetFileAttributesEx c:\Users\vinad\OneDrive\Documentos\Curitiba 360\dataconnect: The system cannot find the file specified.
 {"metadata":{"emulator":{"name":"dataconnect"},"message":"E0720 16:55:31.450716   36444 watch.go:116] watchAllDir unable to walk dir `c:\\Users\\vinad\\OneDrive\\Documentos\\Curitiba 360\\dataconnect`: GetFileAttributesEx c:\\Users\\vinad\\OneDrive\\Documentos\\Curitiba 360\\dataconnect: The system cannot find the file specified.\n"}}
[debug] [2026-07-20T19:55:31.451Z] E0720 16:55:31.450716   36444 watch.go:40] Failed to load config from "c:\\Users\\vinad\\OneDrive\\Documentos\\Curitiba 360\\dataconnect": could not find dataconnect.yaml in `c:\Users\vinad\OneDrive\Documentos\Curitiba 360\dataconnect`
 {"metadata":{"emulator":{"name":"dataconnect"},"message":"E0720 16:55:31.450716   36444 watch.go:40] Failed to load config from \"c:\\\\Users\\\\vinad\\\\OneDrive\\\\Documentos\\\\Curitiba 360\\\\dataconnect\": could not find dataconnect.yaml in `c:\\Users\\vinad\\OneDrive\\Documentos\\Curitiba 360\\dataconnect`\n"}}
[debug] [2026-07-20T19:55:41.451Z] E0720 16:55:41.450747   36444 watch.go:40] Failed to load config from "c:\\Users\\vinad\\OneDrive\\Documentos\\Curitiba 360\\dataconnect": could not find dataconnect.yaml in `c:\Users\vinad\OneDrive\Documentos\Curitiba 360\dataconnect`
 {"metadata":{"emulator":{"name":"dataconnect"},"message":"E0720 16:55:41.450747   36444 watch.go:40] Failed to load config from \"c:\\\\Users\\\\vinad\\\\OneDrive\\\\Documentos\\\\Curitiba 360\\\\dataconnect\": could not find dataconnect.yaml in `c:\\Users\\vinad\\OneDrive\\Documentos\\Curitiba 360\\dataconnect`\n"}}
[debug] [2026-07-20T19:55:51.451Z] E0720 16:55:51.450724   36444 watch.go:40] Failed to load config from "c:\\Users\\vinad\\OneDrive\\Documentos\\Curitiba 360\\dataconnect": could not find dataconnect.yaml in `c:\Users\vinad\OneDrive\Documentos\Curitiba 360\dataconnect`
 {"metadata":{"emulator":{"name":"dataconnect"},"message":"E0720 16:55:51.450724   36444 watch.go:40] Failed to load config from \"c:\\\\Users\\\\vinad\\\\OneDrive\\\\Documentos\\\\Curitiba 360\\\\dataconnect\": could not find dataconnect.yaml in `c:\\Users\\vinad\\OneDrive\\Documentos\\Curitiba 360\\dataconnect`\n"}}
[debug] [2026-07-20T19:56:01.451Z] E0720 16:56:01.450658   36444 watch.go:40] Failed to load config from "c:\\Users\\vinad\\OneDrive\\Documentos\\Curitiba 360\\dataconnect": could not find dataconnect.yaml in `c:\Users\vinad\OneDrive\Documentos\Curitiba 360\dataconnect`
 {"metadata":{"emulator":{"name":"dataconnect"},"message":"E0720 16:56:01.450658   36444 watch.go:40] Failed to load config from \"c:\\\\Users\\\\vinad\\\\OneDrive\\\\Documentos\\\\Curitiba 360\\\\dataconnect\": could not find dataconnect.yaml in `c:\\Users\\vinad\\OneDrive\\Documentos\\Curitiba 360\\dataconnect`\n"}}
[debug] [2026-07-20T19:56:11.450Z] E0720 16:56:11.450623   36444 watch.go:40] Failed to load config from "c:\\Users\\vinad\\OneDrive\\Documentos\\Curitiba 360\\dataconnect": could not find dataconnect.yaml in `c:\Users\vinad\OneDrive\Documentos\Curitiba 360\dataconnect`
 {"metadata":{"emulator":{"name":"dataconnect"},"message":"E0720 16:56:11.450623   36444 watch.go:40] Failed to load config from \"c:\\\\Users\\\\vinad\\\\OneDrive\\\\Documentos\\\\Curitiba 360\\\\dataconnect\": could not find dataconnect.yaml in `c:\\Users\\vinad\\OneDrive\\Documentos\\Curitiba 360\\dataconnect`\n"}}
[debug] [2026-07-20T19:56:21.451Z] E0720 16:56:21.451090   36444 watch.go:40] Failed to load config from "c:\\Users\\vinad\\OneDrive\\Documentos\\Curitiba 360\\dataconnect": could not find dataconnect.yaml in `c:\Users\vinad\OneDrive\Documentos\Curitiba 360\dataconnect`
 {"metadata":{"emulator":{"name":"dataconnect"},"message":"E0720 16:56:21.451090   36444 watch.go:40] Failed to load config from \"c:\\\\Users\\\\vinad\\\\OneDrive\\\\Documentos\\\\Curitiba 360\\\\dataconnect\": could not find dataconnect.yaml in `c:\\Users\\vinad\\OneDrive\\Documentos\\Curitiba 360\\dataconnect`\n"}}
[debug] [2026-07-20T19:56:31.450Z] E0720 16:56:31.450413   36444 watch.go:116] watchAllDir unable to walk dir `c:\Users\vinad\OneDrive\Documentos\Curitiba 360\dataconnect`: GetFileAttributesEx c:\Users\vinad\OneDrive\Documentos\Curitiba 360\dataconnect: The system cannot find the file specified.
 {"metadata":{"emulator":{"name":"dataconnect"},"message":"E0720 16:56:31.450413   36444 watch.go:116] watchAllDir unable to walk dir `c:\\Users\\vinad\\OneDrive\\Documentos\\Curitiba 360\\dataconnect`: GetFileAttributesEx c:\\Users\\vinad\\OneDrive\\Documentos\\Curitiba 360\\dataconnect: The system cannot find the file specified.\n"}}
[debug] [2026-07-20T19:56:31.450Z] E0720 16:56:31.450413   36444 watch.go:40] Failed to load config from "c:\\Users\\vinad\\OneDrive\\Documentos\\Curitiba 360\\dataconnect": could not find dataconnect.yaml in `c:\Users\vinad\OneDrive\Documentos\Curitiba 360\dataconnect`
 {"metadata":{"emulator":{"name":"dataconnect"},"message":"E0720 16:56:31.450413   36444 watch.go:40] Failed to load config from \"c:\\\\Users\\\\vinad\\\\OneDrive\\\\Documentos\\\\Curitiba 360\\\\dataconnect\": could not find dataconnect.yaml in `c:\\Users\\vinad\\OneDrive\\Documentos\\Curitiba 360\\dataconnect`\n"}}
[debug] [2026-07-20T19:56:41.451Z] E0720 16:56:41.450865   36444 watch.go:40] Failed to load config from "c:\\Users\\vinad\\OneDrive\\Documentos\\Curitiba 360\\dataconnect": could not find dataconnect.yaml in `c:\Users\vinad\OneDrive\Documentos\Curitiba 360\dataconnect`
 {"metadata":{"emulator":{"name":"dataconnect"},"message":"E0720 16:56:41.450865   36444 watch.go:40] Failed to load config from \"c:\\\\Users\\\\vinad\\\\OneDrive\\\\Documentos\\\\Curitiba 360\\\\dataconnect\": could not find dataconnect.yaml in `c:\\Users\\vinad\\OneDrive\\Documentos\\Curitiba 360\\dataconnect`\n"}}
[debug] [2026-07-20T19:56:51.451Z] E0720 16:56:51.450756   36444 watch.go:40] Failed to load config from "c:\\Users\\vinad\\OneDrive\\Documentos\\Curitiba 360\\dataconnect": could not find dataconnect.yaml in `c:\Users\vinad\OneDrive\Documentos\Curitiba 360\dataconnect`
 {"metadata":{"emulator":{"name":"dataconnect"},"message":"E0720 16:56:51.450756   36444 watch.go:40] Failed to load config from \"c:\\\\Users\\\\vinad\\\\OneDrive\\\\Documentos\\\\Curitiba 360\\\\dataconnect\": could not find dataconnect.yaml in `c:\\Users\\vinad\\OneDrive\\Documentos\\Curitiba 360\\dataconnect`\n"}}
[debug] [2026-07-20T19:57:01.450Z] E0720 16:57:01.450592   36444 watch.go:40] Failed to load config from "c:\\Users\\vinad\\OneDrive\\Documentos\\Curitiba 360\\dataconnect": could not find dataconnect.yaml in `c:\Users\vinad\OneDrive\Documentos\Curitiba 360\dataconnect`
 {"metadata":{"emulator":{"name":"dataconnect"},"message":"E0720 16:57:01.450592   36444 watch.go:40] Failed to load config from \"c:\\\\Users\\\\vinad\\\\OneDrive\\\\Documentos\\\\Curitiba 360\\\\dataconnect\": could not find dataconnect.yaml in `c:\\Users\\vinad\\OneDrive\\Documentos\\Curitiba 360\\dataconnect`\n"}}
[debug] [2026-07-20T19:57:11.454Z] E0720 16:57:11.454083   36444 watch.go:40] Failed to load config from "c:\\Users\\vinad\\OneDrive\\Documentos\\Curitiba 360\\dataconnect": could not find dataconnect.yaml in `c:\Users\vinad\OneDrive\Documentos\Curitiba 360\dataconnect`
 {"metadata":{"emulator":{"name":"dataconnect"},"message":"E0720 16:57:11.454083   36444 watch.go:40] Failed to load config from \"c:\\\\Users\\\\vinad\\\\OneDrive\\\\Documentos\\\\Curitiba 360\\\\dataconnect\": could not find dataconnect.yaml in `c:\\Users\\vinad\\OneDrive\\Documentos\\Curitiba 360\\dataconnect`\n"}}
[debug] [2026-07-20T19:57:21.450Z] E0720 16:57:21.450394   36444 watch.go:40] Failed to load config from "c:\\Users\\vinad\\OneDrive\\Documentos\\Curitiba 360\\dataconnect": could not find dataconnect.yaml in `c:\Users\vinad\OneDrive\Documentos\Curitiba 360\dataconnect`
 {"metadata":{"emulator":{"name":"dataconnect"},"message":"E0720 16:57:21.450394   36444 watch.go:40] Failed to load config from \"c:\\\\Users\\\\vinad\\\\OneDrive\\\\Documentos\\\\Curitiba 360\\\\dataconnect\": could not find dataconnect.yaml in `c:\\Users\\vinad\\OneDrive\\Documentos\\Curitiba 360\\dataconnect`\n"}}
[debug] [2026-07-20T19:57:31.450Z] E0720 16:57:31.450674   36444 watch.go:116] watchAllDir unable to walk dir `c:\Users\vinad\OneDrive\Documentos\Curitiba 360\dataconnect`: GetFileAttributesEx c:\Users\vinad\OneDrive\Documentos\Curitiba 360\dataconnect: The system cannot find the file specified.
 {"metadata":{"emulator":{"name":"dataconnect"},"message":"E0720 16:57:31.450674   36444 watch.go:116] watchAllDir unable to walk dir `c:\\Users\\vinad\\OneDrive\\Documentos\\Curitiba 360\\dataconnect`: GetFileAttributesEx c:\\Users\\vinad\\OneDrive\\Documentos\\Curitiba 360\\dataconnect: The system cannot find the file specified.\n"}}
[debug] [2026-07-20T19:57:31.451Z] E0720 16:57:31.450674   36444 watch.go:40] Failed to load config from "c:\\Users\\vinad\\OneDrive\\Documentos\\Curitiba 360\\dataconnect": could not find dataconnect.yaml in `c:\Users\vinad\OneDrive\Documentos\Curitiba 360\dataconnect`
 {"metadata":{"emulator":{"name":"dataconnect"},"message":"E0720 16:57:31.450674   36444 watch.go:40] Failed to load config from \"c:\\\\Users\\\\vinad\\\\OneDrive\\\\Documentos\\\\Curitiba 360\\\\dataconnect\": could not find dataconnect.yaml in `c:\\Users\\vinad\\OneDrive\\Documentos\\Curitiba 360\\dataconnect`\n"}}
[debug] [2026-07-20T19:57:41.450Z] E0720 16:57:41.450485   36444 watch.go:40] Failed to load config from "c:\\Users\\vinad\\OneDrive\\Documentos\\Curitiba 360\\dataconnect": could not find dataconnect.yaml in `c:\Users\vinad\OneDrive\Documentos\Curitiba 360\dataconnect`
 {"metadata":{"emulator":{"name":"dataconnect"},"message":"E0720 16:57:41.450485   36444 watch.go:40] Failed to load config from \"c:\\\\Users\\\\vinad\\\\OneDrive\\\\Documentos\\\\Curitiba 360\\\\dataconnect\": could not find dataconnect.yaml in `c:\\Users\\vinad\\OneDrive\\Documentos\\Curitiba 360\\dataconnect`\n"}}
[debug] [2026-07-20T19:57:51.451Z] E0720 16:57:51.450772   36444 watch.go:40] Failed to load config from "c:\\Users\\vinad\\OneDrive\\Documentos\\Curitiba 360\\dataconnect": could not find dataconnect.yaml in `c:\Users\vinad\OneDrive\Documentos\Curitiba 360\dataconnect`
 {"metadata":{"emulator":{"name":"dataconnect"},"message":"E0720 16:57:51.450772   36444 watch.go:40] Failed to load config from \"c:\\\\Users\\\\vinad\\\\OneDrive\\\\Documentos\\\\Curitiba 360\\\\dataconnect\": could not find dataconnect.yaml in `c:\\Users\\vinad\\OneDrive\\Documentos\\Curitiba 360\\dataconnect`\n"}}
[debug] [2026-07-20T19:58:01.450Z] E0720 16:58:01.450293   36444 watch.go:40] Failed to load config from "c:\\Users\\vinad\\OneDrive\\Documentos\\Curitiba 360\\dataconnect": could not find dataconnect.yaml in `c:\Users\vinad\OneDrive\Documentos\Curitiba 360\dataconnect`
 {"metadata":{"emulator":{"name":"dataconnect"},"message":"E0720 16:58:01.450293   36444 watch.go:40] Failed to load config from \"c:\\\\Users\\\\vinad\\\\OneDrive\\\\Documentos\\\\Curitiba 360\\\\dataconnect\": could not find dataconnect.yaml in `c:\\Users\\vinad\\OneDrive\\Documentos\\Curitiba 360\\dataconnect`\n"}}
[debug] [2026-07-20T19:58:11.451Z] E0720 16:58:11.450669   36444 watch.go:40] Failed to load config from "c:\\Users\\vinad\\OneDrive\\Documentos\\Curitiba 360\\dataconnect": could not find dataconnect.yaml in `c:\Users\vinad\OneDrive\Documentos\Curitiba 360\dataconnect`
 {"metadata":{"emulator":{"name":"dataconnect"},"message":"E0720 16:58:11.450669   36444 watch.go:40] Failed to load config from \"c:\\\\Users\\\\vinad\\\\OneDrive\\\\Documentos\\\\Curitiba 360\\\\dataconnect\": could not find dataconnect.yaml in `c:\\Users\\vinad\\OneDrive\\Documentos\\Curitiba 360\\dataconnect`\n"}}
[debug] [2026-07-20T19:58:21.450Z] E0720 16:58:21.450330   36444 watch.go:40] Failed to load config from "c:\\Users\\vinad\\OneDrive\\Documentos\\Curitiba 360\\dataconnect": could not find dataconnect.yaml in `c:\Users\vinad\OneDrive\Documentos\Curitiba 360\dataconnect`
 {"metadata":{"emulator":{"name":"dataconnect"},"message":"E0720 16:58:21.450330   36444 watch.go:40] Failed to load config from \"c:\\\\Users\\\\vinad\\\\OneDrive\\\\Documentos\\\\Curitiba 360\\\\dataconnect\": could not find dataconnect.yaml in `c:\\Users\\vinad\\OneDrive\\Documentos\\Curitiba 360\\dataconnect`\n"}}
[debug] [2026-07-20T19:58:31.450Z] E0720 16:58:31.450372   36444 watch.go:116] watchAllDir unable to walk dir `c:\Users\vinad\OneDrive\Documentos\Curitiba 360\dataconnect`: GetFileAttributesEx c:\Users\vinad\OneDrive\Documentos\Curitiba 360\dataconnect: The system cannot find the file specified.
E0720 16:58:31.450372   36444 watch.go:40] Failed to load config from "c:\\Users\\vinad\\OneDrive\\Documentos\\Curitiba 360\\dataconnect": could not find dataconnect.yaml in `c:\Users\vinad\OneDrive\Documentos\Curitiba 360\dataconnect`
 {"metadata":{"emulator":{"name":"dataconnect"},"message":"E0720 16:58:31.450372   36444 watch.go:116] watchAllDir unable to walk dir `c:\\Users\\vinad\\OneDrive\\Documentos\\Curitiba 360\\dataconnect`: GetFileAttributesEx c:\\Users\\vinad\\OneDrive\\Documentos\\Curitiba 360\\dataconnect: The system cannot find the file specified.\nE0720 16:58:31.450372   36444 watch.go:40] Failed to load config from \"c:\\\\Users\\\\vinad\\\\OneDrive\\\\Documentos\\\\Curitiba 360\\\\dataconnect\": could not find dataconnect.yaml in `c:\\Users\\vinad\\OneDrive\\Documentos\\Curitiba 360\\dataconnect`\n"}}
[debug] [2026-07-20T19:58:41.450Z] E0720 16:58:41.450625   36444 watch.go:40] Failed to load config from "c:\\Users\\vinad\\OneDrive\\Documentos\\Curitiba 360\\dataconnect": could not find dataconnect.yaml in `c:\Users\vinad\OneDrive\Documentos\Curitiba 360\dataconnect`
 {"metadata":{"emulator":{"name":"dataconnect"},"message":"E0720 16:58:41.450625   36444 watch.go:40] Failed to load config from \"c:\\\\Users\\\\vinad\\\\OneDrive\\\\Documentos\\\\Curitiba 360\\\\dataconnect\": could not find dataconnect.yaml in `c:\\Users\\vinad\\OneDrive\\Documentos\\Curitiba 360\\dataconnect`\n"}}
[debug] [2026-07-20T19:58:51.450Z] E0720 16:58:51.450601   36444 watch.go:40] Failed to load config from "c:\\Users\\vinad\\OneDrive\\Documentos\\Curitiba 360\\dataconnect": could not find dataconnect.yaml in `c:\Users\vinad\OneDrive\Documentos\Curitiba 360\dataconnect`
 {"metadata":{"emulator":{"name":"dataconnect"},"message":"E0720 16:58:51.450601   36444 watch.go:40] Failed to load config from \"c:\\\\Users\\\\vinad\\\\OneDrive\\\\Documentos\\\\Curitiba 360\\\\dataconnect\": could not find dataconnect.yaml in `c:\\Users\\vinad\\OneDrive\\Documentos\\Curitiba 360\\dataconnect`\n"}}
[debug] [2026-07-20T19:59:01.450Z] E0720 16:59:01.450787   36444 watch.go:40] Failed to load config from "c:\\Users\\vinad\\OneDrive\\Documentos\\Curitiba 360\\dataconnect": could not find dataconnect.yaml in `c:\Users\vinad\OneDrive\Documentos\Curitiba 360\dataconnect`
 {"metadata":{"emulator":{"name":"dataconnect"},"message":"E0720 16:59:01.450787   36444 watch.go:40] Failed to load config from \"c:\\\\Users\\\\vinad\\\\OneDrive\\\\Documentos\\\\Curitiba 360\\\\dataconnect\": could not find dataconnect.yaml in `c:\\Users\\vinad\\OneDrive\\Documentos\\Curitiba 360\\dataconnect`\n"}}
[debug] [2026-07-20T19:59:11.450Z] E0720 16:59:11.450577   36444 watch.go:40] Failed to load config from "c:\\Users\\vinad\\OneDrive\\Documentos\\Curitiba 360\\dataconnect": could not find dataconnect.yaml in `c:\Users\vinad\OneDrive\Documentos\Curitiba 360\dataconnect`
 {"metadata":{"emulator":{"name":"dataconnect"},"message":"E0720 16:59:11.450577   36444 watch.go:40] Failed to load config from \"c:\\\\Users\\\\vinad\\\\OneDrive\\\\Documentos\\\\Curitiba 360\\\\dataconnect\": could not find dataconnect.yaml in `c:\\Users\\vinad\\OneDrive\\Documentos\\Curitiba 360\\dataconnect`\n"}}
[debug] [2026-07-20T19:59:21.451Z] E0720 16:59:21.451300   36444 watch.go:40] Failed to load config from "c:\\Users\\vinad\\OneDrive\\Documentos\\Curitiba 360\\dataconnect": could not find dataconnect.yaml in `c:\Users\vinad\OneDrive\Documentos\Curitiba 360\dataconnect`
 {"metadata":{"emulator":{"name":"dataconnect"},"message":"E0720 16:59:21.451300   36444 watch.go:40] Failed to load config from \"c:\\\\Users\\\\vinad\\\\OneDrive\\\\Documentos\\\\Curitiba 360\\\\dataconnect\": could not find dataconnect.yaml in `c:\\Users\\vinad\\OneDrive\\Documentos\\Curitiba 360\\dataconnect`\n"}}
[debug] [2026-07-20T19:59:31.450Z] E0720 16:59:31.450606   36444 watch.go:116] watchAllDir unable to walk dir `c:\Users\vinad\OneDrive\Documentos\Curitiba 360\dataconnect`: GetFileAttributesEx c:\Users\vinad\OneDrive\Documentos\Curitiba 360\dataconnect: The system cannot find the file specified.
 {"metadata":{"emulator":{"name":"dataconnect"},"message":"E0720 16:59:31.450606   36444 watch.go:116] watchAllDir unable to walk dir `c:\\Users\\vinad\\OneDrive\\Documentos\\Curitiba 360\\dataconnect`: GetFileAttributesEx c:\\Users\\vinad\\OneDrive\\Documentos\\Curitiba 360\\dataconnect: The system cannot find the file specified.\n"}}
[debug] [2026-07-20T19:59:31.451Z] E0720 16:59:31.450606   36444 watch.go:40] Failed to load config from "c:\\Users\\vinad\\OneDrive\\Documentos\\Curitiba 360\\dataconnect": could not find dataconnect.yaml in `c:\Users\vinad\OneDrive\Documentos\Curitiba 360\dataconnect`
 {"metadata":{"emulator":{"name":"dataconnect"},"message":"E0720 16:59:31.450606   36444 watch.go:40] Failed to load config from \"c:\\\\Users\\\\vinad\\\\OneDrive\\\\Documentos\\\\Curitiba 360\\\\dataconnect\": could not find dataconnect.yaml in `c:\\Users\\vinad\\OneDrive\\Documentos\\Curitiba 360\\dataconnect`\n"}}
[debug] [2026-07-20T19:59:41.451Z] E0720 16:59:41.450720   36444 watch.go:40] Failed to load config from "c:\\Users\\vinad\\OneDrive\\Documentos\\Curitiba 360\\dataconnect": could not find dataconnect.yaml in `c:\Users\vinad\OneDrive\Documentos\Curitiba 360\dataconnect`
 {"metadata":{"emulator":{"name":"dataconnect"},"message":"E0720 16:59:41.450720   36444 watch.go:40] Failed to load config from \"c:\\\\Users\\\\vinad\\\\OneDrive\\\\Documentos\\\\Curitiba 360\\\\dataconnect\": could not find dataconnect.yaml in `c:\\Users\\vinad\\OneDrive\\Documentos\\Curitiba 360\\dataconnect`\n"}}
[debug] [2026-07-20T19:59:51.450Z] E0720 16:59:51.450603   36444 watch.go:40] Failed to load config from "c:\\Users\\vinad\\OneDrive\\Documentos\\Curitiba 360\\dataconnect": could not find dataconnect.yaml in `c:\Users\vinad\OneDrive\Documentos\Curitiba 360\dataconnect`
 {"metadata":{"emulator":{"name":"dataconnect"},"message":"E0720 16:59:51.450603   36444 watch.go:40] Failed to load config from \"c:\\\\Users\\\\vinad\\\\OneDrive\\\\Documentos\\\\Curitiba 360\\\\dataconnect\": could not find dataconnect.yaml in `c:\\Users\\vinad\\OneDrive\\Documentos\\Curitiba 360\\dataconnect`\n"}}
[debug] [2026-07-20T20:00:01.450Z] E0720 17:00:01.450494   36444 watch.go:40] Failed to load config from "c:\\Users\\vinad\\OneDrive\\Documentos\\Curitiba 360\\dataconnect": could not find dataconnect.yaml in `c:\Users\vinad\OneDrive\Documentos\Curitiba 360\dataconnect`
 {"metadata":{"emulator":{"name":"dataconnect"},"message":"E0720 17:00:01.450494   36444 watch.go:40] Failed to load config from \"c:\\\\Users\\\\vinad\\\\OneDrive\\\\Documentos\\\\Curitiba 360\\\\dataconnect\": could not find dataconnect.yaml in `c:\\Users\\vinad\\OneDrive\\Documentos\\Curitiba 360\\dataconnect`\n"}}
[debug] [2026-07-20T20:00:11.450Z] E0720 17:00:11.450383   36444 watch.go:40] Failed to load config from "c:\\Users\\vinad\\OneDrive\\Documentos\\Curitiba 360\\dataconnect": could not find dataconnect.yaml in `c:\Users\vinad\OneDrive\Documentos\Curitiba 360\dataconnect`
 {"metadata":{"emulator":{"name":"dataconnect"},"message":"E0720 17:00:11.450383   36444 watch.go:40] Failed to load config from \"c:\\\\Users\\\\vinad\\\\OneDrive\\\\Documentos\\\\Curitiba 360\\\\dataconnect\": could not find dataconnect.yaml in `c:\\Users\\vinad\\OneDrive\\Documentos\\Curitiba 360\\dataconnect`\n"}}
[debug] [2026-07-20T20:00:21.450Z] E0720 17:00:21.450578   36444 watch.go:40] Failed to load config from "c:\\Users\\vinad\\OneDrive\\Documentos\\Curitiba 360\\dataconnect": could not find dataconnect.yaml in `c:\Users\vinad\OneDrive\Documentos\Curitiba 360\dataconnect`
 {"metadata":{"emulator":{"name":"dataconnect"},"message":"E0720 17:00:21.450578   36444 watch.go:40] Failed to load config from \"c:\\\\Users\\\\vinad\\\\OneDrive\\\\Documentos\\\\Curitiba 360\\\\dataconnect\": could not find dataconnect.yaml in `c:\\Users\\vinad\\OneDrive\\Documentos\\Curitiba 360\\dataconnect`\n"}}
[debug] [2026-07-20T20:00:31.450Z] E0720 17:00:31.450783   36444 watch.go:116] watchAllDir unable to walk dir `c:\Users\vinad\OneDrive\Documentos\Curitiba 360\dataconnect`: GetFileAttributesEx c:\Users\vinad\OneDrive\Documentos\Curitiba 360\dataconnect: The system cannot find the file specified.
 {"metadata":{"emulator":{"name":"dataconnect"},"message":"E0720 17:00:31.450783   36444 watch.go:116] watchAllDir unable to walk dir `c:\\Users\\vinad\\OneDrive\\Documentos\\Curitiba 360\\dataconnect`: GetFileAttributesEx c:\\Users\\vinad\\OneDrive\\Documentos\\Curitiba 360\\dataconnect: The system cannot find the file specified.\n"}}
[debug] [2026-07-20T20:00:31.452Z] E0720 17:00:31.450783   36444 watch.go:40] Failed to load config from "c:\\Users\\vinad\\OneDrive\\Documentos\\Curitiba 360\\dataconnect": could not find dataconnect.yaml in `c:\Users\vinad\OneDrive\Documentos\Curitiba 360\dataconnect`
 {"metadata":{"emulator":{"name":"dataconnect"},"message":"E0720 17:00:31.450783   36444 watch.go:40] Failed to load config from \"c:\\\\Users\\\\vinad\\\\OneDrive\\\\Documentos\\\\Curitiba 360\\\\dataconnect\": could not find dataconnect.yaml in `c:\\Users\\vinad\\OneDrive\\Documentos\\Curitiba 360\\dataconnect`\n"}}
[debug] [2026-07-20T20:00:41.451Z] E0720 17:00:41.450687   36444 watch.go:40] Failed to load config from "c:\\Users\\vinad\\OneDrive\\Documentos\\Curitiba 360\\dataconnect": could not find dataconnect.yaml in `c:\Users\vinad\OneDrive\Documentos\Curitiba 360\dataconnect`
 {"metadata":{"emulator":{"name":"dataconnect"},"message":"E0720 17:00:41.450687   36444 watch.go:40] Failed to load config from \"c:\\\\Users\\\\vinad\\\\OneDrive\\\\Documentos\\\\Curitiba 360\\\\dataconnect\": could not find dataconnect.yaml in `c:\\Users\\vinad\\OneDrive\\Documentos\\Curitiba 360\\dataconnect`\n"}}
[debug] [2026-07-20T20:00:51.451Z] E0720 17:00:51.450699   36444 watch.go:40] Failed to load config from "c:\\Users\\vinad\\OneDrive\\Documentos\\Curitiba 360\\dataconnect": could not find dataconnect.yaml in `c:\Users\vinad\OneDrive\Documentos\Curitiba 360\dataconnect`
 {"metadata":{"emulator":{"name":"dataconnect"},"message":"E0720 17:00:51.450699   36444 watch.go:40] Failed to load config from \"c:\\\\Users\\\\vinad\\\\OneDrive\\\\Documentos\\\\Curitiba 360\\\\dataconnect\": could not find dataconnect.yaml in `c:\\Users\\vinad\\OneDrive\\Documentos\\Curitiba 360\\dataconnect`\n"}}
[debug] [2026-07-20T20:01:01.450Z] E0720 17:01:01.450343   36444 watch.go:40] Failed to load config from "c:\\Users\\vinad\\OneDrive\\Documentos\\Curitiba 360\\dataconnect": could not find dataconnect.yaml in `c:\Users\vinad\OneDrive\Documentos\Curitiba 360\dataconnect`
 {"metadata":{"emulator":{"name":"dataconnect"},"message":"E0720 17:01:01.450343   36444 watch.go:40] Failed to load config from \"c:\\\\Users\\\\vinad\\\\OneDrive\\\\Documentos\\\\Curitiba 360\\\\dataconnect\": could not find dataconnect.yaml in `c:\\Users\\vinad\\OneDrive\\Documentos\\Curitiba 360\\dataconnect`\n"}}
[debug] [2026-07-20T20:01:11.450Z] E0720 17:01:11.450676   36444 watch.go:40] Failed to load config from "c:\\Users\\vinad\\OneDrive\\Documentos\\Curitiba 360\\dataconnect": could not find dataconnect.yaml in `c:\Users\vinad\OneDrive\Documentos\Curitiba 360\dataconnect`
 {"metadata":{"emulator":{"name":"dataconnect"},"message":"E0720 17:01:11.450676   36444 watch.go:40] Failed to load config from \"c:\\\\Users\\\\vinad\\\\OneDrive\\\\Documentos\\\\Curitiba 360\\\\dataconnect\": could not find dataconnect.yaml in `c:\\Users\\vinad\\OneDrive\\Documentos\\Curitiba 360\\dataconnect`\n"}}
[debug] [2026-07-20T20:01:21.450Z] E0720 17:01:21.450418   36444 watch.go:40] Failed to load config from "c:\\Users\\vinad\\OneDrive\\Documentos\\Curitiba 360\\dataconnect": could not find dataconnect.yaml in `c:\Users\vinad\OneDrive\Documentos\Curitiba 360\dataconnect`
 {"metadata":{"emulator":{"name":"dataconnect"},"message":"E0720 17:01:21.450418   36444 watch.go:40] Failed to load config from \"c:\\\\Users\\\\vinad\\\\OneDrive\\\\Documentos\\\\Curitiba 360\\\\dataconnect\": could not find dataconnect.yaml in `c:\\Users\\vinad\\OneDrive\\Documentos\\Curitiba 360\\dataconnect`\n"}}
[debug] [2026-07-20T20:01:31.450Z] E0720 17:01:31.450811   36444 watch.go:116] watchAllDir unable to walk dir `c:\Users\vinad\OneDrive\Documentos\Curitiba 360\dataconnect`: GetFileAttributesEx c:\Users\vinad\OneDrive\Documentos\Curitiba 360\dataconnect: The system cannot find the file specified.
 {"metadata":{"emulator":{"name":"dataconnect"},"message":"E0720 17:01:31.450811   36444 watch.go:116] watchAllDir unable to walk dir `c:\\Users\\vinad\\OneDrive\\Documentos\\Curitiba 360\\dataconnect`: GetFileAttributesEx c:\\Users\\vinad\\OneDrive\\Documentos\\Curitiba 360\\dataconnect: The system cannot find the file specified.\n"}}
[debug] [2026-07-20T20:01:31.451Z] E0720 17:01:31.450811   36444 watch.go:40] Failed to load config from "c:\\Users\\vinad\\OneDrive\\Documentos\\Curitiba 360\\dataconnect": could not find dataconnect.yaml in `c:\Users\vinad\OneDrive\Documentos\Curitiba 360\dataconnect`
 {"metadata":{"emulator":{"name":"dataconnect"},"message":"E0720 17:01:31.450811   36444 watch.go:40] Failed to load config from \"c:\\\\Users\\\\vinad\\\\OneDrive\\\\Documentos\\\\Curitiba 360\\\\dataconnect\": could not find dataconnect.yaml in `c:\\Users\\vinad\\OneDrive\\Documentos\\Curitiba 360\\dataconnect`\n"}}
[debug] [2026-07-20T20:01:41.450Z] E0720 17:01:41.450585   36444 watch.go:40] Failed to load config from "c:\\Users\\vinad\\OneDrive\\Documentos\\Curitiba 360\\dataconnect": could not find dataconnect.yaml in `c:\Users\vinad\OneDrive\Documentos\Curitiba 360\dataconnect`
 {"metadata":{"emulator":{"name":"dataconnect"},"message":"E0720 17:01:41.450585   36444 watch.go:40] Failed to load config from \"c:\\\\Users\\\\vinad\\\\OneDrive\\\\Documentos\\\\Curitiba 360\\\\dataconnect\": could not find dataconnect.yaml in `c:\\Users\\vinad\\OneDrive\\Documentos\\Curitiba 360\\dataconnect`\n"}}
[debug] [2026-07-20T20:01:51.451Z] E0720 17:01:51.450639   36444 watch.go:40] Failed to load config from "c:\\Users\\vinad\\OneDrive\\Documentos\\Curitiba 360\\dataconnect": could not find dataconnect.yaml in `c:\Users\vinad\OneDrive\Documentos\Curitiba 360\dataconnect`
 {"metadata":{"emulator":{"name":"dataconnect"},"message":"E0720 17:01:51.450639   36444 watch.go:40] Failed to load config from \"c:\\\\Users\\\\vinad\\\\OneDrive\\\\Documentos\\\\Curitiba 360\\\\dataconnect\": could not find dataconnect.yaml in `c:\\Users\\vinad\\OneDrive\\Documentos\\Curitiba 360\\dataconnect`\n"}}
[debug] [2026-07-20T20:02:01.451Z] E0720 17:02:01.450626   36444 watch.go:40] Failed to load config from "c:\\Users\\vinad\\OneDrive\\Documentos\\Curitiba 360\\dataconnect": could not find dataconnect.yaml in `c:\Users\vinad\OneDrive\Documentos\Curitiba 360\dataconnect`
 {"metadata":{"emulator":{"name":"dataconnect"},"message":"E0720 17:02:01.450626   36444 watch.go:40] Failed to load config from \"c:\\\\Users\\\\vinad\\\\OneDrive\\\\Documentos\\\\Curitiba 360\\\\dataconnect\": could not find dataconnect.yaml in `c:\\Users\\vinad\\OneDrive\\Documentos\\Curitiba 360\\dataconnect`\n"}}
[debug] [2026-07-20T20:02:11.451Z] E0720 17:02:11.450681   36444 watch.go:40] Failed to load config from "c:\\Users\\vinad\\OneDrive\\Documentos\\Curitiba 360\\dataconnect": could not find dataconnect.yaml in `c:\Users\vinad\OneDrive\Documentos\Curitiba 360\dataconnect`
 {"metadata":{"emulator":{"name":"dataconnect"},"message":"E0720 17:02:11.450681   36444 watch.go:40] Failed to load config from \"c:\\\\Users\\\\vinad\\\\OneDrive\\\\Documentos\\\\Curitiba 360\\\\dataconnect\": could not find dataconnect.yaml in `c:\\Users\\vinad\\OneDrive\\Documentos\\Curitiba 360\\dataconnect`\n"}}
[debug] [2026-07-20T20:02:21.451Z] E0720 17:02:21.450739   36444 watch.go:40] Failed to load config from "c:\\Users\\vinad\\OneDrive\\Documentos\\Curitiba 360\\dataconnect": could not find dataconnect.yaml in `c:\Users\vinad\OneDrive\Documentos\Curitiba 360\dataconnect`
 {"metadata":{"emulator":{"name":"dataconnect"},"message":"E0720 17:02:21.450739   36444 watch.go:40] Failed to load config from \"c:\\\\Users\\\\vinad\\\\OneDrive\\\\Documentos\\\\Curitiba 360\\\\dataconnect\": could not find dataconnect.yaml in `c:\\Users\\vinad\\OneDrive\\Documentos\\Curitiba 360\\dataconnect`\n"}}
[debug] [2026-07-20T20:02:31.450Z] E0720 17:02:31.450803   36444 watch.go:116] watchAllDir unable to walk dir `c:\Users\vinad\OneDrive\Documentos\Curitiba 360\dataconnect`: GetFileAttributesEx c:\Users\vinad\OneDrive\Documentos\Curitiba 360\dataconnect: The system cannot find the file specified.
 {"metadata":{"emulator":{"name":"dataconnect"},"message":"E0720 17:02:31.450803   36444 watch.go:116] watchAllDir unable to walk dir `c:\\Users\\vinad\\OneDrive\\Documentos\\Curitiba 360\\dataconnect`: GetFileAttributesEx c:\\Users\\vinad\\OneDrive\\Documentos\\Curitiba 360\\dataconnect: The system cannot find the file specified.\n"}}
[debug] [2026-07-20T20:02:31.451Z] E0720 17:02:31.450803   36444 watch.go:40] Failed to load config from "c:\\Users\\vinad\\OneDrive\\Documentos\\Curitiba 360\\dataconnect": could not find dataconnect.yaml in `c:\Users\vinad\OneDrive\Documentos\Curitiba 360\dataconnect`
 {"metadata":{"emulator":{"name":"dataconnect"},"message":"E0720 17:02:31.450803   36444 watch.go:40] Failed to load config from \"c:\\\\Users\\\\vinad\\\\OneDrive\\\\Documentos\\\\Curitiba 360\\\\dataconnect\": could not find dataconnect.yaml in `c:\\Users\\vinad\\OneDrive\\Documentos\\Curitiba 360\\dataconnect`\n"}}
[debug] [2026-07-20T20:02:41.451Z] E0720 17:02:41.451014   36444 watch.go:40] Failed to load config from "c:\\Users\\vinad\\OneDrive\\Documentos\\Curitiba 360\\dataconnect": could not find dataconnect.yaml in `c:\Users\vinad\OneDrive\Documentos\Curitiba 360\dataconnect`
 {"metadata":{"emulator":{"name":"dataconnect"},"message":"E0720 17:02:41.451014   36444 watch.go:40] Failed to load config from \"c:\\\\Users\\\\vinad\\\\OneDrive\\\\Documentos\\\\Curitiba 360\\\\dataconnect\": could not find dataconnect.yaml in `c:\\Users\\vinad\\OneDrive\\Documentos\\Curitiba 360\\dataconnect`\n"}}
[debug] [2026-07-20T20:02:51.450Z] E0720 17:02:51.450450   36444 watch.go:40] Failed to load config from "c:\\Users\\vinad\\OneDrive\\Documentos\\Curitiba 360\\dataconnect": could not find dataconnect.yaml in `c:\Users\vinad\OneDrive\Documentos\Curitiba 360\dataconnect`
 {"metadata":{"emulator":{"name":"dataconnect"},"message":"E0720 17:02:51.450450   36444 watch.go:40] Failed to load config from \"c:\\\\Users\\\\vinad\\\\OneDrive\\\\Documentos\\\\Curitiba 360\\\\dataconnect\": could not find dataconnect.yaml in `c:\\Users\\vinad\\OneDrive\\Documentos\\Curitiba 360\\dataconnect`\n"}}
[debug] [2026-07-20T20:03:01.451Z] E0720 17:03:01.450706   36444 watch.go:40] Failed to load config from "c:\\Users\\vinad\\OneDrive\\Documentos\\Curitiba 360\\dataconnect": could not find dataconnect.yaml in `c:\Users\vinad\OneDrive\Documentos\Curitiba 360\dataconnect`
 {"metadata":{"emulator":{"name":"dataconnect"},"message":"E0720 17:03:01.450706   36444 watch.go:40] Failed to load config from \"c:\\\\Users\\\\vinad\\\\OneDrive\\\\Documentos\\\\Curitiba 360\\\\dataconnect\": could not find dataconnect.yaml in `c:\\Users\\vinad\\OneDrive\\Documentos\\Curitiba 360\\dataconnect`\n"}}
[debug] [2026-07-20T20:03:11.451Z] E0720 17:03:11.450672   36444 watch.go:40] Failed to load config from "c:\\Users\\vinad\\OneDrive\\Documentos\\Curitiba 360\\dataconnect": could not find dataconnect.yaml in `c:\Users\vinad\OneDrive\Documentos\Curitiba 360\dataconnect`
 {"metadata":{"emulator":{"name":"dataconnect"},"message":"E0720 17:03:11.450672   36444 watch.go:40] Failed to load config from \"c:\\\\Users\\\\vinad\\\\OneDrive\\\\Documentos\\\\Curitiba 360\\\\dataconnect\": could not find dataconnect.yaml in `c:\\Users\\vinad\\OneDrive\\Documentos\\Curitiba 360\\dataconnect`\n"}}
[debug] [2026-07-20T20:03:21.450Z] E0720 17:03:21.450412   36444 watch.go:40] Failed to load config from "c:\\Users\\vinad\\OneDrive\\Documentos\\Curitiba 360\\dataconnect": could not find dataconnect.yaml in `c:\Users\vinad\OneDrive\Documentos\Curitiba 360\dataconnect`
 {"metadata":{"emulator":{"name":"dataconnect"},"message":"E0720 17:03:21.450412   36444 watch.go:40] Failed to load config from \"c:\\\\Users\\\\vinad\\\\OneDrive\\\\Documentos\\\\Curitiba 360\\\\dataconnect\": could not find dataconnect.yaml in `c:\\Users\\vinad\\OneDrive\\Documentos\\Curitiba 360\\dataconnect`\n"}}
[debug] [2026-07-20T20:03:31.450Z] E0720 17:03:31.450749   36444 watch.go:116] watchAllDir unable to walk dir `c:\Users\vinad\OneDrive\Documentos\Curitiba 360\dataconnect`: GetFileAttributesEx c:\Users\vinad\OneDrive\Documentos\Curitiba 360\dataconnect: The system cannot find the file specified.
 {"metadata":{"emulator":{"name":"dataconnect"},"message":"E0720 17:03:31.450749   36444 watch.go:116] watchAllDir unable to walk dir `c:\\Users\\vinad\\OneDrive\\Documentos\\Curitiba 360\\dataconnect`: GetFileAttributesEx c:\\Users\\vinad\\OneDrive\\Documentos\\Curitiba 360\\dataconnect: The system cannot find the file specified.\n"}}
[debug] [2026-07-20T20:03:31.451Z] E0720 17:03:31.450749   36444 watch.go:40] Failed to load config from "c:\\Users\\vinad\\OneDrive\\Documentos\\Curitiba 360\\dataconnect": could not find dataconnect.yaml in `c:\Users\vinad\OneDrive\Documentos\Curitiba 360\dataconnect`
 {"metadata":{"emulator":{"name":"dataconnect"},"message":"E0720 17:03:31.450749   36444 watch.go:40] Failed to load config from \"c:\\\\Users\\\\vinad\\\\OneDrive\\\\Documentos\\\\Curitiba 360\\\\dataconnect\": could not find dataconnect.yaml in `c:\\Users\\vinad\\OneDrive\\Documentos\\Curitiba 360\\dataconnect`\n"}}
[debug] [2026-07-20T20:03:41.451Z] E0720 17:03:41.450600   36444 watch.go:40] Failed to load config from "c:\\Users\\vinad\\OneDrive\\Documentos\\Curitiba 360\\dataconnect": could not find dataconnect.yaml in `c:\Users\vinad\OneDrive\Documentos\Curitiba 360\dataconnect`
 {"metadata":{"emulator":{"name":"dataconnect"},"message":"E0720 17:03:41.450600   36444 watch.go:40] Failed to load config from \"c:\\\\Users\\\\vinad\\\\OneDrive\\\\Documentos\\\\Curitiba 360\\\\dataconnect\": could not find dataconnect.yaml in `c:\\Users\\vinad\\OneDrive\\Documentos\\Curitiba 360\\dataconnect`\n"}}
[debug] [2026-07-20T20:03:51.450Z] E0720 17:03:51.450432   36444 watch.go:40] Failed to load config from "c:\\Users\\vinad\\OneDrive\\Documentos\\Curitiba 360\\dataconnect": could not find dataconnect.yaml in `c:\Users\vinad\OneDrive\Documentos\Curitiba 360\dataconnect`
 {"metadata":{"emulator":{"name":"dataconnect"},"message":"E0720 17:03:51.450432   36444 watch.go:40] Failed to load config from \"c:\\\\Users\\\\vinad\\\\OneDrive\\\\Documentos\\\\Curitiba 360\\\\dataconnect\": could not find dataconnect.yaml in `c:\\Users\\vinad\\OneDrive\\Documentos\\Curitiba 360\\dataconnect`\n"}}
[debug] [2026-07-20T20:04:01.450Z] E0720 17:04:01.450328   36444 watch.go:40] Failed to load config from "c:\\Users\\vinad\\OneDrive\\Documentos\\Curitiba 360\\dataconnect": could not find dataconnect.yaml in `c:\Users\vinad\OneDrive\Documentos\Curitiba 360\dataconnect`
 {"metadata":{"emulator":{"name":"dataconnect"},"message":"E0720 17:04:01.450328   36444 watch.go:40] Failed to load config from \"c:\\\\Users\\\\vinad\\\\OneDrive\\\\Documentos\\\\Curitiba 360\\\\dataconnect\": could not find dataconnect.yaml in `c:\\Users\\vinad\\OneDrive\\Documentos\\Curitiba 360\\dataconnect`\n"}}
[debug] [2026-07-20T20:04:11.451Z] E0720 17:04:11.450835   36444 watch.go:40] Failed to load config from "c:\\Users\\vinad\\OneDrive\\Documentos\\Curitiba 360\\dataconnect": could not find dataconnect.yaml in `c:\Users\vinad\OneDrive\Documentos\Curitiba 360\dataconnect`
 {"metadata":{"emulator":{"name":"dataconnect"},"message":"E0720 17:04:11.450835   36444 watch.go:40] Failed to load config from \"c:\\\\Users\\\\vinad\\\\OneDrive\\\\Documentos\\\\Curitiba 360\\\\dataconnect\": could not find dataconnect.yaml in `c:\\Users\\vinad\\OneDrive\\Documentos\\Curitiba 360\\dataconnect`\n"}}
[debug] [2026-07-20T20:04:21.450Z] E0720 17:04:21.450640   36444 watch.go:40] Failed to load config from "c:\\Users\\vinad\\OneDrive\\Documentos\\Curitiba 360\\dataconnect": could not find dataconnect.yaml in `c:\Users\vinad\OneDrive\Documentos\Curitiba 360\dataconnect`
 {"metadata":{"emulator":{"name":"dataconnect"},"message":"E0720 17:04:21.450640   36444 watch.go:40] Failed to load config from \"c:\\\\Users\\\\vinad\\\\OneDrive\\\\Documentos\\\\Curitiba 360\\\\dataconnect\": could not find dataconnect.yaml in `c:\\Users\\vinad\\OneDrive\\Documentos\\Curitiba 360\\dataconnect`\n"}}
[debug] [2026-07-20T20:04:31.450Z] E0720 17:04:31.450384   36444 watch.go:116] watchAllDir unable to walk dir `c:\Users\vinad\OneDrive\Documentos\Curitiba 360\dataconnect`: GetFileAttributesEx c:\Users\vinad\OneDrive\Documentos\Curitiba 360\dataconnect: The system cannot find the file specified.
 {"metadata":{"emulator":{"name":"dataconnect"},"message":"E0720 17:04:31.450384   36444 watch.go:116] watchAllDir unable to walk dir `c:\\Users\\vinad\\OneDrive\\Documentos\\Curitiba 360\\dataconnect`: GetFileAttributesEx c:\\Users\\vinad\\OneDrive\\Documentos\\Curitiba 360\\dataconnect: The system cannot find the file specified.\n"}}
[debug] [2026-07-20T20:04:31.451Z] E0720 17:04:31.450384   36444 watch.go:40] Failed to load config from "c:\\Users\\vinad\\OneDrive\\Documentos\\Curitiba 360\\dataconnect": could not find dataconnect.yaml in `c:\Users\vinad\OneDrive\Documentos\Curitiba 360\dataconnect`
 {"metadata":{"emulator":{"name":"dataconnect"},"message":"E0720 17:04:31.450384   36444 watch.go:40] Failed to load config from \"c:\\\\Users\\\\vinad\\\\OneDrive\\\\Documentos\\\\Curitiba 360\\\\dataconnect\": could not find dataconnect.yaml in `c:\\Users\\vinad\\OneDrive\\Documentos\\Curitiba 360\\dataconnect`\n"}}
[debug] [2026-07-20T20:04:41.450Z] E0720 17:04:41.450735   36444 watch.go:40] Failed to load config from "c:\\Users\\vinad\\OneDrive\\Documentos\\Curitiba 360\\dataconnect": could not find dataconnect.yaml in `c:\Users\vinad\OneDrive\Documentos\Curitiba 360\dataconnect`
 {"metadata":{"emulator":{"name":"dataconnect"},"message":"E0720 17:04:41.450735   36444 watch.go:40] Failed to load config from \"c:\\\\Users\\\\vinad\\\\OneDrive\\\\Documentos\\\\Curitiba 360\\\\dataconnect\": could not find dataconnect.yaml in `c:\\Users\\vinad\\OneDrive\\Documentos\\Curitiba 360\\dataconnect`\n"}}
[debug] [2026-07-20T20:04:51.450Z] E0720 17:04:51.450689   36444 watch.go:40] Failed to load config from "c:\\Users\\vinad\\OneDrive\\Documentos\\Curitiba 360\\dataconnect": could not find dataconnect.yaml in `c:\Users\vinad\OneDrive\Documentos\Curitiba 360\dataconnect`
 {"metadata":{"emulator":{"name":"dataconnect"},"message":"E0720 17:04:51.450689   36444 watch.go:40] Failed to load config from \"c:\\\\Users\\\\vinad\\\\OneDrive\\\\Documentos\\\\Curitiba 360\\\\dataconnect\": could not find dataconnect.yaml in `c:\\Users\\vinad\\OneDrive\\Documentos\\Curitiba 360\\dataconnect`\n"}}
[debug] [2026-07-20T20:05:01.451Z] E0720 17:05:01.451214   36444 watch.go:40] Failed to load config from "c:\\Users\\vinad\\OneDrive\\Documentos\\Curitiba 360\\dataconnect": could not find dataconnect.yaml in `c:\Users\vinad\OneDrive\Documentos\Curitiba 360\dataconnect`
 {"metadata":{"emulator":{"name":"dataconnect"},"message":"E0720 17:05:01.451214   36444 watch.go:40] Failed to load config from \"c:\\\\Users\\\\vinad\\\\OneDrive\\\\Documentos\\\\Curitiba 360\\\\dataconnect\": could not find dataconnect.yaml in `c:\\Users\\vinad\\OneDrive\\Documentos\\Curitiba 360\\dataconnect`\n"}}
[debug] [2026-07-20T20:05:11.450Z] E0720 17:05:11.450384   36444 watch.go:40] Failed to load config from "c:\\Users\\vinad\\OneDrive\\Documentos\\Curitiba 360\\dataconnect": could not find dataconnect.yaml in `c:\Users\vinad\OneDrive\Documentos\Curitiba 360\dataconnect`
 {"metadata":{"emulator":{"name":"dataconnect"},"message":"E0720 17:05:11.450384   36444 watch.go:40] Failed to load config from \"c:\\\\Users\\\\vinad\\\\OneDrive\\\\Documentos\\\\Curitiba 360\\\\dataconnect\": could not find dataconnect.yaml in `c:\\Users\\vinad\\OneDrive\\Documentos\\Curitiba 360\\dataconnect`\n"}}
[debug] [2026-07-20T20:05:21.451Z] E0720 17:05:21.450657   36444 watch.go:40] Failed to load config from "c:\\Users\\vinad\\OneDrive\\Documentos\\Curitiba 360\\dataconnect": could not find dataconnect.yaml in `c:\Users\vinad\OneDrive\Documentos\Curitiba 360\dataconnect`
 {"metadata":{"emulator":{"name":"dataconnect"},"message":"E0720 17:05:21.450657   36444 watch.go:40] Failed to load config from \"c:\\\\Users\\\\vinad\\\\OneDrive\\\\Documentos\\\\Curitiba 360\\\\dataconnect\": could not find dataconnect.yaml in `c:\\Users\\vinad\\OneDrive\\Documentos\\Curitiba 360\\dataconnect`\n"}}
[debug] [2026-07-20T20:05:31.450Z] E0720 17:05:31.450458   36444 watch.go:116] watchAllDir unable to walk dir `c:\Users\vinad\OneDrive\Documentos\Curitiba 360\dataconnect`: GetFileAttributesEx c:\Users\vinad\OneDrive\Documentos\Curitiba 360\dataconnect: The system cannot find the file specified.
 {"metadata":{"emulator":{"name":"dataconnect"},"message":"E0720 17:05:31.450458   36444 watch.go:116] watchAllDir unable to walk dir `c:\\Users\\vinad\\OneDrive\\Documentos\\Curitiba 360\\dataconnect`: GetFileAttributesEx c:\\Users\\vinad\\OneDrive\\Documentos\\Curitiba 360\\dataconnect: The system cannot find the file specified.\n"}}
[debug] [2026-07-20T20:05:31.451Z] E0720 17:05:31.450458   36444 watch.go:40] Failed to load config from "c:\\Users\\vinad\\OneDrive\\Documentos\\Curitiba 360\\dataconnect": could not find dataconnect.yaml in `c:\Users\vinad\OneDrive\Documentos\Curitiba 360\dataconnect`
 {"metadata":{"emulator":{"name":"dataconnect"},"message":"E0720 17:05:31.450458   36444 watch.go:40] Failed to load config from \"c:\\\\Users\\\\vinad\\\\OneDrive\\\\Documentos\\\\Curitiba 360\\\\dataconnect\": could not find dataconnect.yaml in `c:\\Users\\vinad\\OneDrive\\Documentos\\Curitiba 360\\dataconnect`\n"}}
[debug] [2026-07-20T20:05:41.451Z] E0720 17:05:41.450658   36444 watch.go:40] Failed to load config from "c:\\Users\\vinad\\OneDrive\\Documentos\\Curitiba 360\\dataconnect": could not find dataconnect.yaml in `c:\Users\vinad\OneDrive\Documentos\Curitiba 360\dataconnect`
 {"metadata":{"emulator":{"name":"dataconnect"},"message":"E0720 17:05:41.450658   36444 watch.go:40] Failed to load config from \"c:\\\\Users\\\\vinad\\\\OneDrive\\\\Documentos\\\\Curitiba 360\\\\dataconnect\": could not find dataconnect.yaml in `c:\\Users\\vinad\\OneDrive\\Documentos\\Curitiba 360\\dataconnect`\n"}}
[debug] [2026-07-20T20:05:51.450Z] E0720 17:05:51.450412   36444 watch.go:40] Failed to load config from "c:\\Users\\vinad\\OneDrive\\Documentos\\Curitiba 360\\dataconnect": could not find dataconnect.yaml in `c:\Users\vinad\OneDrive\Documentos\Curitiba 360\dataconnect`
 {"metadata":{"emulator":{"name":"dataconnect"},"message":"E0720 17:05:51.450412   36444 watch.go:40] Failed to load config from \"c:\\\\Users\\\\vinad\\\\OneDrive\\\\Documentos\\\\Curitiba 360\\\\dataconnect\": could not find dataconnect.yaml in `c:\\Users\\vinad\\OneDrive\\Documentos\\Curitiba 360\\dataconnect`\n"}}
[debug] [2026-07-20T20:06:01.450Z] E0720 17:06:01.450417   36444 watch.go:40] Failed to load config from "c:\\Users\\vinad\\OneDrive\\Documentos\\Curitiba 360\\dataconnect": could not find dataconnect.yaml in `c:\Users\vinad\OneDrive\Documentos\Curitiba 360\dataconnect`
 {"metadata":{"emulator":{"name":"dataconnect"},"message":"E0720 17:06:01.450417   36444 watch.go:40] Failed to load config from \"c:\\\\Users\\\\vinad\\\\OneDrive\\\\Documentos\\\\Curitiba 360\\\\dataconnect\": could not find dataconnect.yaml in `c:\\Users\\vinad\\OneDrive\\Documentos\\Curitiba 360\\dataconnect`\n"}}
[debug] [2026-07-20T20:06:11.450Z] E0720 17:06:11.450354   36444 watch.go:40] Failed to load config from "c:\\Users\\vinad\\OneDrive\\Documentos\\Curitiba 360\\dataconnect": could not find dataconnect.yaml in `c:\Users\vinad\OneDrive\Documentos\Curitiba 360\dataconnect`
 {"metadata":{"emulator":{"name":"dataconnect"},"message":"E0720 17:06:11.450354   36444 watch.go:40] Failed to load config from \"c:\\\\Users\\\\vinad\\\\OneDrive\\\\Documentos\\\\Curitiba 360\\\\dataconnect\": could not find dataconnect.yaml in `c:\\Users\\vinad\\OneDrive\\Documentos\\Curitiba 360\\dataconnect`\n"}}
[debug] [2026-07-20T20:06:21.451Z] E0720 17:06:21.450794   36444 watch.go:40] Failed to load config from "c:\\Users\\vinad\\OneDrive\\Documentos\\Curitiba 360\\dataconnect": could not find dataconnect.yaml in `c:\Users\vinad\OneDrive\Documentos\Curitiba 360\dataconnect`
 {"metadata":{"emulator":{"name":"dataconnect"},"message":"E0720 17:06:21.450794   36444 watch.go:40] Failed to load config from \"c:\\\\Users\\\\vinad\\\\OneDrive\\\\Documentos\\\\Curitiba 360\\\\dataconnect\": could not find dataconnect.yaml in `c:\\Users\\vinad\\OneDrive\\Documentos\\Curitiba 360\\dataconnect`\n"}}
[debug] [2026-07-20T20:06:31.450Z] E0720 17:06:31.450691   36444 watch.go:116] watchAllDir unable to walk dir `c:\Users\vinad\OneDrive\Documentos\Curitiba 360\dataconnect`: GetFileAttributesEx c:\Users\vinad\OneDrive\Documentos\Curitiba 360\dataconnect: The system cannot find the file specified.
 {"metadata":{"emulator":{"name":"dataconnect"},"message":"E0720 17:06:31.450691   36444 watch.go:116] watchAllDir unable to walk dir `c:\\Users\\vinad\\OneDrive\\Documentos\\Curitiba 360\\dataconnect`: GetFileAttributesEx c:\\Users\\vinad\\OneDrive\\Documentos\\Curitiba 360\\dataconnect: The system cannot find the file specified.\n"}}
[debug] [2026-07-20T20:06:31.451Z] E0720 17:06:31.450691   36444 watch.go:40] Failed to load config from "c:\\Users\\vinad\\OneDrive\\Documentos\\Curitiba 360\\dataconnect": could not find dataconnect.yaml in `c:\Users\vinad\OneDrive\Documentos\Curitiba 360\dataconnect`
 {"metadata":{"emulator":{"name":"dataconnect"},"message":"E0720 17:06:31.450691   36444 watch.go:40] Failed to load config from \"c:\\\\Users\\\\vinad\\\\OneDrive\\\\Documentos\\\\Curitiba 360\\\\dataconnect\": could not find dataconnect.yaml in `c:\\Users\\vinad\\OneDrive\\Documentos\\Curitiba 360\\dataconnect`\n"}}
[debug] [2026-07-20T20:06:41.451Z] E0720 17:06:41.450818   36444 watch.go:40] Failed to load config from "c:\\Users\\vinad\\OneDrive\\Documentos\\Curitiba 360\\dataconnect": could not find dataconnect.yaml in `c:\Users\vinad\OneDrive\Documentos\Curitiba 360\dataconnect`
 {"metadata":{"emulator":{"name":"dataconnect"},"message":"E0720 17:06:41.450818   36444 watch.go:40] Failed to load config from \"c:\\\\Users\\\\vinad\\\\OneDrive\\\\Documentos\\\\Curitiba 360\\\\dataconnect\": could not find dataconnect.yaml in `c:\\Users\\vinad\\OneDrive\\Documentos\\Curitiba 360\\dataconnect`\n"}}
[debug] [2026-07-20T20:06:51.450Z] E0720 17:06:51.450532   36444 watch.go:40] Failed to load config from "c:\\Users\\vinad\\OneDrive\\Documentos\\Curitiba 360\\dataconnect": could not find dataconnect.yaml in `c:\Users\vinad\OneDrive\Documentos\Curitiba 360\dataconnect`
 {"metadata":{"emulator":{"name":"dataconnect"},"message":"E0720 17:06:51.450532   36444 watch.go:40] Failed to load config from \"c:\\\\Users\\\\vinad\\\\OneDrive\\\\Documentos\\\\Curitiba 360\\\\dataconnect\": could not find dataconnect.yaml in `c:\\Users\\vinad\\OneDrive\\Documentos\\Curitiba 360\\dataconnect`\n"}}
[debug] [2026-07-20T20:07:01.450Z] E0720 17:07:01.450445   36444 watch.go:40] Failed to load config from "c:\\Users\\vinad\\OneDrive\\Documentos\\Curitiba 360\\dataconnect": could not find dataconnect.yaml in `c:\Users\vinad\OneDrive\Documentos\Curitiba 360\dataconnect`
 {"metadata":{"emulator":{"name":"dataconnect"},"message":"E0720 17:07:01.450445   36444 watch.go:40] Failed to load config from \"c:\\\\Users\\\\vinad\\\\OneDrive\\\\Documentos\\\\Curitiba 360\\\\dataconnect\": could not find dataconnect.yaml in `c:\\Users\\vinad\\OneDrive\\Documentos\\Curitiba 360\\dataconnect`\n"}}
[debug] [2026-07-20T20:07:11.450Z] E0720 17:07:11.450423   36444 watch.go:40] Failed to load config from "c:\\Users\\vinad\\OneDrive\\Documentos\\Curitiba 360\\dataconnect": could not find dataconnect.yaml in `c:\Users\vinad\OneDrive\Documentos\Curitiba 360\dataconnect`
 {"metadata":{"emulator":{"name":"dataconnect"},"message":"E0720 17:07:11.450423   36444 watch.go:40] Failed to load config from \"c:\\\\Users\\\\vinad\\\\OneDrive\\\\Documentos\\\\Curitiba 360\\\\dataconnect\": could not find dataconnect.yaml in `c:\\Users\\vinad\\OneDrive\\Documentos\\Curitiba 360\\dataconnect`\n"}}
[debug] [2026-07-20T20:07:21.451Z] E0720 17:07:21.450652   36444 watch.go:40] Failed to load config from "c:\\Users\\vinad\\OneDrive\\Documentos\\Curitiba 360\\dataconnect": could not find dataconnect.yaml in `c:\Users\vinad\OneDrive\Documentos\Curitiba 360\dataconnect`
 {"metadata":{"emulator":{"name":"dataconnect"},"message":"E0720 17:07:21.450652   36444 watch.go:40] Failed to load config from \"c:\\\\Users\\\\vinad\\\\OneDrive\\\\Documentos\\\\Curitiba 360\\\\dataconnect\": could not find dataconnect.yaml in `c:\\Users\\vinad\\OneDrive\\Documentos\\Curitiba 360\\dataconnect`\n"}}
[debug] [2026-07-20T20:07:31.450Z] E0720 17:07:31.450615   36444 watch.go:116] watchAllDir unable to walk dir `c:\Users\vinad\OneDrive\Documentos\Curitiba 360\dataconnect`: GetFileAttributesEx c:\Users\vinad\OneDrive\Documentos\Curitiba 360\dataconnect: The system cannot find the file specified.
 {"metadata":{"emulator":{"name":"dataconnect"},"message":"E0720 17:07:31.450615   36444 watch.go:116] watchAllDir unable to walk dir `c:\\Users\\vinad\\OneDrive\\Documentos\\Curitiba 360\\dataconnect`: GetFileAttributesEx c:\\Users\\vinad\\OneDrive\\Documentos\\Curitiba 360\\dataconnect: The system cannot find the file specified.\n"}}
[debug] [2026-07-20T20:07:31.451Z] E0720 17:07:31.450615   36444 watch.go:40] Failed to load config from "c:\\Users\\vinad\\OneDrive\\Documentos\\Curitiba 360\\dataconnect": could not find dataconnect.yaml in `c:\Users\vinad\OneDrive\Documentos\Curitiba 360\dataconnect`
 {"metadata":{"emulator":{"name":"dataconnect"},"message":"E0720 17:07:31.450615   36444 watch.go:40] Failed to load config from \"c:\\\\Users\\\\vinad\\\\OneDrive\\\\Documentos\\\\Curitiba 360\\\\dataconnect\": could not find dataconnect.yaml in `c:\\Users\\vinad\\OneDrive\\Documentos\\Curitiba 360\\dataconnect`\n"}}
[debug] [2026-07-20T20:07:41.451Z] E0720 17:07:41.451412   36444 watch.go:40] Failed to load config from "c:\\Users\\vinad\\OneDrive\\Documentos\\Curitiba 360\\dataconnect": could not find dataconnect.yaml in `c:\Users\vinad\OneDrive\Documentos\Curitiba 360\dataconnect`
 {"metadata":{"emulator":{"name":"dataconnect"},"message":"E0720 17:07:41.451412   36444 watch.go:40] Failed to load config from \"c:\\\\Users\\\\vinad\\\\OneDrive\\\\Documentos\\\\Curitiba 360\\\\dataconnect\": could not find dataconnect.yaml in `c:\\Users\\vinad\\OneDrive\\Documentos\\Curitiba 360\\dataconnect`\n"}}
[debug] [2026-07-20T20:07:51.451Z] E0720 17:07:51.450616   36444 watch.go:40] Failed to load config from "c:\\Users\\vinad\\OneDrive\\Documentos\\Curitiba 360\\dataconnect": could not find dataconnect.yaml in `c:\Users\vinad\OneDrive\Documentos\Curitiba 360\dataconnect`
 {"metadata":{"emulator":{"name":"dataconnect"},"message":"E0720 17:07:51.450616   36444 watch.go:40] Failed to load config from \"c:\\\\Users\\\\vinad\\\\OneDrive\\\\Documentos\\\\Curitiba 360\\\\dataconnect\": could not find dataconnect.yaml in `c:\\Users\\vinad\\OneDrive\\Documentos\\Curitiba 360\\dataconnect`\n"}}
[debug] [2026-07-20T20:08:01.450Z] E0720 17:08:01.450447   36444 watch.go:40] Failed to load config from "c:\\Users\\vinad\\OneDrive\\Documentos\\Curitiba 360\\dataconnect": could not find dataconnect.yaml in `c:\Users\vinad\OneDrive\Documentos\Curitiba 360\dataconnect`
 {"metadata":{"emulator":{"name":"dataconnect"},"message":"E0720 17:08:01.450447   36444 watch.go:40] Failed to load config from \"c:\\\\Users\\\\vinad\\\\OneDrive\\\\Documentos\\\\Curitiba 360\\\\dataconnect\": could not find dataconnect.yaml in `c:\\Users\\vinad\\OneDrive\\Documentos\\Curitiba 360\\dataconnect`\n"}}
[debug] [2026-07-20T20:08:11.450Z] E0720 17:08:11.450366   36444 watch.go:40] Failed to load config from "c:\\Users\\vinad\\OneDrive\\Documentos\\Curitiba 360\\dataconnect": could not find dataconnect.yaml in `c:\Users\vinad\OneDrive\Documentos\Curitiba 360\dataconnect`
 {"metadata":{"emulator":{"name":"dataconnect"},"message":"E0720 17:08:11.450366   36444 watch.go:40] Failed to load config from \"c:\\\\Users\\\\vinad\\\\OneDrive\\\\Documentos\\\\Curitiba 360\\\\dataconnect\": could not find dataconnect.yaml in `c:\\Users\\vinad\\OneDrive\\Documentos\\Curitiba 360\\dataconnect`\n"}}
[debug] [2026-07-20T20:08:21.450Z] E0720 17:08:21.450686   36444 watch.go:40] Failed to load config from "c:\\Users\\vinad\\OneDrive\\Documentos\\Curitiba 360\\dataconnect": could not find dataconnect.yaml in `c:\Users\vinad\OneDrive\Documentos\Curitiba 360\dataconnect`
 {"metadata":{"emulator":{"name":"dataconnect"},"message":"E0720 17:08:21.450686   36444 watch.go:40] Failed to load config from \"c:\\\\Users\\\\vinad\\\\OneDrive\\\\Documentos\\\\Curitiba 360\\\\dataconnect\": could not find dataconnect.yaml in `c:\\Users\\vinad\\OneDrive\\Documentos\\Curitiba 360\\dataconnect`\n"}}
[debug] [2026-07-20T20:08:31.450Z] E0720 17:08:31.450476   36444 watch.go:116] watchAllDir unable to walk dir `c:\Users\vinad\OneDrive\Documentos\Curitiba 360\dataconnect`: GetFileAttributesEx c:\Users\vinad\OneDrive\Documentos\Curitiba 360\dataconnect: The system cannot find the file specified.
 {"metadata":{"emulator":{"name":"dataconnect"},"message":"E0720 17:08:31.450476   36444 watch.go:116] watchAllDir unable to walk dir `c:\\Users\\vinad\\OneDrive\\Documentos\\Curitiba 360\\dataconnect`: GetFileAttributesEx c:\\Users\\vinad\\OneDrive\\Documentos\\Curitiba 360\\dataconnect: The system cannot find the file specified.\n"}}
[debug] [2026-07-20T20:08:31.451Z] E0720 17:08:31.450476   36444 watch.go:40] Failed to load config from "c:\\Users\\vinad\\OneDrive\\Documentos\\Curitiba 360\\dataconnect": could not find dataconnect.yaml in `c:\Users\vinad\OneDrive\Documentos\Curitiba 360\dataconnect`
 {"metadata":{"emulator":{"name":"dataconnect"},"message":"E0720 17:08:31.450476   36444 watch.go:40] Failed to load config from \"c:\\\\Users\\\\vinad\\\\OneDrive\\\\Documentos\\\\Curitiba 360\\\\dataconnect\": could not find dataconnect.yaml in `c:\\Users\\vinad\\OneDrive\\Documentos\\Curitiba 360\\dataconnect`\n"}}
[debug] [2026-07-20T20:08:41.450Z] E0720 17:08:41.450415   36444 watch.go:40] Failed to load config from "c:\\Users\\vinad\\OneDrive\\Documentos\\Curitiba 360\\dataconnect": could not find dataconnect.yaml in `c:\Users\vinad\OneDrive\Documentos\Curitiba 360\dataconnect`
 {"metadata":{"emulator":{"name":"dataconnect"},"message":"E0720 17:08:41.450415   36444 watch.go:40] Failed to load config from \"c:\\\\Users\\\\vinad\\\\OneDrive\\\\Documentos\\\\Curitiba 360\\\\dataconnect\": could not find dataconnect.yaml in `c:\\Users\\vinad\\OneDrive\\Documentos\\Curitiba 360\\dataconnect`\n"}}
[debug] [2026-07-20T20:08:51.450Z] E0720 17:08:51.450783   36444 watch.go:40] Failed to load config from "c:\\Users\\vinad\\OneDrive\\Documentos\\Curitiba 360\\dataconnect": could not find dataconnect.yaml in `c:\Users\vinad\OneDrive\Documentos\Curitiba 360\dataconnect`
 {"metadata":{"emulator":{"name":"dataconnect"},"message":"E0720 17:08:51.450783   36444 watch.go:40] Failed to load config from \"c:\\\\Users\\\\vinad\\\\OneDrive\\\\Documentos\\\\Curitiba 360\\\\dataconnect\": could not find dataconnect.yaml in `c:\\Users\\vinad\\OneDrive\\Documentos\\Curitiba 360\\dataconnect`\n"}}
[debug] [2026-07-20T20:09:01.450Z] E0720 17:09:01.450623   36444 watch.go:40] Failed to load config from "c:\\Users\\vinad\\OneDrive\\Documentos\\Curitiba 360\\dataconnect": could not find dataconnect.yaml in `c:\Users\vinad\OneDrive\Documentos\Curitiba 360\dataconnect`
 {"metadata":{"emulator":{"name":"dataconnect"},"message":"E0720 17:09:01.450623   36444 watch.go:40] Failed to load config from \"c:\\\\Users\\\\vinad\\\\OneDrive\\\\Documentos\\\\Curitiba 360\\\\dataconnect\": could not find dataconnect.yaml in `c:\\Users\\vinad\\OneDrive\\Documentos\\Curitiba 360\\dataconnect`\n"}}
[debug] [2026-07-20T20:09:11.451Z] E0720 17:09:11.450811   36444 watch.go:40] Failed to load config from "c:\\Users\\vinad\\OneDrive\\Documentos\\Curitiba 360\\dataconnect": could not find dataconnect.yaml in `c:\Users\vinad\OneDrive\Documentos\Curitiba 360\dataconnect`
 {"metadata":{"emulator":{"name":"dataconnect"},"message":"E0720 17:09:11.450811   36444 watch.go:40] Failed to load config from \"c:\\\\Users\\\\vinad\\\\OneDrive\\\\Documentos\\\\Curitiba 360\\\\dataconnect\": could not find dataconnect.yaml in `c:\\Users\\vinad\\OneDrive\\Documentos\\Curitiba 360\\dataconnect`\n"}}
[debug] [2026-07-20T20:09:21.450Z] E0720 17:09:21.450439   36444 watch.go:40] Failed to load config from "c:\\Users\\vinad\\OneDrive\\Documentos\\Curitiba 360\\dataconnect": could not find dataconnect.yaml in `c:\Users\vinad\OneDrive\Documentos\Curitiba 360\dataconnect`
 {"metadata":{"emulator":{"name":"dataconnect"},"message":"E0720 17:09:21.450439   36444 watch.go:40] Failed to load config from \"c:\\\\Users\\\\vinad\\\\OneDrive\\\\Documentos\\\\Curitiba 360\\\\dataconnect\": could not find dataconnect.yaml in `c:\\Users\\vinad\\OneDrive\\Documentos\\Curitiba 360\\dataconnect`\n"}}
[debug] [2026-07-20T20:09:31.450Z] E0720 17:09:31.450568   36444 watch.go:116] watchAllDir unable to walk dir `c:\Users\vinad\OneDrive\Documentos\Curitiba 360\dataconnect`: GetFileAttributesEx c:\Users\vinad\OneDrive\Documentos\Curitiba 360\dataconnect: The system cannot find the file specified.
 {"metadata":{"emulator":{"name":"dataconnect"},"message":"E0720 17:09:31.450568   36444 watch.go:116] watchAllDir unable to walk dir `c:\\Users\\vinad\\OneDrive\\Documentos\\Curitiba 360\\dataconnect`: GetFileAttributesEx c:\\Users\\vinad\\OneDrive\\Documentos\\Curitiba 360\\dataconnect: The system cannot find the file specified.\n"}}
[debug] [2026-07-20T20:09:31.451Z] E0720 17:09:31.450568   36444 watch.go:40] Failed to load config from "c:\\Users\\vinad\\OneDrive\\Documentos\\Curitiba 360\\dataconnect": could not find dataconnect.yaml in `c:\Users\vinad\OneDrive\Documentos\Curitiba 360\dataconnect`
 {"metadata":{"emulator":{"name":"dataconnect"},"message":"E0720 17:09:31.450568   36444 watch.go:40] Failed to load config from \"c:\\\\Users\\\\vinad\\\\OneDrive\\\\Documentos\\\\Curitiba 360\\\\dataconnect\": could not find dataconnect.yaml in `c:\\Users\\vinad\\OneDrive\\Documentos\\Curitiba 360\\dataconnect`\n"}}
[debug] [2026-07-20T20:09:41.450Z] E0720 17:09:41.450617   36444 watch.go:40] Failed to load config from "c:\\Users\\vinad\\OneDrive\\Documentos\\Curitiba 360\\dataconnect": could not find dataconnect.yaml in `c:\Users\vinad\OneDrive\Documentos\Curitiba 360\dataconnect`
 {"metadata":{"emulator":{"name":"dataconnect"},"message":"E0720 17:09:41.450617   36444 watch.go:40] Failed to load config from \"c:\\\\Users\\\\vinad\\\\OneDrive\\\\Documentos\\\\Curitiba 360\\\\dataconnect\": could not find dataconnect.yaml in `c:\\Users\\vinad\\OneDrive\\Documentos\\Curitiba 360\\dataconnect`\n"}}
[debug] [2026-07-20T20:09:51.451Z] E0720 17:09:51.450748   36444 watch.go:40] Failed to load config from "c:\\Users\\vinad\\OneDrive\\Documentos\\Curitiba 360\\dataconnect": could not find dataconnect.yaml in `c:\Users\vinad\OneDrive\Documentos\Curitiba 360\dataconnect`
 {"metadata":{"emulator":{"name":"dataconnect"},"message":"E0720 17:09:51.450748   36444 watch.go:40] Failed to load config from \"c:\\\\Users\\\\vinad\\\\OneDrive\\\\Documentos\\\\Curitiba 360\\\\dataconnect\": could not find dataconnect.yaml in `c:\\Users\\vinad\\OneDrive\\Documentos\\Curitiba 360\\dataconnect`\n"}}
[debug] [2026-07-20T20:10:01.450Z] E0720 17:10:01.450457   36444 watch.go:40] Failed to load config from "c:\\Users\\vinad\\OneDrive\\Documentos\\Curitiba 360\\dataconnect": could not find dataconnect.yaml in `c:\Users\vinad\OneDrive\Documentos\Curitiba 360\dataconnect`
 {"metadata":{"emulator":{"name":"dataconnect"},"message":"E0720 17:10:01.450457   36444 watch.go:40] Failed to load config from \"c:\\\\Users\\\\vinad\\\\OneDrive\\\\Documentos\\\\Curitiba 360\\\\dataconnect\": could not find dataconnect.yaml in `c:\\Users\\vinad\\OneDrive\\Documentos\\Curitiba 360\\dataconnect`\n"}}
[debug] [2026-07-20T20:10:11.450Z] E0720 17:10:11.450373   36444 watch.go:40] Failed to load config from "c:\\Users\\vinad\\OneDrive\\Documentos\\Curitiba 360\\dataconnect": could not find dataconnect.yaml in `c:\Users\vinad\OneDrive\Documentos\Curitiba 360\dataconnect`
 {"metadata":{"emulator":{"name":"dataconnect"},"message":"E0720 17:10:11.450373   36444 watch.go:40] Failed to load config from \"c:\\\\Users\\\\vinad\\\\OneDrive\\\\Documentos\\\\Curitiba 360\\\\dataconnect\": could not find dataconnect.yaml in `c:\\Users\\vinad\\OneDrive\\Documentos\\Curitiba 360\\dataconnect`\n"}}
[debug] [2026-07-20T20:10:21.450Z] E0720 17:10:21.450354   36444 watch.go:40] Failed to load config from "c:\\Users\\vinad\\OneDrive\\Documentos\\Curitiba 360\\dataconnect": could not find dataconnect.yaml in `c:\Users\vinad\OneDrive\Documentos\Curitiba 360\dataconnect`
 {"metadata":{"emulator":{"name":"dataconnect"},"message":"E0720 17:10:21.450354   36444 watch.go:40] Failed to load config from \"c:\\\\Users\\\\vinad\\\\OneDrive\\\\Documentos\\\\Curitiba 360\\\\dataconnect\": could not find dataconnect.yaml in `c:\\Users\\vinad\\OneDrive\\Documentos\\Curitiba 360\\dataconnect`\n"}}
[debug] [2026-07-20T20:10:31.450Z] E0720 17:10:31.450520   36444 watch.go:116] watchAllDir unable to walk dir `c:\Users\vinad\OneDrive\Documentos\Curitiba 360\dataconnect`: GetFileAttributesEx c:\Users\vinad\OneDrive\Documentos\Curitiba 360\dataconnect: The system cannot find the file specified.
 {"metadata":{"emulator":{"name":"dataconnect"},"message":"E0720 17:10:31.450520   36444 watch.go:116] watchAllDir unable to walk dir `c:\\Users\\vinad\\OneDrive\\Documentos\\Curitiba 360\\dataconnect`: GetFileAttributesEx c:\\Users\\vinad\\OneDrive\\Documentos\\Curitiba 360\\dataconnect: The system cannot find the file specified.\n"}}
[debug] [2026-07-20T20:10:31.450Z] E0720 17:10:31.450520   36444 watch.go:40] Failed to load config from "c:\\Users\\vinad\\OneDrive\\Documentos\\Curitiba 360\\dataconnect": could not find dataconnect.yaml in `c:\Users\vinad\OneDrive\Documentos\Curitiba 360\dataconnect`
 {"metadata":{"emulator":{"name":"dataconnect"},"message":"E0720 17:10:31.450520   36444 watch.go:40] Failed to load config from \"c:\\\\Users\\\\vinad\\\\OneDrive\\\\Documentos\\\\Curitiba 360\\\\dataconnect\": could not find dataconnect.yaml in `c:\\Users\\vinad\\OneDrive\\Documentos\\Curitiba 360\\dataconnect`\n"}}
[debug] [2026-07-20T20:10:41.450Z] E0720 17:10:41.450689   36444 watch.go:40] Failed to load config from "c:\\Users\\vinad\\OneDrive\\Documentos\\Curitiba 360\\dataconnect": could not find dataconnect.yaml in `c:\Users\vinad\OneDrive\Documentos\Curitiba 360\dataconnect`
 {"metadata":{"emulator":{"name":"dataconnect"},"message":"E0720 17:10:41.450689   36444 watch.go:40] Failed to load config from \"c:\\\\Users\\\\vinad\\\\OneDrive\\\\Documentos\\\\Curitiba 360\\\\dataconnect\": could not find dataconnect.yaml in `c:\\Users\\vinad\\OneDrive\\Documentos\\Curitiba 360\\dataconnect`\n"}}
[debug] [2026-07-20T20:10:51.450Z] E0720 17:10:51.450366   36444 watch.go:40] Failed to load config from "c:\\Users\\vinad\\OneDrive\\Documentos\\Curitiba 360\\dataconnect": could not find dataconnect.yaml in `c:\Users\vinad\OneDrive\Documentos\Curitiba 360\dataconnect`
 {"metadata":{"emulator":{"name":"dataconnect"},"message":"E0720 17:10:51.450366   36444 watch.go:40] Failed to load config from \"c:\\\\Users\\\\vinad\\\\OneDrive\\\\Documentos\\\\Curitiba 360\\\\dataconnect\": could not find dataconnect.yaml in `c:\\Users\\vinad\\OneDrive\\Documentos\\Curitiba 360\\dataconnect`\n"}}
[debug] [2026-07-20T20:11:01.450Z] E0720 17:11:01.450550   36444 watch.go:40] Failed to load config from "c:\\Users\\vinad\\OneDrive\\Documentos\\Curitiba 360\\dataconnect": could not find dataconnect.yaml in `c:\Users\vinad\OneDrive\Documentos\Curitiba 360\dataconnect`
 {"metadata":{"emulator":{"name":"dataconnect"},"message":"E0720 17:11:01.450550   36444 watch.go:40] Failed to load config from \"c:\\\\Users\\\\vinad\\\\OneDrive\\\\Documentos\\\\Curitiba 360\\\\dataconnect\": could not find dataconnect.yaml in `c:\\Users\\vinad\\OneDrive\\Documentos\\Curitiba 360\\dataconnect`\n"}}
[debug] [2026-07-20T20:11:11.450Z] E0720 17:11:11.450429   36444 watch.go:40] Failed to load config from "c:\\Users\\vinad\\OneDrive\\Documentos\\Curitiba 360\\dataconnect": could not find dataconnect.yaml in `c:\Users\vinad\OneDrive\Documentos\Curitiba 360\dataconnect`
 {"metadata":{"emulator":{"name":"dataconnect"},"message":"E0720 17:11:11.450429   36444 watch.go:40] Failed to load config from \"c:\\\\Users\\\\vinad\\\\OneDrive\\\\Documentos\\\\Curitiba 360\\\\dataconnect\": could not find dataconnect.yaml in `c:\\Users\\vinad\\OneDrive\\Documentos\\Curitiba 360\\dataconnect`\n"}}
[debug] [2026-07-20T20:11:21.451Z] E0720 17:11:21.450844   36444 watch.go:40] Failed to load config from "c:\\Users\\vinad\\OneDrive\\Documentos\\Curitiba 360\\dataconnect": could not find dataconnect.yaml in `c:\Users\vinad\OneDrive\Documentos\Curitiba 360\dataconnect`
 {"metadata":{"emulator":{"name":"dataconnect"},"message":"E0720 17:11:21.450844   36444 watch.go:40] Failed to load config from \"c:\\\\Users\\\\vinad\\\\OneDrive\\\\Documentos\\\\Curitiba 360\\\\dataconnect\": could not find dataconnect.yaml in `c:\\Users\\vinad\\OneDrive\\Documentos\\Curitiba 360\\dataconnect`\n"}}
[debug] [2026-07-20T20:11:31.450Z] E0720 17:11:31.450372   36444 watch.go:116] watchAllDir unable to walk dir `c:\Users\vinad\OneDrive\Documentos\Curitiba 360\dataconnect`: GetFileAttributesEx c:\Users\vinad\OneDrive\Documentos\Curitiba 360\dataconnect: The system cannot find the file specified.
 {"metadata":{"emulator":{"name":"dataconnect"},"message":"E0720 17:11:31.450372   36444 watch.go:116] watchAllDir unable to walk dir `c:\\Users\\vinad\\OneDrive\\Documentos\\Curitiba 360\\dataconnect`: GetFileAttributesEx c:\\Users\\vinad\\OneDrive\\Documentos\\Curitiba 360\\dataconnect: The system cannot find the file specified.\n"}}
[debug] [2026-07-20T20:11:31.451Z] E0720 17:11:31.450372   36444 watch.go:40] Failed to load config from "c:\\Users\\vinad\\OneDrive\\Documentos\\Curitiba 360\\dataconnect": could not find dataconnect.yaml in `c:\Users\vinad\OneDrive\Documentos\Curitiba 360\dataconnect`
 {"metadata":{"emulator":{"name":"dataconnect"},"message":"E0720 17:11:31.450372   36444 watch.go:40] Failed to load config from \"c:\\\\Users\\\\vinad\\\\OneDrive\\\\Documentos\\\\Curitiba 360\\\\dataconnect\": could not find dataconnect.yaml in `c:\\Users\\vinad\\OneDrive\\Documentos\\Curitiba 360\\dataconnect`\n"}}
[debug] [2026-07-20T20:11:41.450Z] E0720 17:11:41.450596   36444 watch.go:40] Failed to load config from "c:\\Users\\vinad\\OneDrive\\Documentos\\Curitiba 360\\dataconnect": could not find dataconnect.yaml in `c:\Users\vinad\OneDrive\Documentos\Curitiba 360\dataconnect`
 {"metadata":{"emulator":{"name":"dataconnect"},"message":"E0720 17:11:41.450596   36444 watch.go:40] Failed to load config from \"c:\\\\Users\\\\vinad\\\\OneDrive\\\\Documentos\\\\Curitiba 360\\\\dataconnect\": could not find dataconnect.yaml in `c:\\Users\\vinad\\OneDrive\\Documentos\\Curitiba 360\\dataconnect`\n"}}
[debug] [2026-07-20T20:11:51.451Z] E0720 17:11:51.451010   36444 watch.go:40] Failed to load config from "c:\\Users\\vinad\\OneDrive\\Documentos\\Curitiba 360\\dataconnect": could not find dataconnect.yaml in `c:\Users\vinad\OneDrive\Documentos\Curitiba 360\dataconnect`
 {"metadata":{"emulator":{"name":"dataconnect"},"message":"E0720 17:11:51.451010   36444 watch.go:40] Failed to load config from \"c:\\\\Users\\\\vinad\\\\OneDrive\\\\Documentos\\\\Curitiba 360\\\\dataconnect\": could not find dataconnect.yaml in `c:\\Users\\vinad\\OneDrive\\Documentos\\Curitiba 360\\dataconnect`\n"}}
[debug] [2026-07-20T20:12:01.450Z] E0720 17:12:01.450429   36444 watch.go:40] Failed to load config from "c:\\Users\\vinad\\OneDrive\\Documentos\\Curitiba 360\\dataconnect": could not find dataconnect.yaml in `c:\Users\vinad\OneDrive\Documentos\Curitiba 360\dataconnect`
 {"metadata":{"emulator":{"name":"dataconnect"},"message":"E0720 17:12:01.450429   36444 watch.go:40] Failed to load config from \"c:\\\\Users\\\\vinad\\\\OneDrive\\\\Documentos\\\\Curitiba 360\\\\dataconnect\": could not find dataconnect.yaml in `c:\\Users\\vinad\\OneDrive\\Documentos\\Curitiba 360\\dataconnect`\n"}}
[debug] [2026-07-20T20:12:11.451Z] E0720 17:12:11.450578   36444 watch.go:40] Failed to load config from "c:\\Users\\vinad\\OneDrive\\Documentos\\Curitiba 360\\dataconnect": could not find dataconnect.yaml in `c:\Users\vinad\OneDrive\Documentos\Curitiba 360\dataconnect`
 {"metadata":{"emulator":{"name":"dataconnect"},"message":"E0720 17:12:11.450578   36444 watch.go:40] Failed to load config from \"c:\\\\Users\\\\vinad\\\\OneDrive\\\\Documentos\\\\Curitiba 360\\\\dataconnect\": could not find dataconnect.yaml in `c:\\Users\\vinad\\OneDrive\\Documentos\\Curitiba 360\\dataconnect`\n"}}
[debug] [2026-07-20T20:12:21.451Z] E0720 17:12:21.450734   36444 watch.go:40] Failed to load config from "c:\\Users\\vinad\\OneDrive\\Documentos\\Curitiba 360\\dataconnect": could not find dataconnect.yaml in `c:\Users\vinad\OneDrive\Documentos\Curitiba 360\dataconnect`
 {"metadata":{"emulator":{"name":"dataconnect"},"message":"E0720 17:12:21.450734   36444 watch.go:40] Failed to load config from \"c:\\\\Users\\\\vinad\\\\OneDrive\\\\Documentos\\\\Curitiba 360\\\\dataconnect\": could not find dataconnect.yaml in `c:\\Users\\vinad\\OneDrive\\Documentos\\Curitiba 360\\dataconnect`\n"}}
[debug] [2026-07-20T20:12:31.450Z] E0720 17:12:31.450563   36444 watch.go:116] watchAllDir unable to walk dir `c:\Users\vinad\OneDrive\Documentos\Curitiba 360\dataconnect`: GetFileAttributesEx c:\Users\vinad\OneDrive\Documentos\Curitiba 360\dataconnect: The system cannot find the file specified.
 {"metadata":{"emulator":{"name":"dataconnect"},"message":"E0720 17:12:31.450563   36444 watch.go:116] watchAllDir unable to walk dir `c:\\Users\\vinad\\OneDrive\\Documentos\\Curitiba 360\\dataconnect`: GetFileAttributesEx c:\\Users\\vinad\\OneDrive\\Documentos\\Curitiba 360\\dataconnect: The system cannot find the file specified.\n"}}
[debug] [2026-07-20T20:12:31.451Z] E0720 17:12:31.450563   36444 watch.go:40] Failed to load config from "c:\\Users\\vinad\\OneDrive\\Documentos\\Curitiba 360\\dataconnect": could not find dataconnect.yaml in `c:\Users\vinad\OneDrive\Documentos\Curitiba 360\dataconnect`
 {"metadata":{"emulator":{"name":"dataconnect"},"message":"E0720 17:12:31.450563   36444 watch.go:40] Failed to load config from \"c:\\\\Users\\\\vinad\\\\OneDrive\\\\Documentos\\\\Curitiba 360\\\\dataconnect\": could not find dataconnect.yaml in `c:\\Users\\vinad\\OneDrive\\Documentos\\Curitiba 360\\dataconnect`\n"}}
[debug] [2026-07-20T20:12:41.451Z] E0720 17:12:41.450544   36444 watch.go:40] Failed to load config from "c:\\Users\\vinad\\OneDrive\\Documentos\\Curitiba 360\\dataconnect": could not find dataconnect.yaml in `c:\Users\vinad\OneDrive\Documentos\Curitiba 360\dataconnect`
 {"metadata":{"emulator":{"name":"dataconnect"},"message":"E0720 17:12:41.450544   36444 watch.go:40] Failed to load config from \"c:\\\\Users\\\\vinad\\\\OneDrive\\\\Documentos\\\\Curitiba 360\\\\dataconnect\": could not find dataconnect.yaml in `c:\\Users\\vinad\\OneDrive\\Documentos\\Curitiba 360\\dataconnect`\n"}}
[debug] [2026-07-20T20:12:51.450Z] E0720 17:12:51.450358   36444 watch.go:40] Failed to load config from "c:\\Users\\vinad\\OneDrive\\Documentos\\Curitiba 360\\dataconnect": could not find dataconnect.yaml in `c:\Users\vinad\OneDrive\Documentos\Curitiba 360\dataconnect`
 {"metadata":{"emulator":{"name":"dataconnect"},"message":"E0720 17:12:51.450358   36444 watch.go:40] Failed to load config from \"c:\\\\Users\\\\vinad\\\\OneDrive\\\\Documentos\\\\Curitiba 360\\\\dataconnect\": could not find dataconnect.yaml in `c:\\Users\\vinad\\OneDrive\\Documentos\\Curitiba 360\\dataconnect`\n"}}
[debug] [2026-07-20T20:13:01.450Z] E0720 17:13:01.450768   36444 watch.go:40] Failed to load config from "c:\\Users\\vinad\\OneDrive\\Documentos\\Curitiba 360\\dataconnect": could not find dataconnect.yaml in `c:\Users\vinad\OneDrive\Documentos\Curitiba 360\dataconnect`
 {"metadata":{"emulator":{"name":"dataconnect"},"message":"E0720 17:13:01.450768   36444 watch.go:40] Failed to load config from \"c:\\\\Users\\\\vinad\\\\OneDrive\\\\Documentos\\\\Curitiba 360\\\\dataconnect\": could not find dataconnect.yaml in `c:\\Users\\vinad\\OneDrive\\Documentos\\Curitiba 360\\dataconnect`\n"}}
[debug] [2026-07-20T20:13:11.450Z] E0720 17:13:11.450619   36444 watch.go:40] Failed to load config from "c:\\Users\\vinad\\OneDrive\\Documentos\\Curitiba 360\\dataconnect": could not find dataconnect.yaml in `c:\Users\vinad\OneDrive\Documentos\Curitiba 360\dataconnect`
 {"metadata":{"emulator":{"name":"dataconnect"},"message":"E0720 17:13:11.450619   36444 watch.go:40] Failed to load config from \"c:\\\\Users\\\\vinad\\\\OneDrive\\\\Documentos\\\\Curitiba 360\\\\dataconnect\": could not find dataconnect.yaml in `c:\\Users\\vinad\\OneDrive\\Documentos\\Curitiba 360\\dataconnect`\n"}}
[debug] [2026-07-20T20:13:21.450Z] E0720 17:13:21.450605   36444 watch.go:40] Failed to load config from "c:\\Users\\vinad\\OneDrive\\Documentos\\Curitiba 360\\dataconnect": could not find dataconnect.yaml in `c:\Users\vinad\OneDrive\Documentos\Curitiba 360\dataconnect`
 {"metadata":{"emulator":{"name":"dataconnect"},"message":"E0720 17:13:21.450605   36444 watch.go:40] Failed to load config from \"c:\\\\Users\\\\vinad\\\\OneDrive\\\\Documentos\\\\Curitiba 360\\\\dataconnect\": could not find dataconnect.yaml in `c:\\Users\\vinad\\OneDrive\\Documentos\\Curitiba 360\\dataconnect`\n"}}
[debug] [2026-07-20T20:13:31.450Z] E0720 17:13:31.450584   36444 watch.go:116] watchAllDir unable to walk dir `c:\Users\vinad\OneDrive\Documentos\Curitiba 360\dataconnect`: GetFileAttributesEx c:\Users\vinad\OneDrive\Documentos\Curitiba 360\dataconnect: The system cannot find the file specified.
 {"metadata":{"emulator":{"name":"dataconnect"},"message":"E0720 17:13:31.450584   36444 watch.go:116] watchAllDir unable to walk dir `c:\\Users\\vinad\\OneDrive\\Documentos\\Curitiba 360\\dataconnect`: GetFileAttributesEx c:\\Users\\vinad\\OneDrive\\Documentos\\Curitiba 360\\dataconnect: The system cannot find the file specified.\n"}}
[debug] [2026-07-20T20:13:31.451Z] E0720 17:13:31.450584   36444 watch.go:40] Failed to load config from "c:\\Users\\vinad\\OneDrive\\Documentos\\Curitiba 360\\dataconnect": could not find dataconnect.yaml in `c:\Users\vinad\OneDrive\Documentos\Curitiba 360\dataconnect`
 {"metadata":{"emulator":{"name":"dataconnect"},"message":"E0720 17:13:31.450584   36444 watch.go:40] Failed to load config from \"c:\\\\Users\\\\vinad\\\\OneDrive\\\\Documentos\\\\Curitiba 360\\\\dataconnect\": could not find dataconnect.yaml in `c:\\Users\\vinad\\OneDrive\\Documentos\\Curitiba 360\\dataconnect`\n"}}
[debug] [2026-07-20T20:13:41.450Z] E0720 17:13:41.450665   36444 watch.go:40] Failed to load config from "c:\\Users\\vinad\\OneDrive\\Documentos\\Curitiba 360\\dataconnect": could not find dataconnect.yaml in `c:\Users\vinad\OneDrive\Documentos\Curitiba 360\dataconnect`
 {"metadata":{"emulator":{"name":"dataconnect"},"message":"E0720 17:13:41.450665   36444 watch.go:40] Failed to load config from \"c:\\\\Users\\\\vinad\\\\OneDrive\\\\Documentos\\\\Curitiba 360\\\\dataconnect\": could not find dataconnect.yaml in `c:\\Users\\vinad\\OneDrive\\Documentos\\Curitiba 360\\dataconnect`\n"}}
[debug] [2026-07-20T20:13:51.450Z] E0720 17:13:51.450424   36444 watch.go:40] Failed to load config from "c:\\Users\\vinad\\OneDrive\\Documentos\\Curitiba 360\\dataconnect": could not find dataconnect.yaml in `c:\Users\vinad\OneDrive\Documentos\Curitiba 360\dataconnect`
 {"metadata":{"emulator":{"name":"dataconnect"},"message":"E0720 17:13:51.450424   36444 watch.go:40] Failed to load config from \"c:\\\\Users\\\\vinad\\\\OneDrive\\\\Documentos\\\\Curitiba 360\\\\dataconnect\": could not find dataconnect.yaml in `c:\\Users\\vinad\\OneDrive\\Documentos\\Curitiba 360\\dataconnect`\n"}}
[info] [Firebase Plugin] Stopping SQL Connect toolkit
[warn] !  SQL Connect Emulator has exited upon receiving signal: SIGINT 
[debug] [2026-07-20T20:15:06.785Z] [Firebase Plugin] Activating Firebase extension.
[debug] [2026-07-20T20:15:10.441Z] [Firebase Plugin] requireAuthWrapper
[debug] [2026-07-20T20:15:10.443Z] > command requires scopes: ["email","openid","https://www.googleapis.com/auth/cloudplatformprojects.readonly","https://www.googleapis.com/auth/firebase","https://www.googleapis.com/auth/cloud-platform"]
[info] [Firebase Plugin] Starting SQL Connect toolkit (version 3.4.16) on port 50001
[debug] [2026-07-20T20:15:10.959Z] 'fdc build' failed with error: Unable to build your SQL Connect schema and connectors (exit code 1): E0720 17:15:10.926548   42976 cmd.go:43] Error loading data connect config: could not find dataconnect.yaml in `c:\Users\vinad\OneDrive\Documentos\Curitiba 360\dataconnect`
 {"metadata":{"emulator":{"name":"dataconnect"},"message":"'fdc build' failed with error: Unable to build your SQL Connect schema and connectors (exit code 1): E0720 17:15:10.926548   42976 cmd.go:43] Error loading data connect config: could not find dataconnect.yaml in `c:\\Users\\vinad\\OneDrive\\Documentos\\Curitiba 360\\dataconnect`\n"}}
[debug] [2026-07-20T20:15:10.960Z] Ignoring unsupported arg: auto_download {"metadata":{"emulator":{"name":"dataconnect"},"message":"Ignoring unsupported arg: auto_download"}}
[debug] [2026-07-20T20:15:10.961Z] Ignoring unsupported arg: port {"metadata":{"emulator":{"name":"dataconnect"},"message":"Ignoring unsupported arg: port"}}
[debug] [2026-07-20T20:15:10.961Z] Starting SQL Connect Emulator with command {"binary":"C:\\Users\\vinad\\.cache\\firebase\\emulators\\dataconnect-emulator-3.4.16.exe","args":["--logtostderr","-v=2","dev","--listen=localhost:50001","--config_dir=c:\\Users\\vinad\\OneDrive\\Documentos\\Curitiba 360\\dataconnect","--enable_output_schema_extensions=true","--enable_output_generated_sdk=true"],"optionalArgs":["listen","config_dir","enable_output_schema_extensions","enable_output_generated_sdk"],"joinArgs":true,"shell":false,"port":9399} {"metadata":{"emulator":{"name":"dataconnect"},"message":"Starting SQL Connect Emulator with command {\"binary\":\"C:\\\\Users\\\\vinad\\\\.cache\\\\firebase\\\\emulators\\\\dataconnect-emulator-3.4.16.exe\",\"args\":[\"--logtostderr\",\"-v=2\",\"dev\",\"--listen=localhost:50001\",\"--config_dir=c:\\\\Users\\\\vinad\\\\OneDrive\\\\Documentos\\\\Curitiba 360\\\\dataconnect\",\"--enable_output_schema_extensions=true\",\"--enable_output_generated_sdk=true\"],\"optionalArgs\":[\"listen\",\"config_dir\",\"enable_output_schema_extensions\",\"enable_output_generated_sdk\"],\"joinArgs\":true,\"shell\":false,\"port\":9399}"}}
[info] i  dataconnect: SQL Connect Emulator logging to dataconnect-debug.log {"metadata":{"emulator":{"name":"dataconnect"},"message":"SQL Connect Emulator logging to \u001b[1mdataconnect-debug.log\u001b[22m"}}
[debug] [2026-07-20T20:15:11.025Z] E0720 17:15:11.009056   38996 dev.go:80] Failed to load initial config from "c:\\Users\\vinad\\OneDrive\\Documentos\\Curitiba 360\\dataconnect": could not find dataconnect.yaml in `c:\Users\vinad\OneDrive\Documentos\Curitiba 360\dataconnect`
 {"metadata":{"emulator":{"name":"dataconnect"},"message":"E0720 17:15:11.009056   38996 dev.go:80] Failed to load initial config from \"c:\\\\Users\\\\vinad\\\\OneDrive\\\\Documentos\\\\Curitiba 360\\\\dataconnect\": could not find dataconnect.yaml in `c:\\Users\\vinad\\OneDrive\\Documentos\\Curitiba 360\\dataconnect`\n"}}
[debug] [2026-07-20T20:15:11.026Z] E0720 17:15:11.026081   38996 watch.go:116] watchAllDir unable to walk dir `c:\Users\vinad\OneDrive\Documentos\Curitiba 360\dataconnect`: GetFileAttributesEx c:\Users\vinad\OneDrive\Documentos\Curitiba 360\dataconnect: The system cannot find the file specified.
 {"metadata":{"emulator":{"name":"dataconnect"},"message":"E0720 17:15:11.026081   38996 watch.go:116] watchAllDir unable to walk dir `c:\\Users\\vinad\\OneDrive\\Documentos\\Curitiba 360\\dataconnect`: GetFileAttributesEx c:\\Users\\vinad\\OneDrive\\Documentos\\Curitiba 360\\dataconnect: The system cannot find the file specified.\n"}}
[debug] [2026-07-20T20:15:11.040Z] I0720 17:15:11.040848   38996 dev.go:101] Listening on address (HTTP + gRPC): 127.0.0.1:50001
 {"metadata":{"emulator":{"name":"dataconnect"},"message":"I0720 17:15:11.040848   38996 dev.go:101] Listening on address (HTTP + gRPC): 127.0.0.1:50001\n"}}
[error] [Firebase Plugin] error:  {}
[debug] [2026-07-20T20:15:21.026Z] E0720 17:15:21.027126   38996 watch.go:40] Failed to load config from "c:\\Users\\vinad\\OneDrive\\Documentos\\Curitiba 360\\dataconnect": could not find dataconnect.yaml in `c:\Users\vinad\OneDrive\Documentos\Curitiba 360\dataconnect`
 {"metadata":{"emulator":{"name":"dataconnect"},"message":"E0720 17:15:21.027126   38996 watch.go:40] Failed to load config from \"c:\\\\Users\\\\vinad\\\\OneDrive\\\\Documentos\\\\Curitiba 360\\\\dataconnect\": could not find dataconnect.yaml in `c:\\Users\\vinad\\OneDrive\\Documentos\\Curitiba 360\\dataconnect`\n"}}
[debug] [2026-07-20T20:15:26.798Z] Running auto auth
[debug] [2026-07-20T20:15:26.799Z] No OAuth tokens found
[debug] [2026-07-20T20:15:26.799Z] [Firebase Plugin] No user found (this may be normal)
[debug] [2026-07-20T20:15:31.026Z] E0720 17:15:31.026691   38996 watch.go:40] Failed to load config from "c:\\Users\\vinad\\OneDrive\\Documentos\\Curitiba 360\\dataconnect": could not find dataconnect.yaml in `c:\Users\vinad\OneDrive\Documentos\Curitiba 360\dataconnect`
 {"metadata":{"emulator":{"name":"dataconnect"},"message":"E0720 17:15:31.026691   38996 watch.go:40] Failed to load config from \"c:\\\\Users\\\\vinad\\\\OneDrive\\\\Documentos\\\\Curitiba 360\\\\dataconnect\": could not find dataconnect.yaml in `c:\\Users\\vinad\\OneDrive\\Documentos\\Curitiba 360\\dataconnect`\n"}}
[debug] [2026-07-20T20:15:41.026Z] E0720 17:15:41.026745   38996 watch.go:40] Failed to load config from "c:\\Users\\vinad\\OneDrive\\Documentos\\Curitiba 360\\dataconnect": could not find dataconnect.yaml in `c:\Users\vinad\OneDrive\Documentos\Curitiba 360\dataconnect`
 {"metadata":{"emulator":{"name":"dataconnect"},"message":"E0720 17:15:41.026745   38996 watch.go:40] Failed to load config from \"c:\\\\Users\\\\vinad\\\\OneDrive\\\\Documentos\\\\Curitiba 360\\\\dataconnect\": could not find dataconnect.yaml in `c:\\Users\\vinad\\OneDrive\\Documentos\\Curitiba 360\\dataconnect`\n"}}
[debug] [2026-07-20T20:15:51.026Z] E0720 17:15:51.026802   38996 watch.go:40] Failed to load config from "c:\\Users\\vinad\\OneDrive\\Documentos\\Curitiba 360\\dataconnect": could not find dataconnect.yaml in `c:\Users\vinad\OneDrive\Documentos\Curitiba 360\dataconnect`
 {"metadata":{"emulator":{"name":"dataconnect"},"message":"E0720 17:15:51.026802   38996 watch.go:40] Failed to load config from \"c:\\\\Users\\\\vinad\\\\OneDrive\\\\Documentos\\\\Curitiba 360\\\\dataconnect\": could not find dataconnect.yaml in `c:\\Users\\vinad\\OneDrive\\Documentos\\Curitiba 360\\dataconnect`\n"}}
[debug] [2026-07-20T20:16:01.027Z] E0720 17:16:01.026857   38996 watch.go:40] Failed to load config from "c:\\Users\\vinad\\OneDrive\\Documentos\\Curitiba 360\\dataconnect": could not find dataconnect.yaml in `c:\Users\vinad\OneDrive\Documentos\Curitiba 360\dataconnect`
 {"metadata":{"emulator":{"name":"dataconnect"},"message":"E0720 17:16:01.026857   38996 watch.go:40] Failed to load config from \"c:\\\\Users\\\\vinad\\\\OneDrive\\\\Documentos\\\\Curitiba 360\\\\dataconnect\": could not find dataconnect.yaml in `c:\\Users\\vinad\\OneDrive\\Documentos\\Curitiba 360\\dataconnect`\n"}}
[debug] [2026-07-20T20:16:11.027Z] E0720 17:16:11.026797   38996 watch.go:116] watchAllDir unable to walk dir `c:\Users\vinad\OneDrive\Documentos\Curitiba 360\dataconnect`: GetFileAttributesEx c:\Users\vinad\OneDrive\Documentos\Curitiba 360\dataconnect: The system cannot find the file specified.
 {"metadata":{"emulator":{"name":"dataconnect"},"message":"E0720 17:16:11.026797   38996 watch.go:116] watchAllDir unable to walk dir `c:\\Users\\vinad\\OneDrive\\Documentos\\Curitiba 360\\dataconnect`: GetFileAttributesEx c:\\Users\\vinad\\OneDrive\\Documentos\\Curitiba 360\\dataconnect: The system cannot find the file specified.\n"}}
[debug] [2026-07-20T20:16:11.027Z] E0720 17:16:11.026797   38996 watch.go:40] Failed to load config from "c:\\Users\\vinad\\OneDrive\\Documentos\\Curitiba 360\\dataconnect": could not find dataconnect.yaml in `c:\Users\vinad\OneDrive\Documentos\Curitiba 360\dataconnect`
 {"metadata":{"emulator":{"name":"dataconnect"},"message":"E0720 17:16:11.026797   38996 watch.go:40] Failed to load config from \"c:\\\\Users\\\\vinad\\\\OneDrive\\\\Documentos\\\\Curitiba 360\\\\dataconnect\": could not find dataconnect.yaml in `c:\\Users\\vinad\\OneDrive\\Documentos\\Curitiba 360\\dataconnect`\n"}}
[debug] [2026-07-20T20:16:21.027Z] E0720 17:16:21.027077   38996 watch.go:40] Failed to load config from "c:\\Users\\vinad\\OneDrive\\Documentos\\Curitiba 360\\dataconnect": could not find dataconnect.yaml in `c:\Users\vinad\OneDrive\Documentos\Curitiba 360\dataconnect`
 {"metadata":{"emulator":{"name":"dataconnect"},"message":"E0720 17:16:21.027077   38996 watch.go:40] Failed to load config from \"c:\\\\Users\\\\vinad\\\\OneDrive\\\\Documentos\\\\Curitiba 360\\\\dataconnect\": could not find dataconnect.yaml in `c:\\Users\\vinad\\OneDrive\\Documentos\\Curitiba 360\\dataconnect`\n"}}
[debug] [2026-07-20T20:16:31.027Z] E0720 17:16:31.026906   38996 watch.go:40] Failed to load config from "c:\\Users\\vinad\\OneDrive\\Documentos\\Curitiba 360\\dataconnect": could not find dataconnect.yaml in `c:\Users\vinad\OneDrive\Documentos\Curitiba 360\dataconnect`
 {"metadata":{"emulator":{"name":"dataconnect"},"message":"E0720 17:16:31.026906   38996 watch.go:40] Failed to load config from \"c:\\\\Users\\\\vinad\\\\OneDrive\\\\Documentos\\\\Curitiba 360\\\\dataconnect\": could not find dataconnect.yaml in `c:\\Users\\vinad\\OneDrive\\Documentos\\Curitiba 360\\dataconnect`\n"}}
[debug] [2026-07-20T20:16:41.027Z] E0720 17:16:41.026723   38996 watch.go:40] Failed to load config from "c:\\Users\\vinad\\OneDrive\\Documentos\\Curitiba 360\\dataconnect": could not find dataconnect.yaml in `c:\Users\vinad\OneDrive\Documentos\Curitiba 360\dataconnect`
 {"metadata":{"emulator":{"name":"dataconnect"},"message":"E0720 17:16:41.026723   38996 watch.go:40] Failed to load config from \"c:\\\\Users\\\\vinad\\\\OneDrive\\\\Documentos\\\\Curitiba 360\\\\dataconnect\": could not find dataconnect.yaml in `c:\\Users\\vinad\\OneDrive\\Documentos\\Curitiba 360\\dataconnect`\n"}}
[debug] [2026-07-20T20:16:51.029Z] E0720 17:16:51.028959   38996 watch.go:40] Failed to load config from "c:\\Users\\vinad\\OneDrive\\Documentos\\Curitiba 360\\dataconnect": could not find dataconnect.yaml in `c:\Users\vinad\OneDrive\Documentos\Curitiba 360\dataconnect`
 {"metadata":{"emulator":{"name":"dataconnect"},"message":"E0720 17:16:51.028959   38996 watch.go:40] Failed to load config from \"c:\\\\Users\\\\vinad\\\\OneDrive\\\\Documentos\\\\Curitiba 360\\\\dataconnect\": could not find dataconnect.yaml in `c:\\Users\\vinad\\OneDrive\\Documentos\\Curitiba 360\\dataconnect`\n"}}
[debug] [2026-07-20T20:17:01.027Z] E0720 17:17:01.026937   38996 watch.go:40] Failed to load config from "c:\\Users\\vinad\\OneDrive\\Documentos\\Curitiba 360\\dataconnect": could not find dataconnect.yaml in `c:\Users\vinad\OneDrive\Documentos\Curitiba 360\dataconnect`
 {"metadata":{"emulator":{"name":"dataconnect"},"message":"E0720 17:17:01.026937   38996 watch.go:40] Failed to load config from \"c:\\\\Users\\\\vinad\\\\OneDrive\\\\Documentos\\\\Curitiba 360\\\\dataconnect\": could not find dataconnect.yaml in `c:\\Users\\vinad\\OneDrive\\Documentos\\Curitiba 360\\dataconnect`\n"}}
[debug] [2026-07-20T20:17:11.027Z] E0720 17:17:11.026868   38996 watch.go:116] watchAllDir unable to walk dir `c:\Users\vinad\OneDrive\Documentos\Curitiba 360\dataconnect`: GetFileAttributesEx c:\Users\vinad\OneDrive\Documentos\Curitiba 360\dataconnect: The system cannot find the file specified.
 {"metadata":{"emulator":{"name":"dataconnect"},"message":"E0720 17:17:11.026868   38996 watch.go:116] watchAllDir unable to walk dir `c:\\Users\\vinad\\OneDrive\\Documentos\\Curitiba 360\\dataconnect`: GetFileAttributesEx c:\\Users\\vinad\\OneDrive\\Documentos\\Curitiba 360\\dataconnect: The system cannot find the file specified.\n"}}
[debug] [2026-07-20T20:17:11.027Z] E0720 17:17:11.026868   38996 watch.go:40] Failed to load config from "c:\\Users\\vinad\\OneDrive\\Documentos\\Curitiba 360\\dataconnect": could not find dataconnect.yaml in `c:\Users\vinad\OneDrive\Documentos\Curitiba 360\dataconnect`
 {"metadata":{"emulator":{"name":"dataconnect"},"message":"E0720 17:17:11.026868   38996 watch.go:40] Failed to load config from \"c:\\\\Users\\\\vinad\\\\OneDrive\\\\Documentos\\\\Curitiba 360\\\\dataconnect\": could not find dataconnect.yaml in `c:\\Users\\vinad\\OneDrive\\Documentos\\Curitiba 360\\dataconnect`\n"}}
[debug] [2026-07-20T20:17:21.027Z] E0720 17:17:21.027012   38996 watch.go:40] Failed to load config from "c:\\Users\\vinad\\OneDrive\\Documentos\\Curitiba 360\\dataconnect": could not find dataconnect.yaml in `c:\Users\vinad\OneDrive\Documentos\Curitiba 360\dataconnect`
 {"metadata":{"emulator":{"name":"dataconnect"},"message":"E0720 17:17:21.027012   38996 watch.go:40] Failed to load config from \"c:\\\\Users\\\\vinad\\\\OneDrive\\\\Documentos\\\\Curitiba 360\\\\dataconnect\": could not find dataconnect.yaml in `c:\\Users\\vinad\\OneDrive\\Documentos\\Curitiba 360\\dataconnect`\n"}}
[debug] [2026-07-20T20:17:31.027Z] E0720 17:17:31.026889   38996 watch.go:40] Failed to load config from "c:\\Users\\vinad\\OneDrive\\Documentos\\Curitiba 360\\dataconnect": could not find dataconnect.yaml in `c:\Users\vinad\OneDrive\Documentos\Curitiba 360\dataconnect`
 {"metadata":{"emulator":{"name":"dataconnect"},"message":"E0720 17:17:31.026889   38996 watch.go:40] Failed to load config from \"c:\\\\Users\\\\vinad\\\\OneDrive\\\\Documentos\\\\Curitiba 360\\\\dataconnect\": could not find dataconnect.yaml in `c:\\Users\\vinad\\OneDrive\\Documentos\\Curitiba 360\\dataconnect`\n"}}
[debug] [2026-07-20T20:17:41.027Z] E0720 17:17:41.026912   38996 watch.go:40] Failed to load config from "c:\\Users\\vinad\\OneDrive\\Documentos\\Curitiba 360\\dataconnect": could not find dataconnect.yaml in `c:\Users\vinad\OneDrive\Documentos\Curitiba 360\dataconnect`
 {"metadata":{"emulator":{"name":"dataconnect"},"message":"E0720 17:17:41.026912   38996 watch.go:40] Failed to load config from \"c:\\\\Users\\\\vinad\\\\OneDrive\\\\Documentos\\\\Curitiba 360\\\\dataconnect\": could not find dataconnect.yaml in `c:\\Users\\vinad\\OneDrive\\Documentos\\Curitiba 360\\dataconnect`\n"}}
[debug] [2026-07-20T20:17:51.027Z] E0720 17:17:51.026966   38996 watch.go:40] Failed to load config from "c:\\Users\\vinad\\OneDrive\\Documentos\\Curitiba 360\\dataconnect": could not find dataconnect.yaml in `c:\Users\vinad\OneDrive\Documentos\Curitiba 360\dataconnect`
 {"metadata":{"emulator":{"name":"dataconnect"},"message":"E0720 17:17:51.026966   38996 watch.go:40] Failed to load config from \"c:\\\\Users\\\\vinad\\\\OneDrive\\\\Documentos\\\\Curitiba 360\\\\dataconnect\": could not find dataconnect.yaml in `c:\\Users\\vinad\\OneDrive\\Documentos\\Curitiba 360\\dataconnect`\n"}}
[debug] [2026-07-20T20:18:01.027Z] E0720 17:18:01.026742   38996 watch.go:40] Failed to load config from "c:\\Users\\vinad\\OneDrive\\Documentos\\Curitiba 360\\dataconnect": could not find dataconnect.yaml in `c:\Users\vinad\OneDrive\Documentos\Curitiba 360\dataconnect`
 {"metadata":{"emulator":{"name":"dataconnect"},"message":"E0720 17:18:01.026742   38996 watch.go:40] Failed to load config from \"c:\\\\Users\\\\vinad\\\\OneDrive\\\\Documentos\\\\Curitiba 360\\\\dataconnect\": could not find dataconnect.yaml in `c:\\Users\\vinad\\OneDrive\\Documentos\\Curitiba 360\\dataconnect`\n"}}
[debug] [2026-07-20T20:18:11.026Z] E0720 17:18:11.026990   38996 watch.go:116] watchAllDir unable to walk dir `c:\Users\vinad\OneDrive\Documentos\Curitiba 360\dataconnect`: GetFileAttributesEx c:\Users\vinad\OneDrive\Documentos\Curitiba 360\dataconnect: The system cannot find the file specified.
 {"metadata":{"emulator":{"name":"dataconnect"},"message":"E0720 17:18:11.026990   38996 watch.go:116] watchAllDir unable to walk dir `c:\\Users\\vinad\\OneDrive\\Documentos\\Curitiba 360\\dataconnect`: GetFileAttributesEx c:\\Users\\vinad\\OneDrive\\Documentos\\Curitiba 360\\dataconnect: The system cannot find the file specified.\n"}}
[debug] [2026-07-20T20:18:11.027Z] E0720 17:18:11.026990   38996 watch.go:40] Failed to load config from "c:\\Users\\vinad\\OneDrive\\Documentos\\Curitiba 360\\dataconnect": could not find dataconnect.yaml in `c:\Users\vinad\OneDrive\Documentos\Curitiba 360\dataconnect`
 {"metadata":{"emulator":{"name":"dataconnect"},"message":"E0720 17:18:11.026990   38996 watch.go:40] Failed to load config from \"c:\\\\Users\\\\vinad\\\\OneDrive\\\\Documentos\\\\Curitiba 360\\\\dataconnect\": could not find dataconnect.yaml in `c:\\Users\\vinad\\OneDrive\\Documentos\\Curitiba 360\\dataconnect`\n"}}
[debug] [2026-07-20T20:18:21.026Z] E0720 17:18:21.026862   38996 watch.go:40] Failed to load config from "c:\\Users\\vinad\\OneDrive\\Documentos\\Curitiba 360\\dataconnect": could not find dataconnect.yaml in `c:\Users\vinad\OneDrive\Documentos\Curitiba 360\dataconnect`
 {"metadata":{"emulator":{"name":"dataconnect"},"message":"E0720 17:18:21.026862   38996 watch.go:40] Failed to load config from \"c:\\\\Users\\\\vinad\\\\OneDrive\\\\Documentos\\\\Curitiba 360\\\\dataconnect\": could not find dataconnect.yaml in `c:\\Users\\vinad\\OneDrive\\Documentos\\Curitiba 360\\dataconnect`\n"}}
[debug] [2026-07-20T20:18:31.026Z] E0720 17:18:31.027555   38996 watch.go:40] Failed to load config from "c:\\Users\\vinad\\OneDrive\\Documentos\\Curitiba 360\\dataconnect": could not find dataconnect.yaml in `c:\Users\vinad\OneDrive\Documentos\Curitiba 360\dataconnect`
 {"metadata":{"emulator":{"name":"dataconnect"},"message":"E0720 17:18:31.027555   38996 watch.go:40] Failed to load config from \"c:\\\\Users\\\\vinad\\\\OneDrive\\\\Documentos\\\\Curitiba 360\\\\dataconnect\": could not find dataconnect.yaml in `c:\\Users\\vinad\\OneDrive\\Documentos\\Curitiba 360\\dataconnect`\n"}}
[debug] [2026-07-20T20:18:41.026Z] E0720 17:18:41.026842   38996 watch.go:40] Failed to load config from "c:\\Users\\vinad\\OneDrive\\Documentos\\Curitiba 360\\dataconnect": could not find dataconnect.yaml in `c:\Users\vinad\OneDrive\Documentos\Curitiba 360\dataconnect`
 {"metadata":{"emulator":{"name":"dataconnect"},"message":"E0720 17:18:41.026842   38996 watch.go:40] Failed to load config from \"c:\\\\Users\\\\vinad\\\\OneDrive\\\\Documentos\\\\Curitiba 360\\\\dataconnect\": could not find dataconnect.yaml in `c:\\Users\\vinad\\OneDrive\\Documentos\\Curitiba 360\\dataconnect`\n"}}
[debug] [2026-07-20T20:18:51.026Z] E0720 17:18:51.026976   38996 watch.go:40] Failed to load config from "c:\\Users\\vinad\\OneDrive\\Documentos\\Curitiba 360\\dataconnect": could not find dataconnect.yaml in `c:\Users\vinad\OneDrive\Documentos\Curitiba 360\dataconnect`
 {"metadata":{"emulator":{"name":"dataconnect"},"message":"E0720 17:18:51.026976   38996 watch.go:40] Failed to load config from \"c:\\\\Users\\\\vinad\\\\OneDrive\\\\Documentos\\\\Curitiba 360\\\\dataconnect\": could not find dataconnect.yaml in `c:\\Users\\vinad\\OneDrive\\Documentos\\Curitiba 360\\dataconnect`\n"}}
[debug] [2026-07-20T20:19:01.026Z] E0720 17:19:01.026755   38996 watch.go:40] Failed to load config from "c:\\Users\\vinad\\OneDrive\\Documentos\\Curitiba 360\\dataconnect": could not find dataconnect.yaml in `c:\Users\vinad\OneDrive\Documentos\Curitiba 360\dataconnect`
 {"metadata":{"emulator":{"name":"dataconnect"},"message":"E0720 17:19:01.026755   38996 watch.go:40] Failed to load config from \"c:\\\\Users\\\\vinad\\\\OneDrive\\\\Documentos\\\\Curitiba 360\\\\dataconnect\": could not find dataconnect.yaml in `c:\\Users\\vinad\\OneDrive\\Documentos\\Curitiba 360\\dataconnect`\n"}}
[debug] [2026-07-20T20:19:11.027Z] E0720 17:19:11.026956   38996 watch.go:116] watchAllDir unable to walk dir `c:\Users\vinad\OneDrive\Documentos\Curitiba 360\dataconnect`: GetFileAttributesEx c:\Users\vinad\OneDrive\Documentos\Curitiba 360\dataconnect: The system cannot find the file specified.
 {"metadata":{"emulator":{"name":"dataconnect"},"message":"E0720 17:19:11.026956   38996 watch.go:116] watchAllDir unable to walk dir `c:\\Users\\vinad\\OneDrive\\Documentos\\Curitiba 360\\dataconnect`: GetFileAttributesEx c:\\Users\\vinad\\OneDrive\\Documentos\\Curitiba 360\\dataconnect: The system cannot find the file specified.\n"}}
[debug] [2026-07-20T20:19:11.027Z] E0720 17:19:11.026956   38996 watch.go:40] Failed to load config from "c:\\Users\\vinad\\OneDrive\\Documentos\\Curitiba 360\\dataconnect": could not find dataconnect.yaml in `c:\Users\vinad\OneDrive\Documentos\Curitiba 360\dataconnect`
 {"metadata":{"emulator":{"name":"dataconnect"},"message":"E0720 17:19:11.026956   38996 watch.go:40] Failed to load config from \"c:\\\\Users\\\\vinad\\\\OneDrive\\\\Documentos\\\\Curitiba 360\\\\dataconnect\": could not find dataconnect.yaml in `c:\\Users\\vinad\\OneDrive\\Documentos\\Curitiba 360\\dataconnect`\n"}}
[debug] [2026-07-20T20:19:21.027Z] E0720 17:19:21.026953   38996 watch.go:40] Failed to load config from "c:\\Users\\vinad\\OneDrive\\Documentos\\Curitiba 360\\dataconnect": could not find dataconnect.yaml in `c:\Users\vinad\OneDrive\Documentos\Curitiba 360\dataconnect`
 {"metadata":{"emulator":{"name":"dataconnect"},"message":"E0720 17:19:21.026953   38996 watch.go:40] Failed to load config from \"c:\\\\Users\\\\vinad\\\\OneDrive\\\\Documentos\\\\Curitiba 360\\\\dataconnect\": could not find dataconnect.yaml in `c:\\Users\\vinad\\OneDrive\\Documentos\\Curitiba 360\\dataconnect`\n"}}
[debug] [2026-07-20T20:19:31.027Z] E0720 17:19:31.026835   38996 watch.go:40] Failed to load config from "c:\\Users\\vinad\\OneDrive\\Documentos\\Curitiba 360\\dataconnect": could not find dataconnect.yaml in `c:\Users\vinad\OneDrive\Documentos\Curitiba 360\dataconnect`
 {"metadata":{"emulator":{"name":"dataconnect"},"message":"E0720 17:19:31.026835   38996 watch.go:40] Failed to load config from \"c:\\\\Users\\\\vinad\\\\OneDrive\\\\Documentos\\\\Curitiba 360\\\\dataconnect\": could not find dataconnect.yaml in `c:\\Users\\vinad\\OneDrive\\Documentos\\Curitiba 360\\dataconnect`\n"}}
[debug] [2026-07-20T20:19:41.027Z] E0720 17:19:41.026859   38996 watch.go:40] Failed to load config from "c:\\Users\\vinad\\OneDrive\\Documentos\\Curitiba 360\\dataconnect": could not find dataconnect.yaml in `c:\Users\vinad\OneDrive\Documentos\Curitiba 360\dataconnect`
 {"metadata":{"emulator":{"name":"dataconnect"},"message":"E0720 17:19:41.026859   38996 watch.go:40] Failed to load config from \"c:\\\\Users\\\\vinad\\\\OneDrive\\\\Documentos\\\\Curitiba 360\\\\dataconnect\": could not find dataconnect.yaml in `c:\\Users\\vinad\\OneDrive\\Documentos\\Curitiba 360\\dataconnect`\n"}}
[debug] [2026-07-20T20:19:51.027Z] E0720 17:19:51.026745   38996 watch.go:40] Failed to load config from "c:\\Users\\vinad\\OneDrive\\Documentos\\Curitiba 360\\dataconnect": could not find dataconnect.yaml in `c:\Users\vinad\OneDrive\Documentos\Curitiba 360\dataconnect`
 {"metadata":{"emulator":{"name":"dataconnect"},"message":"E0720 17:19:51.026745   38996 watch.go:40] Failed to load config from \"c:\\\\Users\\\\vinad\\\\OneDrive\\\\Documentos\\\\Curitiba 360\\\\dataconnect\": could not find dataconnect.yaml in `c:\\Users\\vinad\\OneDrive\\Documentos\\Curitiba 360\\dataconnect`\n"}}
[debug] [2026-07-20T20:20:01.027Z] E0720 17:20:01.026770   38996 watch.go:40] Failed to load config from "c:\\Users\\vinad\\OneDrive\\Documentos\\Curitiba 360\\dataconnect": could not find dataconnect.yaml in `c:\Users\vinad\OneDrive\Documentos\Curitiba 360\dataconnect`
 {"metadata":{"emulator":{"name":"dataconnect"},"message":"E0720 17:20:01.026770   38996 watch.go:40] Failed to load config from \"c:\\\\Users\\\\vinad\\\\OneDrive\\\\Documentos\\\\Curitiba 360\\\\dataconnect\": could not find dataconnect.yaml in `c:\\Users\\vinad\\OneDrive\\Documentos\\Curitiba 360\\dataconnect`\n"}}
[debug] [2026-07-20T20:20:11.027Z] E0720 17:20:11.026835   38996 watch.go:116] watchAllDir unable to walk dir `c:\Users\vinad\OneDrive\Documentos\Curitiba 360\dataconnect`: GetFileAttributesEx c:\Users\vinad\OneDrive\Documentos\Curitiba 360\dataconnect: The system cannot find the file specified.
 {"metadata":{"emulator":{"name":"dataconnect"},"message":"E0720 17:20:11.026835   38996 watch.go:116] watchAllDir unable to walk dir `c:\\Users\\vinad\\OneDrive\\Documentos\\Curitiba 360\\dataconnect`: GetFileAttributesEx c:\\Users\\vinad\\OneDrive\\Documentos\\Curitiba 360\\dataconnect: The system cannot find the file specified.\n"}}
[debug] [2026-07-20T20:20:11.027Z] E0720 17:20:11.026835   38996 watch.go:40] Failed to load config from "c:\\Users\\vinad\\OneDrive\\Documentos\\Curitiba 360\\dataconnect": could not find dataconnect.yaml in `c:\Users\vinad\OneDrive\Documentos\Curitiba 360\dataconnect`
 {"metadata":{"emulator":{"name":"dataconnect"},"message":"E0720 17:20:11.026835   38996 watch.go:40] Failed to load config from \"c:\\\\Users\\\\vinad\\\\OneDrive\\\\Documentos\\\\Curitiba 360\\\\dataconnect\": could not find dataconnect.yaml in `c:\\Users\\vinad\\OneDrive\\Documentos\\Curitiba 360\\dataconnect`\n"}}
[debug] [2026-07-20T20:20:21.027Z] E0720 17:20:21.027038   38996 watch.go:40] Failed to load config from "c:\\Users\\vinad\\OneDrive\\Documentos\\Curitiba 360\\dataconnect": could not find dataconnect.yaml in `c:\Users\vinad\OneDrive\Documentos\Curitiba 360\dataconnect`
 {"metadata":{"emulator":{"name":"dataconnect"},"message":"E0720 17:20:21.027038   38996 watch.go:40] Failed to load config from \"c:\\\\Users\\\\vinad\\\\OneDrive\\\\Documentos\\\\Curitiba 360\\\\dataconnect\": could not find dataconnect.yaml in `c:\\Users\\vinad\\OneDrive\\Documentos\\Curitiba 360\\dataconnect`\n"}}
[debug] [2026-07-20T20:20:31.027Z] E0720 17:20:31.026869   38996 watch.go:40] Failed to load config from "c:\\Users\\vinad\\OneDrive\\Documentos\\Curitiba 360\\dataconnect": could not find dataconnect.yaml in `c:\Users\vinad\OneDrive\Documentos\Curitiba 360\dataconnect`
 {"metadata":{"emulator":{"name":"dataconnect"},"message":"E0720 17:20:31.026869   38996 watch.go:40] Failed to load config from \"c:\\\\Users\\\\vinad\\\\OneDrive\\\\Documentos\\\\Curitiba 360\\\\dataconnect\": could not find dataconnect.yaml in `c:\\Users\\vinad\\OneDrive\\Documentos\\Curitiba 360\\dataconnect`\n"}}
[debug] [2026-07-20T20:20:41.027Z] E0720 17:20:41.027033   38996 watch.go:40] Failed to load config from "c:\\Users\\vinad\\OneDrive\\Documentos\\Curitiba 360\\dataconnect": could not find dataconnect.yaml in `c:\Users\vinad\OneDrive\Documentos\Curitiba 360\dataconnect`
 {"metadata":{"emulator":{"name":"dataconnect"},"message":"E0720 17:20:41.027033   38996 watch.go:40] Failed to load config from \"c:\\\\Users\\\\vinad\\\\OneDrive\\\\Documentos\\\\Curitiba 360\\\\dataconnect\": could not find dataconnect.yaml in `c:\\Users\\vinad\\OneDrive\\Documentos\\Curitiba 360\\dataconnect`\n"}}
[debug] [2026-07-20T20:20:51.027Z] E0720 17:20:51.026877   38996 watch.go:40] Failed to load config from "c:\\Users\\vinad\\OneDrive\\Documentos\\Curitiba 360\\dataconnect": could not find dataconnect.yaml in `c:\Users\vinad\OneDrive\Documentos\Curitiba 360\dataconnect`
 {"metadata":{"emulator":{"name":"dataconnect"},"message":"E0720 17:20:51.026877   38996 watch.go:40] Failed to load config from \"c:\\\\Users\\\\vinad\\\\OneDrive\\\\Documentos\\\\Curitiba 360\\\\dataconnect\": could not find dataconnect.yaml in `c:\\Users\\vinad\\OneDrive\\Documentos\\Curitiba 360\\dataconnect`\n"}}
[debug] [2026-07-20T20:21:01.027Z] E0720 17:21:01.026871   38996 watch.go:40] Failed to load config from "c:\\Users\\vinad\\OneDrive\\Documentos\\Curitiba 360\\dataconnect": could not find dataconnect.yaml in `c:\Users\vinad\OneDrive\Documentos\Curitiba 360\dataconnect`
 {"metadata":{"emulator":{"name":"dataconnect"},"message":"E0720 17:21:01.026871   38996 watch.go:40] Failed to load config from \"c:\\\\Users\\\\vinad\\\\OneDrive\\\\Documentos\\\\Curitiba 360\\\\dataconnect\": could not find dataconnect.yaml in `c:\\Users\\vinad\\OneDrive\\Documentos\\Curitiba 360\\dataconnect`\n"}}
[debug] [2026-07-20T20:21:11.026Z] E0720 17:21:11.026760   38996 watch.go:116] watchAllDir unable to walk dir `c:\Users\vinad\OneDrive\Documentos\Curitiba 360\dataconnect`: GetFileAttributesEx c:\Users\vinad\OneDrive\Documentos\Curitiba 360\dataconnect: The system cannot find the file specified.
E0720 17:21:11.026760   38996 watch.go:40] Failed to load config from "c:\\Users\\vinad\\OneDrive\\Documentos\\Curitiba 360\\dataconnect": could not find dataconnect.yaml in `c:\Users\vinad\OneDrive\Documentos\Curitiba 360\dataconnect`
 {"metadata":{"emulator":{"name":"dataconnect"},"message":"E0720 17:21:11.026760   38996 watch.go:116] watchAllDir unable to walk dir `c:\\Users\\vinad\\OneDrive\\Documentos\\Curitiba 360\\dataconnect`: GetFileAttributesEx c:\\Users\\vinad\\OneDrive\\Documentos\\Curitiba 360\\dataconnect: The system cannot find the file specified.\nE0720 17:21:11.026760   38996 watch.go:40] Failed to load config from \"c:\\\\Users\\\\vinad\\\\OneDrive\\\\Documentos\\\\Curitiba 360\\\\dataconnect\": could not find dataconnect.yaml in `c:\\Users\\vinad\\OneDrive\\Documentos\\Curitiba 360\\dataconnect`\n"}}
[debug] [2026-07-20T20:21:21.027Z] E0720 17:21:21.027403   38996 watch.go:40] Failed to load config from "c:\\Users\\vinad\\OneDrive\\Documentos\\Curitiba 360\\dataconnect": could not find dataconnect.yaml in `c:\Users\vinad\OneDrive\Documentos\Curitiba 360\dataconnect`
 {"metadata":{"emulator":{"name":"dataconnect"},"message":"E0720 17:21:21.027403   38996 watch.go:40] Failed to load config from \"c:\\\\Users\\\\vinad\\\\OneDrive\\\\Documentos\\\\Curitiba 360\\\\dataconnect\": could not find dataconnect.yaml in `c:\\Users\\vinad\\OneDrive\\Documentos\\Curitiba 360\\dataconnect`\n"}}
[debug] [2026-07-20T20:21:31.027Z] E0720 17:21:31.027007   38996 watch.go:40] Failed to load config from "c:\\Users\\vinad\\OneDrive\\Documentos\\Curitiba 360\\dataconnect": could not find dataconnect.yaml in `c:\Users\vinad\OneDrive\Documentos\Curitiba 360\dataconnect`
 {"metadata":{"emulator":{"name":"dataconnect"},"message":"E0720 17:21:31.027007   38996 watch.go:40] Failed to load config from \"c:\\\\Users\\\\vinad\\\\OneDrive\\\\Documentos\\\\Curitiba 360\\\\dataconnect\": could not find dataconnect.yaml in `c:\\Users\\vinad\\OneDrive\\Documentos\\Curitiba 360\\dataconnect`\n"}}
[debug] [2026-07-20T20:21:41.027Z] E0720 17:21:41.026707   38996 watch.go:40] Failed to load config from "c:\\Users\\vinad\\OneDrive\\Documentos\\Curitiba 360\\dataconnect": could not find dataconnect.yaml in `c:\Users\vinad\OneDrive\Documentos\Curitiba 360\dataconnect`
 {"metadata":{"emulator":{"name":"dataconnect"},"message":"E0720 17:21:41.026707   38996 watch.go:40] Failed to load config from \"c:\\\\Users\\\\vinad\\\\OneDrive\\\\Documentos\\\\Curitiba 360\\\\dataconnect\": could not find dataconnect.yaml in `c:\\Users\\vinad\\OneDrive\\Documentos\\Curitiba 360\\dataconnect`\n"}}
[debug] [2026-07-20T20:21:51.027Z] E0720 17:21:51.027185   38996 watch.go:40] Failed to load config from "c:\\Users\\vinad\\OneDrive\\Documentos\\Curitiba 360\\dataconnect": could not find dataconnect.yaml in `c:\Users\vinad\OneDrive\Documentos\Curitiba 360\dataconnect`
 {"metadata":{"emulator":{"name":"dataconnect"},"message":"E0720 17:21:51.027185   38996 watch.go:40] Failed to load config from \"c:\\\\Users\\\\vinad\\\\OneDrive\\\\Documentos\\\\Curitiba 360\\\\dataconnect\": could not find dataconnect.yaml in `c:\\Users\\vinad\\OneDrive\\Documentos\\Curitiba 360\\dataconnect`\n"}}
[debug] [2026-07-20T20:22:01.027Z] E0720 17:22:01.026814   38996 watch.go:40] Failed to load config from "c:\\Users\\vinad\\OneDrive\\Documentos\\Curitiba 360\\dataconnect": could not find dataconnect.yaml in `c:\Users\vinad\OneDrive\Documentos\Curitiba 360\dataconnect`
 {"metadata":{"emulator":{"name":"dataconnect"},"message":"E0720 17:22:01.026814   38996 watch.go:40] Failed to load config from \"c:\\\\Users\\\\vinad\\\\OneDrive\\\\Documentos\\\\Curitiba 360\\\\dataconnect\": could not find dataconnect.yaml in `c:\\Users\\vinad\\OneDrive\\Documentos\\Curitiba 360\\dataconnect`\n"}}
[debug] [2026-07-20T20:22:11.027Z] E0720 17:22:11.026975   38996 watch.go:116] watchAllDir unable to walk dir `c:\Users\vinad\OneDrive\Documentos\Curitiba 360\dataconnect`: GetFileAttributesEx c:\Users\vinad\OneDrive\Documentos\Curitiba 360\dataconnect: The system cannot find the file specified.
 {"metadata":{"emulator":{"name":"dataconnect"},"message":"E0720 17:22:11.026975   38996 watch.go:116] watchAllDir unable to walk dir `c:\\Users\\vinad\\OneDrive\\Documentos\\Curitiba 360\\dataconnect`: GetFileAttributesEx c:\\Users\\vinad\\OneDrive\\Documentos\\Curitiba 360\\dataconnect: The system cannot find the file specified.\n"}}
[debug] [2026-07-20T20:22:11.027Z] E0720 17:22:11.026975   38996 watch.go:40] Failed to load config from "c:\\Users\\vinad\\OneDrive\\Documentos\\Curitiba 360\\dataconnect": could not find dataconnect.yaml in `c:\Users\vinad\OneDrive\Documentos\Curitiba 360\dataconnect`
 {"metadata":{"emulator":{"name":"dataconnect"},"message":"E0720 17:22:11.026975   38996 watch.go:40] Failed to load config from \"c:\\\\Users\\\\vinad\\\\OneDrive\\\\Documentos\\\\Curitiba 360\\\\dataconnect\": could not find dataconnect.yaml in `c:\\Users\\vinad\\OneDrive\\Documentos\\Curitiba 360\\dataconnect`\n"}}
[debug] [2026-07-20T20:22:21.027Z] E0720 17:22:21.026803   38996 watch.go:40] Failed to load config from "c:\\Users\\vinad\\OneDrive\\Documentos\\Curitiba 360\\dataconnect": could not find dataconnect.yaml in `c:\Users\vinad\OneDrive\Documentos\Curitiba 360\dataconnect`
 {"metadata":{"emulator":{"name":"dataconnect"},"message":"E0720 17:22:21.026803   38996 watch.go:40] Failed to load config from \"c:\\\\Users\\\\vinad\\\\OneDrive\\\\Documentos\\\\Curitiba 360\\\\dataconnect\": could not find dataconnect.yaml in `c:\\Users\\vinad\\OneDrive\\Documentos\\Curitiba 360\\dataconnect`\n"}}
[debug] [2026-07-20T20:22:31.027Z] E0720 17:22:31.026853   38996 watch.go:40] Failed to load config from "c:\\Users\\vinad\\OneDrive\\Documentos\\Curitiba 360\\dataconnect": could not find dataconnect.yaml in `c:\Users\vinad\OneDrive\Documentos\Curitiba 360\dataconnect`
 {"metadata":{"emulator":{"name":"dataconnect"},"message":"E0720 17:22:31.026853   38996 watch.go:40] Failed to load config from \"c:\\\\Users\\\\vinad\\\\OneDrive\\\\Documentos\\\\Curitiba 360\\\\dataconnect\": could not find dataconnect.yaml in `c:\\Users\\vinad\\OneDrive\\Documentos\\Curitiba 360\\dataconnect`\n"}}
[debug] [2026-07-20T20:22:41.027Z] E0720 17:22:41.026878   38996 watch.go:40] Failed to load config from "c:\\Users\\vinad\\OneDrive\\Documentos\\Curitiba 360\\dataconnect": could not find dataconnect.yaml in `c:\Users\vinad\OneDrive\Documentos\Curitiba 360\dataconnect`
 {"metadata":{"emulator":{"name":"dataconnect"},"message":"E0720 17:22:41.026878   38996 watch.go:40] Failed to load config from \"c:\\\\Users\\\\vinad\\\\OneDrive\\\\Documentos\\\\Curitiba 360\\\\dataconnect\": could not find dataconnect.yaml in `c:\\Users\\vinad\\OneDrive\\Documentos\\Curitiba 360\\dataconnect`\n"}}
[debug] [2026-07-20T20:22:51.027Z] E0720 17:22:51.026805   38996 watch.go:40] Failed to load config from "c:\\Users\\vinad\\OneDrive\\Documentos\\Curitiba 360\\dataconnect": could not find dataconnect.yaml in `c:\Users\vinad\OneDrive\Documentos\Curitiba 360\dataconnect`
 {"metadata":{"emulator":{"name":"dataconnect"},"message":"E0720 17:22:51.026805   38996 watch.go:40] Failed to load config from \"c:\\\\Users\\\\vinad\\\\OneDrive\\\\Documentos\\\\Curitiba 360\\\\dataconnect\": could not find dataconnect.yaml in `c:\\Users\\vinad\\OneDrive\\Documentos\\Curitiba 360\\dataconnect`\n"}}
[debug] [2026-07-20T20:23:01.027Z] E0720 17:23:01.027039   38996 watch.go:40] Failed to load config from "c:\\Users\\vinad\\OneDrive\\Documentos\\Curitiba 360\\dataconnect": could not find dataconnect.yaml in `c:\Users\vinad\OneDrive\Documentos\Curitiba 360\dataconnect`
 {"metadata":{"emulator":{"name":"dataconnect"},"message":"E0720 17:23:01.027039   38996 watch.go:40] Failed to load config from \"c:\\\\Users\\\\vinad\\\\OneDrive\\\\Documentos\\\\Curitiba 360\\\\dataconnect\": could not find dataconnect.yaml in `c:\\Users\\vinad\\OneDrive\\Documentos\\Curitiba 360\\dataconnect`\n"}}
[debug] [2026-07-20T20:23:11.027Z] E0720 17:23:11.026969   38996 watch.go:116] watchAllDir unable to walk dir `c:\Users\vinad\OneDrive\Documentos\Curitiba 360\dataconnect`: GetFileAttributesEx c:\Users\vinad\OneDrive\Documentos\Curitiba 360\dataconnect: The system cannot find the file specified.
 {"metadata":{"emulator":{"name":"dataconnect"},"message":"E0720 17:23:11.026969   38996 watch.go:116] watchAllDir unable to walk dir `c:\\Users\\vinad\\OneDrive\\Documentos\\Curitiba 360\\dataconnect`: GetFileAttributesEx c:\\Users\\vinad\\OneDrive\\Documentos\\Curitiba 360\\dataconnect: The system cannot find the file specified.\n"}}
[debug] [2026-07-20T20:23:11.027Z] E0720 17:23:11.026969   38996 watch.go:40] Failed to load config from "c:\\Users\\vinad\\OneDrive\\Documentos\\Curitiba 360\\dataconnect": could not find dataconnect.yaml in `c:\Users\vinad\OneDrive\Documentos\Curitiba 360\dataconnect`
 {"metadata":{"emulator":{"name":"dataconnect"},"message":"E0720 17:23:11.026969   38996 watch.go:40] Failed to load config from \"c:\\\\Users\\\\vinad\\\\OneDrive\\\\Documentos\\\\Curitiba 360\\\\dataconnect\": could not find dataconnect.yaml in `c:\\Users\\vinad\\OneDrive\\Documentos\\Curitiba 360\\dataconnect`\n"}}
[debug] [2026-07-20T20:23:21.027Z] E0720 17:23:21.027038   38996 watch.go:40] Failed to load config from "c:\\Users\\vinad\\OneDrive\\Documentos\\Curitiba 360\\dataconnect": could not find dataconnect.yaml in `c:\Users\vinad\OneDrive\Documentos\Curitiba 360\dataconnect`
 {"metadata":{"emulator":{"name":"dataconnect"},"message":"E0720 17:23:21.027038   38996 watch.go:40] Failed to load config from \"c:\\\\Users\\\\vinad\\\\OneDrive\\\\Documentos\\\\Curitiba 360\\\\dataconnect\": could not find dataconnect.yaml in `c:\\Users\\vinad\\OneDrive\\Documentos\\Curitiba 360\\dataconnect`\n"}}
[debug] [2026-07-20T20:23:31.027Z] E0720 17:23:31.026843   38996 watch.go:40] Failed to load config from "c:\\Users\\vinad\\OneDrive\\Documentos\\Curitiba 360\\dataconnect": could not find dataconnect.yaml in `c:\Users\vinad\OneDrive\Documentos\Curitiba 360\dataconnect`
 {"metadata":{"emulator":{"name":"dataconnect"},"message":"E0720 17:23:31.026843   38996 watch.go:40] Failed to load config from \"c:\\\\Users\\\\vinad\\\\OneDrive\\\\Documentos\\\\Curitiba 360\\\\dataconnect\": could not find dataconnect.yaml in `c:\\Users\\vinad\\OneDrive\\Documentos\\Curitiba 360\\dataconnect`\n"}}
[debug] [2026-07-20T20:23:41.027Z] E0720 17:23:41.026834   38996 watch.go:40] Failed to load config from "c:\\Users\\vinad\\OneDrive\\Documentos\\Curitiba 360\\dataconnect": could not find dataconnect.yaml in `c:\Users\vinad\OneDrive\Documentos\Curitiba 360\dataconnect`
 {"metadata":{"emulator":{"name":"dataconnect"},"message":"E0720 17:23:41.026834   38996 watch.go:40] Failed to load config from \"c:\\\\Users\\\\vinad\\\\OneDrive\\\\Documentos\\\\Curitiba 360\\\\dataconnect\": could not find dataconnect.yaml in `c:\\Users\\vinad\\OneDrive\\Documentos\\Curitiba 360\\dataconnect`\n"}}
[debug] [2026-07-20T20:23:51.027Z] E0720 17:23:51.026887   38996 watch.go:40] Failed to load config from "c:\\Users\\vinad\\OneDrive\\Documentos\\Curitiba 360\\dataconnect": could not find dataconnect.yaml in `c:\Users\vinad\OneDrive\Documentos\Curitiba 360\dataconnect`
 {"metadata":{"emulator":{"name":"dataconnect"},"message":"E0720 17:23:51.026887   38996 watch.go:40] Failed to load config from \"c:\\\\Users\\\\vinad\\\\OneDrive\\\\Documentos\\\\Curitiba 360\\\\dataconnect\": could not find dataconnect.yaml in `c:\\Users\\vinad\\OneDrive\\Documentos\\Curitiba 360\\dataconnect`\n"}}
[debug] [2026-07-20T20:24:01.027Z] E0720 17:24:01.027016   38996 watch.go:40] Failed to load config from "c:\\Users\\vinad\\OneDrive\\Documentos\\Curitiba 360\\dataconnect": could not find dataconnect.yaml in `c:\Users\vinad\OneDrive\Documentos\Curitiba 360\dataconnect`
 {"metadata":{"emulator":{"name":"dataconnect"},"message":"E0720 17:24:01.027016   38996 watch.go:40] Failed to load config from \"c:\\\\Users\\\\vinad\\\\OneDrive\\\\Documentos\\\\Curitiba 360\\\\dataconnect\": could not find dataconnect.yaml in `c:\\Users\\vinad\\OneDrive\\Documentos\\Curitiba 360\\dataconnect`\n"}}
[debug] [2026-07-20T20:24:11.027Z] E0720 17:24:11.027148   38996 watch.go:116] watchAllDir unable to walk dir `c:\Users\vinad\OneDrive\Documentos\Curitiba 360\dataconnect`: GetFileAttributesEx c:\Users\vinad\OneDrive\Documentos\Curitiba 360\dataconnect: The system cannot find the file specified.
 {"metadata":{"emulator":{"name":"dataconnect"},"message":"E0720 17:24:11.027148   38996 watch.go:116] watchAllDir unable to walk dir `c:\\Users\\vinad\\OneDrive\\Documentos\\Curitiba 360\\dataconnect`: GetFileAttributesEx c:\\Users\\vinad\\OneDrive\\Documentos\\Curitiba 360\\dataconnect: The system cannot find the file specified.\n"}}
[debug] [2026-07-20T20:24:11.027Z] E0720 17:24:11.027148   38996 watch.go:40] Failed to load config from "c:\\Users\\vinad\\OneDrive\\Documentos\\Curitiba 360\\dataconnect": could not find dataconnect.yaml in `c:\Users\vinad\OneDrive\Documentos\Curitiba 360\dataconnect`
 {"metadata":{"emulator":{"name":"dataconnect"},"message":"E0720 17:24:11.027148   38996 watch.go:40] Failed to load config from \"c:\\\\Users\\\\vinad\\\\OneDrive\\\\Documentos\\\\Curitiba 360\\\\dataconnect\": could not find dataconnect.yaml in `c:\\Users\\vinad\\OneDrive\\Documentos\\Curitiba 360\\dataconnect`\n"}}
[debug] [2026-07-20T20:24:21.027Z] E0720 17:24:21.027291   38996 watch.go:40] Failed to load config from "c:\\Users\\vinad\\OneDrive\\Documentos\\Curitiba 360\\dataconnect": could not find dataconnect.yaml in `c:\Users\vinad\OneDrive\Documentos\Curitiba 360\dataconnect`
 {"metadata":{"emulator":{"name":"dataconnect"},"message":"E0720 17:24:21.027291   38996 watch.go:40] Failed to load config from \"c:\\\\Users\\\\vinad\\\\OneDrive\\\\Documentos\\\\Curitiba 360\\\\dataconnect\": could not find dataconnect.yaml in `c:\\Users\\vinad\\OneDrive\\Documentos\\Curitiba 360\\dataconnect`\n"}}
[debug] [2026-07-20T20:24:31.027Z] E0720 17:24:31.026986   38996 watch.go:40] Failed to load config from "c:\\Users\\vinad\\OneDrive\\Documentos\\Curitiba 360\\dataconnect": could not find dataconnect.yaml in `c:\Users\vinad\OneDrive\Documentos\Curitiba 360\dataconnect`
 {"metadata":{"emulator":{"name":"dataconnect"},"message":"E0720 17:24:31.026986   38996 watch.go:40] Failed to load config from \"c:\\\\Users\\\\vinad\\\\OneDrive\\\\Documentos\\\\Curitiba 360\\\\dataconnect\": could not find dataconnect.yaml in `c:\\Users\\vinad\\OneDrive\\Documentos\\Curitiba 360\\dataconnect`\n"}}
[debug] [2026-07-20T20:24:41.026Z] E0720 17:24:41.027149   38996 watch.go:40] Failed to load config from "c:\\Users\\vinad\\OneDrive\\Documentos\\Curitiba 360\\dataconnect": could not find dataconnect.yaml in `c:\Users\vinad\OneDrive\Documentos\Curitiba 360\dataconnect`
 {"metadata":{"emulator":{"name":"dataconnect"},"message":"E0720 17:24:41.027149   38996 watch.go:40] Failed to load config from \"c:\\\\Users\\\\vinad\\\\OneDrive\\\\Documentos\\\\Curitiba 360\\\\dataconnect\": could not find dataconnect.yaml in `c:\\Users\\vinad\\OneDrive\\Documentos\\Curitiba 360\\dataconnect`\n"}}
[debug] [2026-07-20T20:24:51.027Z] E0720 17:24:51.026856   38996 watch.go:40] Failed to load config from "c:\\Users\\vinad\\OneDrive\\Documentos\\Curitiba 360\\dataconnect": could not find dataconnect.yaml in `c:\Users\vinad\OneDrive\Documentos\Curitiba 360\dataconnect`
 {"metadata":{"emulator":{"name":"dataconnect"},"message":"E0720 17:24:51.026856   38996 watch.go:40] Failed to load config from \"c:\\\\Users\\\\vinad\\\\OneDrive\\\\Documentos\\\\Curitiba 360\\\\dataconnect\": could not find dataconnect.yaml in `c:\\Users\\vinad\\OneDrive\\Documentos\\Curitiba 360\\dataconnect`\n"}}
[debug] [2026-07-20T20:25:01.027Z] E0720 17:25:01.026866   38996 watch.go:40] Failed to load config from "c:\\Users\\vinad\\OneDrive\\Documentos\\Curitiba 360\\dataconnect": could not find dataconnect.yaml in `c:\Users\vinad\OneDrive\Documentos\Curitiba 360\dataconnect`
 {"metadata":{"emulator":{"name":"dataconnect"},"message":"E0720 17:25:01.026866   38996 watch.go:40] Failed to load config from \"c:\\\\Users\\\\vinad\\\\OneDrive\\\\Documentos\\\\Curitiba 360\\\\dataconnect\": could not find dataconnect.yaml in `c:\\Users\\vinad\\OneDrive\\Documentos\\Curitiba 360\\dataconnect`\n"}}
[debug] [2026-07-20T20:25:11.026Z] E0720 17:25:11.026751   38996 watch.go:116] watchAllDir unable to walk dir `c:\Users\vinad\OneDrive\Documentos\Curitiba 360\dataconnect`: GetFileAttributesEx c:\Users\vinad\OneDrive\Documentos\Curitiba 360\dataconnect: The system cannot find the file specified.
 {"metadata":{"emulator":{"name":"dataconnect"},"message":"E0720 17:25:11.026751   38996 watch.go:116] watchAllDir unable to walk dir `c:\\Users\\vinad\\OneDrive\\Documentos\\Curitiba 360\\dataconnect`: GetFileAttributesEx c:\\Users\\vinad\\OneDrive\\Documentos\\Curitiba 360\\dataconnect: The system cannot find the file specified.\n"}}
[debug] [2026-07-20T20:25:11.027Z] E0720 17:25:11.026751   38996 watch.go:40] Failed to load config from "c:\\Users\\vinad\\OneDrive\\Documentos\\Curitiba 360\\dataconnect": could not find dataconnect.yaml in `c:\Users\vinad\OneDrive\Documentos\Curitiba 360\dataconnect`
 {"metadata":{"emulator":{"name":"dataconnect"},"message":"E0720 17:25:11.026751   38996 watch.go:40] Failed to load config from \"c:\\\\Users\\\\vinad\\\\OneDrive\\\\Documentos\\\\Curitiba 360\\\\dataconnect\": could not find dataconnect.yaml in `c:\\Users\\vinad\\OneDrive\\Documentos\\Curitiba 360\\dataconnect`\n"}}
[debug] [2026-07-20T20:25:21.027Z] E0720 17:25:21.027125   38996 watch.go:40] Failed to load config from "c:\\Users\\vinad\\OneDrive\\Documentos\\Curitiba 360\\dataconnect": could not find dataconnect.yaml in `c:\Users\vinad\OneDrive\Documentos\Curitiba 360\dataconnect`
 {"metadata":{"emulator":{"name":"dataconnect"},"message":"E0720 17:25:21.027125   38996 watch.go:40] Failed to load config from \"c:\\\\Users\\\\vinad\\\\OneDrive\\\\Documentos\\\\Curitiba 360\\\\dataconnect\": could not find dataconnect.yaml in `c:\\Users\\vinad\\OneDrive\\Documentos\\Curitiba 360\\dataconnect`\n"}}
[debug] [2026-07-20T20:25:31.027Z] E0720 17:25:31.027128   38996 watch.go:40] Failed to load config from "c:\\Users\\vinad\\OneDrive\\Documentos\\Curitiba 360\\dataconnect": could not find dataconnect.yaml in `c:\Users\vinad\OneDrive\Documentos\Curitiba 360\dataconnect`
 {"metadata":{"emulator":{"name":"dataconnect"},"message":"E0720 17:25:31.027128   38996 watch.go:40] Failed to load config from \"c:\\\\Users\\\\vinad\\\\OneDrive\\\\Documentos\\\\Curitiba 360\\\\dataconnect\": could not find dataconnect.yaml in `c:\\Users\\vinad\\OneDrive\\Documentos\\Curitiba 360\\dataconnect`\n"}}
[debug] [2026-07-20T20:25:41.027Z] E0720 17:25:41.027294   38996 watch.go:40] Failed to load config from "c:\\Users\\vinad\\OneDrive\\Documentos\\Curitiba 360\\dataconnect": could not find dataconnect.yaml in `c:\Users\vinad\OneDrive\Documentos\Curitiba 360\dataconnect`
 {"metadata":{"emulator":{"name":"dataconnect"},"message":"E0720 17:25:41.027294   38996 watch.go:40] Failed to load config from \"c:\\\\Users\\\\vinad\\\\OneDrive\\\\Documentos\\\\Curitiba 360\\\\dataconnect\": could not find dataconnect.yaml in `c:\\Users\\vinad\\OneDrive\\Documentos\\Curitiba 360\\dataconnect`\n"}}
[debug] [2026-07-20T20:25:51.026Z] E0720 17:25:51.027145   38996 watch.go:40] Failed to load config from "c:\\Users\\vinad\\OneDrive\\Documentos\\Curitiba 360\\dataconnect": could not find dataconnect.yaml in `c:\Users\vinad\OneDrive\Documentos\Curitiba 360\dataconnect`
 {"metadata":{"emulator":{"name":"dataconnect"},"message":"E0720 17:25:51.027145   38996 watch.go:40] Failed to load config from \"c:\\\\Users\\\\vinad\\\\OneDrive\\\\Documentos\\\\Curitiba 360\\\\dataconnect\": could not find dataconnect.yaml in `c:\\Users\\vinad\\OneDrive\\Documentos\\Curitiba 360\\dataconnect`\n"}}
[debug] [2026-07-20T20:26:01.026Z] E0720 17:26:01.026823   38996 watch.go:40] Failed to load config from "c:\\Users\\vinad\\OneDrive\\Documentos\\Curitiba 360\\dataconnect": could not find dataconnect.yaml in `c:\Users\vinad\OneDrive\Documentos\Curitiba 360\dataconnect`
 {"metadata":{"emulator":{"name":"dataconnect"},"message":"E0720 17:26:01.026823   38996 watch.go:40] Failed to load config from \"c:\\\\Users\\\\vinad\\\\OneDrive\\\\Documentos\\\\Curitiba 360\\\\dataconnect\": could not find dataconnect.yaml in `c:\\Users\\vinad\\OneDrive\\Documentos\\Curitiba 360\\dataconnect`\n"}}
[debug] [2026-07-20T20:26:11.027Z] E0720 17:26:11.027156   38996 watch.go:116] watchAllDir unable to walk dir `c:\Users\vinad\OneDrive\Documentos\Curitiba 360\dataconnect`: GetFileAttributesEx c:\Users\vinad\OneDrive\Documentos\Curitiba 360\dataconnect: The system cannot find the file specified.
E0720 17:26:11.027156   38996 watch.go:40] Failed to load config from "c:\\Users\\vinad\\OneDrive\\Documentos\\Curitiba 360\\dataconnect": could not find dataconnect.yaml in `c:\Users\vinad\OneDrive\Documentos\Curitiba 360\dataconnect`
 {"metadata":{"emulator":{"name":"dataconnect"},"message":"E0720 17:26:11.027156   38996 watch.go:116] watchAllDir unable to walk dir `c:\\Users\\vinad\\OneDrive\\Documentos\\Curitiba 360\\dataconnect`: GetFileAttributesEx c:\\Users\\vinad\\OneDrive\\Documentos\\Curitiba 360\\dataconnect: The system cannot find the file specified.\nE0720 17:26:11.027156   38996 watch.go:40] Failed to load config from \"c:\\\\Users\\\\vinad\\\\OneDrive\\\\Documentos\\\\Curitiba 360\\\\dataconnect\": could not find dataconnect.yaml in `c:\\Users\\vinad\\OneDrive\\Documentos\\Curitiba 360\\dataconnect`\n"}}
[debug] [2026-07-20T20:26:21.026Z] E0720 17:26:21.026744   38996 watch.go:40] Failed to load config from "c:\\Users\\vinad\\OneDrive\\Documentos\\Curitiba 360\\dataconnect": could not find dataconnect.yaml in `c:\Users\vinad\OneDrive\Documentos\Curitiba 360\dataconnect`
 {"metadata":{"emulator":{"name":"dataconnect"},"message":"E0720 17:26:21.026744   38996 watch.go:40] Failed to load config from \"c:\\\\Users\\\\vinad\\\\OneDrive\\\\Documentos\\\\Curitiba 360\\\\dataconnect\": could not find dataconnect.yaml in `c:\\Users\\vinad\\OneDrive\\Documentos\\Curitiba 360\\dataconnect`\n"}}
[debug] [2026-07-20T20:26:31.026Z] E0720 17:26:31.026754   38996 watch.go:40] Failed to load config from "c:\\Users\\vinad\\OneDrive\\Documentos\\Curitiba 360\\dataconnect": could not find dataconnect.yaml in `c:\Users\vinad\OneDrive\Documentos\Curitiba 360\dataconnect`
 {"metadata":{"emulator":{"name":"dataconnect"},"message":"E0720 17:26:31.026754   38996 watch.go:40] Failed to load config from \"c:\\\\Users\\\\vinad\\\\OneDrive\\\\Documentos\\\\Curitiba 360\\\\dataconnect\": could not find dataconnect.yaml in `c:\\Users\\vinad\\OneDrive\\Documentos\\Curitiba 360\\dataconnect`\n"}}
[debug] [2026-07-20T20:26:41.027Z] E0720 17:26:41.027192   38996 watch.go:40] Failed to load config from "c:\\Users\\vinad\\OneDrive\\Documentos\\Curitiba 360\\dataconnect": could not find dataconnect.yaml in `c:\Users\vinad\OneDrive\Documentos\Curitiba 360\dataconnect`
 {"metadata":{"emulator":{"name":"dataconnect"},"message":"E0720 17:26:41.027192   38996 watch.go:40] Failed to load config from \"c:\\\\Users\\\\vinad\\\\OneDrive\\\\Documentos\\\\Curitiba 360\\\\dataconnect\": could not find dataconnect.yaml in `c:\\Users\\vinad\\OneDrive\\Documentos\\Curitiba 360\\dataconnect`\n"}}
[debug] [2026-07-20T20:26:51.027Z] E0720 17:26:51.027180   38996 watch.go:40] Failed to load config from "c:\\Users\\vinad\\OneDrive\\Documentos\\Curitiba 360\\dataconnect": could not find dataconnect.yaml in `c:\Users\vinad\OneDrive\Documentos\Curitiba 360\dataconnect`
 {"metadata":{"emulator":{"name":"dataconnect"},"message":"E0720 17:26:51.027180   38996 watch.go:40] Failed to load config from \"c:\\\\Users\\\\vinad\\\\OneDrive\\\\Documentos\\\\Curitiba 360\\\\dataconnect\": could not find dataconnect.yaml in `c:\\Users\\vinad\\OneDrive\\Documentos\\Curitiba 360\\dataconnect`\n"}}
[debug] [2026-07-20T20:27:01.027Z] E0720 17:27:01.027143   38996 watch.go:40] Failed to load config from "c:\\Users\\vinad\\OneDrive\\Documentos\\Curitiba 360\\dataconnect": could not find dataconnect.yaml in `c:\Users\vinad\OneDrive\Documentos\Curitiba 360\dataconnect`
 {"metadata":{"emulator":{"name":"dataconnect"},"message":"E0720 17:27:01.027143   38996 watch.go:40] Failed to load config from \"c:\\\\Users\\\\vinad\\\\OneDrive\\\\Documentos\\\\Curitiba 360\\\\dataconnect\": could not find dataconnect.yaml in `c:\\Users\\vinad\\OneDrive\\Documentos\\Curitiba 360\\dataconnect`\n"}}
[debug] [2026-07-20T20:27:11.026Z] E0720 17:27:11.026810   38996 watch.go:116] watchAllDir unable to walk dir `c:\Users\vinad\OneDrive\Documentos\Curitiba 360\dataconnect`: GetFileAttributesEx c:\Users\vinad\OneDrive\Documentos\Curitiba 360\dataconnect: The system cannot find the file specified.
 {"metadata":{"emulator":{"name":"dataconnect"},"message":"E0720 17:27:11.026810   38996 watch.go:116] watchAllDir unable to walk dir `c:\\Users\\vinad\\OneDrive\\Documentos\\Curitiba 360\\dataconnect`: GetFileAttributesEx c:\\Users\\vinad\\OneDrive\\Documentos\\Curitiba 360\\dataconnect: The system cannot find the file specified.\n"}}
[debug] [2026-07-20T20:27:11.027Z] E0720 17:27:11.026810   38996 watch.go:40] Failed to load config from "c:\\Users\\vinad\\OneDrive\\Documentos\\Curitiba 360\\dataconnect": could not find dataconnect.yaml in `c:\Users\vinad\OneDrive\Documentos\Curitiba 360\dataconnect`
 {"metadata":{"emulator":{"name":"dataconnect"},"message":"E0720 17:27:11.026810   38996 watch.go:40] Failed to load config from \"c:\\\\Users\\\\vinad\\\\OneDrive\\\\Documentos\\\\Curitiba 360\\\\dataconnect\": could not find dataconnect.yaml in `c:\\Users\\vinad\\OneDrive\\Documentos\\Curitiba 360\\dataconnect`\n"}}
[debug] [2026-07-20T20:27:21.027Z] E0720 17:27:21.027063   38996 watch.go:40] Failed to load config from "c:\\Users\\vinad\\OneDrive\\Documentos\\Curitiba 360\\dataconnect": could not find dataconnect.yaml in `c:\Users\vinad\OneDrive\Documentos\Curitiba 360\dataconnect`
 {"metadata":{"emulator":{"name":"dataconnect"},"message":"E0720 17:27:21.027063   38996 watch.go:40] Failed to load config from \"c:\\\\Users\\\\vinad\\\\OneDrive\\\\Documentos\\\\Curitiba 360\\\\dataconnect\": could not find dataconnect.yaml in `c:\\Users\\vinad\\OneDrive\\Documentos\\Curitiba 360\\dataconnect`\n"}}
[debug] [2026-07-20T20:27:31.027Z] E0720 17:27:31.026824   38996 watch.go:40] Failed to load config from "c:\\Users\\vinad\\OneDrive\\Documentos\\Curitiba 360\\dataconnect": could not find dataconnect.yaml in `c:\Users\vinad\OneDrive\Documentos\Curitiba 360\dataconnect`
 {"metadata":{"emulator":{"name":"dataconnect"},"message":"E0720 17:27:31.026824   38996 watch.go:40] Failed to load config from \"c:\\\\Users\\\\vinad\\\\OneDrive\\\\Documentos\\\\Curitiba 360\\\\dataconnect\": could not find dataconnect.yaml in `c:\\Users\\vinad\\OneDrive\\Documentos\\Curitiba 360\\dataconnect`\n"}}
[debug] [2026-07-20T20:27:41.027Z] E0720 17:27:41.026857   38996 watch.go:40] Failed to load config from "c:\\Users\\vinad\\OneDrive\\Documentos\\Curitiba 360\\dataconnect": could not find dataconnect.yaml in `c:\Users\vinad\OneDrive\Documentos\Curitiba 360\dataconnect`
 {"metadata":{"emulator":{"name":"dataconnect"},"message":"E0720 17:27:41.026857   38996 watch.go:40] Failed to load config from \"c:\\\\Users\\\\vinad\\\\OneDrive\\\\Documentos\\\\Curitiba 360\\\\dataconnect\": could not find dataconnect.yaml in `c:\\Users\\vinad\\OneDrive\\Documentos\\Curitiba 360\\dataconnect`\n"}}
[debug] [2026-07-20T20:27:51.027Z] E0720 17:27:51.026973   38996 watch.go:40] Failed to load config from "c:\\Users\\vinad\\OneDrive\\Documentos\\Curitiba 360\\dataconnect": could not find dataconnect.yaml in `c:\Users\vinad\OneDrive\Documentos\Curitiba 360\dataconnect`
 {"metadata":{"emulator":{"name":"dataconnect"},"message":"E0720 17:27:51.026973   38996 watch.go:40] Failed to load config from \"c:\\\\Users\\\\vinad\\\\OneDrive\\\\Documentos\\\\Curitiba 360\\\\dataconnect\": could not find dataconnect.yaml in `c:\\Users\\vinad\\OneDrive\\Documentos\\Curitiba 360\\dataconnect`\n"}}
[debug] [2026-07-20T20:28:01.027Z] E0720 17:28:01.026668   38996 watch.go:40] Failed to load config from "c:\\Users\\vinad\\OneDrive\\Documentos\\Curitiba 360\\dataconnect": could not find dataconnect.yaml in `c:\Users\vinad\OneDrive\Documentos\Curitiba 360\dataconnect`
 {"metadata":{"emulator":{"name":"dataconnect"},"message":"E0720 17:28:01.026668   38996 watch.go:40] Failed to load config from \"c:\\\\Users\\\\vinad\\\\OneDrive\\\\Documentos\\\\Curitiba 360\\\\dataconnect\": could not find dataconnect.yaml in `c:\\Users\\vinad\\OneDrive\\Documentos\\Curitiba 360\\dataconnect`\n"}}
[debug] [2026-07-20T20:28:11.027Z] E0720 17:28:11.027139   38996 watch.go:116] watchAllDir unable to walk dir `c:\Users\vinad\OneDrive\Documentos\Curitiba 360\dataconnect`: GetFileAttributesEx c:\Users\vinad\OneDrive\Documentos\Curitiba 360\dataconnect: The system cannot find the file specified.
 {"metadata":{"emulator":{"name":"dataconnect"},"message":"E0720 17:28:11.027139   38996 watch.go:116] watchAllDir unable to walk dir `c:\\Users\\vinad\\OneDrive\\Documentos\\Curitiba 360\\dataconnect`: GetFileAttributesEx c:\\Users\\vinad\\OneDrive\\Documentos\\Curitiba 360\\dataconnect: The system cannot find the file specified.\n"}}
[debug] [2026-07-20T20:28:11.027Z] E0720 17:28:11.027139   38996 watch.go:40] Failed to load config from "c:\\Users\\vinad\\OneDrive\\Documentos\\Curitiba 360\\dataconnect": could not find dataconnect.yaml in `c:\Users\vinad\OneDrive\Documentos\Curitiba 360\dataconnect`
 {"metadata":{"emulator":{"name":"dataconnect"},"message":"E0720 17:28:11.027139   38996 watch.go:40] Failed to load config from \"c:\\\\Users\\\\vinad\\\\OneDrive\\\\Documentos\\\\Curitiba 360\\\\dataconnect\": could not find dataconnect.yaml in `c:\\Users\\vinad\\OneDrive\\Documentos\\Curitiba 360\\dataconnect`\n"}}
[debug] [2026-07-20T20:28:21.027Z] E0720 17:28:21.027265   38996 watch.go:40] Failed to load config from "c:\\Users\\vinad\\OneDrive\\Documentos\\Curitiba 360\\dataconnect": could not find dataconnect.yaml in `c:\Users\vinad\OneDrive\Documentos\Curitiba 360\dataconnect`
 {"metadata":{"emulator":{"name":"dataconnect"},"message":"E0720 17:28:21.027265   38996 watch.go:40] Failed to load config from \"c:\\\\Users\\\\vinad\\\\OneDrive\\\\Documentos\\\\Curitiba 360\\\\dataconnect\": could not find dataconnect.yaml in `c:\\Users\\vinad\\OneDrive\\Documentos\\Curitiba 360\\dataconnect`\n"}}
[debug] [2026-07-20T20:28:31.027Z] E0720 17:28:31.027112   38996 watch.go:40] Failed to load config from "c:\\Users\\vinad\\OneDrive\\Documentos\\Curitiba 360\\dataconnect": could not find dataconnect.yaml in `c:\Users\vinad\OneDrive\Documentos\Curitiba 360\dataconnect`
 {"metadata":{"emulator":{"name":"dataconnect"},"message":"E0720 17:28:31.027112   38996 watch.go:40] Failed to load config from \"c:\\\\Users\\\\vinad\\\\OneDrive\\\\Documentos\\\\Curitiba 360\\\\dataconnect\": could not find dataconnect.yaml in `c:\\Users\\vinad\\OneDrive\\Documentos\\Curitiba 360\\dataconnect`\n"}}
[debug] [2026-07-20T20:28:41.026Z] E0720 17:28:41.026659   38996 watch.go:40] Failed to load config from "c:\\Users\\vinad\\OneDrive\\Documentos\\Curitiba 360\\dataconnect": could not find dataconnect.yaml in `c:\Users\vinad\OneDrive\Documentos\Curitiba 360\dataconnect`
 {"metadata":{"emulator":{"name":"dataconnect"},"message":"E0720 17:28:41.026659   38996 watch.go:40] Failed to load config from \"c:\\\\Users\\\\vinad\\\\OneDrive\\\\Documentos\\\\Curitiba 360\\\\dataconnect\": could not find dataconnect.yaml in `c:\\Users\\vinad\\OneDrive\\Documentos\\Curitiba 360\\dataconnect`\n"}}
[debug] [2026-07-20T20:28:51.026Z] E0720 17:28:51.026718   38996 watch.go:40] Failed to load config from "c:\\Users\\vinad\\OneDrive\\Documentos\\Curitiba 360\\dataconnect": could not find dataconnect.yaml in `c:\Users\vinad\OneDrive\Documentos\Curitiba 360\dataconnect`
 {"metadata":{"emulator":{"name":"dataconnect"},"message":"E0720 17:28:51.026718   38996 watch.go:40] Failed to load config from \"c:\\\\Users\\\\vinad\\\\OneDrive\\\\Documentos\\\\Curitiba 360\\\\dataconnect\": could not find dataconnect.yaml in `c:\\Users\\vinad\\OneDrive\\Documentos\\Curitiba 360\\dataconnect`\n"}}
[debug] [2026-07-20T20:29:01.027Z] E0720 17:29:01.026891   38996 watch.go:40] Failed to load config from "c:\\Users\\vinad\\OneDrive\\Documentos\\Curitiba 360\\dataconnect": could not find dataconnect.yaml in `c:\Users\vinad\OneDrive\Documentos\Curitiba 360\dataconnect`
 {"metadata":{"emulator":{"name":"dataconnect"},"message":"E0720 17:29:01.026891   38996 watch.go:40] Failed to load config from \"c:\\\\Users\\\\vinad\\\\OneDrive\\\\Documentos\\\\Curitiba 360\\\\dataconnect\": could not find dataconnect.yaml in `c:\\Users\\vinad\\OneDrive\\Documentos\\Curitiba 360\\dataconnect`\n"}}
[debug] [2026-07-20T20:29:11.027Z] E0720 17:29:11.026900   38996 watch.go:116] watchAllDir unable to walk dir `c:\Users\vinad\OneDrive\Documentos\Curitiba 360\dataconnect`: GetFileAttributesEx c:\Users\vinad\OneDrive\Documentos\Curitiba 360\dataconnect: The system cannot find the file specified.
 {"metadata":{"emulator":{"name":"dataconnect"},"message":"E0720 17:29:11.026900   38996 watch.go:116] watchAllDir unable to walk dir `c:\\Users\\vinad\\OneDrive\\Documentos\\Curitiba 360\\dataconnect`: GetFileAttributesEx c:\\Users\\vinad\\OneDrive\\Documentos\\Curitiba 360\\dataconnect: The system cannot find the file specified.\n"}}
[debug] [2026-07-20T20:29:11.027Z] E0720 17:29:11.026900   38996 watch.go:40] Failed to load config from "c:\\Users\\vinad\\OneDrive\\Documentos\\Curitiba 360\\dataconnect": could not find dataconnect.yaml in `c:\Users\vinad\OneDrive\Documentos\Curitiba 360\dataconnect`
 {"metadata":{"emulator":{"name":"dataconnect"},"message":"E0720 17:29:11.026900   38996 watch.go:40] Failed to load config from \"c:\\\\Users\\\\vinad\\\\OneDrive\\\\Documentos\\\\Curitiba 360\\\\dataconnect\": could not find dataconnect.yaml in `c:\\Users\\vinad\\OneDrive\\Documentos\\Curitiba 360\\dataconnect`\n"}}
[debug] [2026-07-20T20:29:21.027Z] E0720 17:29:21.026761   38996 watch.go:40] Failed to load config from "c:\\Users\\vinad\\OneDrive\\Documentos\\Curitiba 360\\dataconnect": could not find dataconnect.yaml in `c:\Users\vinad\OneDrive\Documentos\Curitiba 360\dataconnect`
 {"metadata":{"emulator":{"name":"dataconnect"},"message":"E0720 17:29:21.026761   38996 watch.go:40] Failed to load config from \"c:\\\\Users\\\\vinad\\\\OneDrive\\\\Documentos\\\\Curitiba 360\\\\dataconnect\": could not find dataconnect.yaml in `c:\\Users\\vinad\\OneDrive\\Documentos\\Curitiba 360\\dataconnect`\n"}}
[debug] [2026-07-20T20:29:31.027Z] E0720 17:29:31.027346   38996 watch.go:40] Failed to load config from "c:\\Users\\vinad\\OneDrive\\Documentos\\Curitiba 360\\dataconnect": could not find dataconnect.yaml in `c:\Users\vinad\OneDrive\Documentos\Curitiba 360\dataconnect`
 {"metadata":{"emulator":{"name":"dataconnect"},"message":"E0720 17:29:31.027346   38996 watch.go:40] Failed to load config from \"c:\\\\Users\\\\vinad\\\\OneDrive\\\\Documentos\\\\Curitiba 360\\\\dataconnect\": could not find dataconnect.yaml in `c:\\Users\\vinad\\OneDrive\\Documentos\\Curitiba 360\\dataconnect`\n"}}
[debug] [2026-07-20T20:29:41.027Z] E0720 17:29:41.027097   38996 watch.go:40] Failed to load config from "c:\\Users\\vinad\\OneDrive\\Documentos\\Curitiba 360\\dataconnect": could not find dataconnect.yaml in `c:\Users\vinad\OneDrive\Documentos\Curitiba 360\dataconnect`
 {"metadata":{"emulator":{"name":"dataconnect"},"message":"E0720 17:29:41.027097   38996 watch.go:40] Failed to load config from \"c:\\\\Users\\\\vinad\\\\OneDrive\\\\Documentos\\\\Curitiba 360\\\\dataconnect\": could not find dataconnect.yaml in `c:\\Users\\vinad\\OneDrive\\Documentos\\Curitiba 360\\dataconnect`\n"}}
[debug] [2026-07-20T20:29:51.027Z] E0720 17:29:51.026860   38996 watch.go:40] Failed to load config from "c:\\Users\\vinad\\OneDrive\\Documentos\\Curitiba 360\\dataconnect": could not find dataconnect.yaml in `c:\Users\vinad\OneDrive\Documentos\Curitiba 360\dataconnect`
 {"metadata":{"emulator":{"name":"dataconnect"},"message":"E0720 17:29:51.026860   38996 watch.go:40] Failed to load config from \"c:\\\\Users\\\\vinad\\\\OneDrive\\\\Documentos\\\\Curitiba 360\\\\dataconnect\": could not find dataconnect.yaml in `c:\\Users\\vinad\\OneDrive\\Documentos\\Curitiba 360\\dataconnect`\n"}}
[debug] [2026-07-20T20:30:01.027Z] E0720 17:30:01.027169   38996 watch.go:40] Failed to load config from "c:\\Users\\vinad\\OneDrive\\Documentos\\Curitiba 360\\dataconnect": could not find dataconnect.yaml in `c:\Users\vinad\OneDrive\Documentos\Curitiba 360\dataconnect`
 {"metadata":{"emulator":{"name":"dataconnect"},"message":"E0720 17:30:01.027169   38996 watch.go:40] Failed to load config from \"c:\\\\Users\\\\vinad\\\\OneDrive\\\\Documentos\\\\Curitiba 360\\\\dataconnect\": could not find dataconnect.yaml in `c:\\Users\\vinad\\OneDrive\\Documentos\\Curitiba 360\\dataconnect`\n"}}
[debug] [2026-07-20T20:30:11.027Z] E0720 17:30:11.026977   38996 watch.go:116] watchAllDir unable to walk dir `c:\Users\vinad\OneDrive\Documentos\Curitiba 360\dataconnect`: GetFileAttributesEx c:\Users\vinad\OneDrive\Documentos\Curitiba 360\dataconnect: The system cannot find the file specified.
 {"metadata":{"emulator":{"name":"dataconnect"},"message":"E0720 17:30:11.026977   38996 watch.go:116] watchAllDir unable to walk dir `c:\\Users\\vinad\\OneDrive\\Documentos\\Curitiba 360\\dataconnect`: GetFileAttributesEx c:\\Users\\vinad\\OneDrive\\Documentos\\Curitiba 360\\dataconnect: The system cannot find the file specified.\n"}}
[debug] [2026-07-20T20:30:11.027Z] E0720 17:30:11.026977   38996 watch.go:40] Failed to load config from "c:\\Users\\vinad\\OneDrive\\Documentos\\Curitiba 360\\dataconnect": could not find dataconnect.yaml in `c:\Users\vinad\OneDrive\Documentos\Curitiba 360\dataconnect`
 {"metadata":{"emulator":{"name":"dataconnect"},"message":"E0720 17:30:11.026977   38996 watch.go:40] Failed to load config from \"c:\\\\Users\\\\vinad\\\\OneDrive\\\\Documentos\\\\Curitiba 360\\\\dataconnect\": could not find dataconnect.yaml in `c:\\Users\\vinad\\OneDrive\\Documentos\\Curitiba 360\\dataconnect`\n"}}
[debug] [2026-07-20T20:30:21.027Z] E0720 17:30:21.026917   38996 watch.go:40] Failed to load config from "c:\\Users\\vinad\\OneDrive\\Documentos\\Curitiba 360\\dataconnect": could not find dataconnect.yaml in `c:\Users\vinad\OneDrive\Documentos\Curitiba 360\dataconnect`
 {"metadata":{"emulator":{"name":"dataconnect"},"message":"E0720 17:30:21.026917   38996 watch.go:40] Failed to load config from \"c:\\\\Users\\\\vinad\\\\OneDrive\\\\Documentos\\\\Curitiba 360\\\\dataconnect\": could not find dataconnect.yaml in `c:\\Users\\vinad\\OneDrive\\Documentos\\Curitiba 360\\dataconnect`\n"}}
[debug] [2026-07-20T20:30:31.027Z] E0720 17:30:31.027003   38996 watch.go:40] Failed to load config from "c:\\Users\\vinad\\OneDrive\\Documentos\\Curitiba 360\\dataconnect": could not find dataconnect.yaml in `c:\Users\vinad\OneDrive\Documentos\Curitiba 360\dataconnect`
 {"metadata":{"emulator":{"name":"dataconnect"},"message":"E0720 17:30:31.027003   38996 watch.go:40] Failed to load config from \"c:\\\\Users\\\\vinad\\\\OneDrive\\\\Documentos\\\\Curitiba 360\\\\dataconnect\": could not find dataconnect.yaml in `c:\\Users\\vinad\\OneDrive\\Documentos\\Curitiba 360\\dataconnect`\n"}}
[debug] [2026-07-20T20:30:41.027Z] E0720 17:30:41.027135   38996 watch.go:40] Failed to load config from "c:\\Users\\vinad\\OneDrive\\Documentos\\Curitiba 360\\dataconnect": could not find dataconnect.yaml in `c:\Users\vinad\OneDrive\Documentos\Curitiba 360\dataconnect`
 {"metadata":{"emulator":{"name":"dataconnect"},"message":"E0720 17:30:41.027135   38996 watch.go:40] Failed to load config from \"c:\\\\Users\\\\vinad\\\\OneDrive\\\\Documentos\\\\Curitiba 360\\\\dataconnect\": could not find dataconnect.yaml in `c:\\Users\\vinad\\OneDrive\\Documentos\\Curitiba 360\\dataconnect`\n"}}
[debug] [2026-07-20T20:30:51.027Z] E0720 17:30:51.027537   38996 watch.go:40] Failed to load config from "c:\\Users\\vinad\\OneDrive\\Documentos\\Curitiba 360\\dataconnect": could not find dataconnect.yaml in `c:\Users\vinad\OneDrive\Documentos\Curitiba 360\dataconnect`
 {"metadata":{"emulator":{"name":"dataconnect"},"message":"E0720 17:30:51.027537   38996 watch.go:40] Failed to load config from \"c:\\\\Users\\\\vinad\\\\OneDrive\\\\Documentos\\\\Curitiba 360\\\\dataconnect\": could not find dataconnect.yaml in `c:\\Users\\vinad\\OneDrive\\Documentos\\Curitiba 360\\dataconnect`\n"}}
[debug] [2026-07-20T20:31:01.027Z] E0720 17:31:01.026827   38996 watch.go:40] Failed to load config from "c:\\Users\\vinad\\OneDrive\\Documentos\\Curitiba 360\\dataconnect": could not find dataconnect.yaml in `c:\Users\vinad\OneDrive\Documentos\Curitiba 360\dataconnect`
 {"metadata":{"emulator":{"name":"dataconnect"},"message":"E0720 17:31:01.026827   38996 watch.go:40] Failed to load config from \"c:\\\\Users\\\\vinad\\\\OneDrive\\\\Documentos\\\\Curitiba 360\\\\dataconnect\": could not find dataconnect.yaml in `c:\\Users\\vinad\\OneDrive\\Documentos\\Curitiba 360\\dataconnect`\n"}}
[debug] [2026-07-20T20:31:11.027Z] E0720 17:31:11.027033   38996 watch.go:116] watchAllDir unable to walk dir `c:\Users\vinad\OneDrive\Documentos\Curitiba 360\dataconnect`: GetFileAttributesEx c:\Users\vinad\OneDrive\Documentos\Curitiba 360\dataconnect: The system cannot find the file specified.
 {"metadata":{"emulator":{"name":"dataconnect"},"message":"E0720 17:31:11.027033   38996 watch.go:116] watchAllDir unable to walk dir `c:\\Users\\vinad\\OneDrive\\Documentos\\Curitiba 360\\dataconnect`: GetFileAttributesEx c:\\Users\\vinad\\OneDrive\\Documentos\\Curitiba 360\\dataconnect: The system cannot find the file specified.\n"}}
[debug] [2026-07-20T20:31:11.027Z] E0720 17:31:11.027033   38996 watch.go:40] Failed to load config from "c:\\Users\\vinad\\OneDrive\\Documentos\\Curitiba 360\\dataconnect": could not find dataconnect.yaml in `c:\Users\vinad\OneDrive\Documentos\Curitiba 360\dataconnect`
 {"metadata":{"emulator":{"name":"dataconnect"},"message":"E0720 17:31:11.027033   38996 watch.go:40] Failed to load config from \"c:\\\\Users\\\\vinad\\\\OneDrive\\\\Documentos\\\\Curitiba 360\\\\dataconnect\": could not find dataconnect.yaml in `c:\\Users\\vinad\\OneDrive\\Documentos\\Curitiba 360\\dataconnect`\n"}}
[debug] [2026-07-20T20:31:21.027Z] E0720 17:31:21.026812   38996 watch.go:40] Failed to load config from "c:\\Users\\vinad\\OneDrive\\Documentos\\Curitiba 360\\dataconnect": could not find dataconnect.yaml in `c:\Users\vinad\OneDrive\Documentos\Curitiba 360\dataconnect`
 {"metadata":{"emulator":{"name":"dataconnect"},"message":"E0720 17:31:21.026812   38996 watch.go:40] Failed to load config from \"c:\\\\Users\\\\vinad\\\\OneDrive\\\\Documentos\\\\Curitiba 360\\\\dataconnect\": could not find dataconnect.yaml in `c:\\Users\\vinad\\OneDrive\\Documentos\\Curitiba 360\\dataconnect`\n"}}
[debug] [2026-07-20T20:31:31.027Z] E0720 17:31:31.026978   38996 watch.go:40] Failed to load config from "c:\\Users\\vinad\\OneDrive\\Documentos\\Curitiba 360\\dataconnect": could not find dataconnect.yaml in `c:\Users\vinad\OneDrive\Documentos\Curitiba 360\dataconnect`
 {"metadata":{"emulator":{"name":"dataconnect"},"message":"E0720 17:31:31.026978   38996 watch.go:40] Failed to load config from \"c:\\\\Users\\\\vinad\\\\OneDrive\\\\Documentos\\\\Curitiba 360\\\\dataconnect\": could not find dataconnect.yaml in `c:\\Users\\vinad\\OneDrive\\Documentos\\Curitiba 360\\dataconnect`\n"}}
[debug] [2026-07-20T20:31:41.027Z] E0720 17:31:41.027053   38996 watch.go:40] Failed to load config from "c:\\Users\\vinad\\OneDrive\\Documentos\\Curitiba 360\\dataconnect": could not find dataconnect.yaml in `c:\Users\vinad\OneDrive\Documentos\Curitiba 360\dataconnect`
 {"metadata":{"emulator":{"name":"dataconnect"},"message":"E0720 17:31:41.027053   38996 watch.go:40] Failed to load config from \"c:\\\\Users\\\\vinad\\\\OneDrive\\\\Documentos\\\\Curitiba 360\\\\dataconnect\": could not find dataconnect.yaml in `c:\\Users\\vinad\\OneDrive\\Documentos\\Curitiba 360\\dataconnect`\n"}}
[debug] [2026-07-20T20:31:51.027Z] E0720 17:31:51.026972   38996 watch.go:40] Failed to load config from "c:\\Users\\vinad\\OneDrive\\Documentos\\Curitiba 360\\dataconnect": could not find dataconnect.yaml in `c:\Users\vinad\OneDrive\Documentos\Curitiba 360\dataconnect`
 {"metadata":{"emulator":{"name":"dataconnect"},"message":"E0720 17:31:51.026972   38996 watch.go:40] Failed to load config from \"c:\\\\Users\\\\vinad\\\\OneDrive\\\\Documentos\\\\Curitiba 360\\\\dataconnect\": could not find dataconnect.yaml in `c:\\Users\\vinad\\OneDrive\\Documentos\\Curitiba 360\\dataconnect`\n"}}
[debug] [2026-07-20T20:32:01.027Z] E0720 17:32:01.027378   38996 watch.go:40] Failed to load config from "c:\\Users\\vinad\\OneDrive\\Documentos\\Curitiba 360\\dataconnect": could not find dataconnect.yaml in `c:\Users\vinad\OneDrive\Documentos\Curitiba 360\dataconnect`
 {"metadata":{"emulator":{"name":"dataconnect"},"message":"E0720 17:32:01.027378   38996 watch.go:40] Failed to load config from \"c:\\\\Users\\\\vinad\\\\OneDrive\\\\Documentos\\\\Curitiba 360\\\\dataconnect\": could not find dataconnect.yaml in `c:\\Users\\vinad\\OneDrive\\Documentos\\Curitiba 360\\dataconnect`\n"}}
[debug] [2026-07-20T20:32:11.027Z] E0720 17:32:11.026965   38996 watch.go:116] watchAllDir unable to walk dir `c:\Users\vinad\OneDrive\Documentos\Curitiba 360\dataconnect`: GetFileAttributesEx c:\Users\vinad\OneDrive\Documentos\Curitiba 360\dataconnect: The system cannot find the file specified.
E0720 17:32:11.027287   38996 watch.go:40] Failed to load config from "c:\\Users\\vinad\\OneDrive\\Documentos\\Curitiba 360\\dataconnect": could not find dataconnect.yaml in `c:\Users\vinad\OneDrive\Documentos\Curitiba 360\dataconnect`
 {"metadata":{"emulator":{"name":"dataconnect"},"message":"E0720 17:32:11.026965   38996 watch.go:116] watchAllDir unable to walk dir `c:\\Users\\vinad\\OneDrive\\Documentos\\Curitiba 360\\dataconnect`: GetFileAttributesEx c:\\Users\\vinad\\OneDrive\\Documentos\\Curitiba 360\\dataconnect: The system cannot find the file specified.\nE0720 17:32:11.027287   38996 watch.go:40] Failed to load config from \"c:\\\\Users\\\\vinad\\\\OneDrive\\\\Documentos\\\\Curitiba 360\\\\dataconnect\": could not find dataconnect.yaml in `c:\\Users\\vinad\\OneDrive\\Documentos\\Curitiba 360\\dataconnect`\n"}}
[debug] [2026-07-20T20:32:21.027Z] E0720 17:32:21.027266   38996 watch.go:40] Failed to load config from "c:\\Users\\vinad\\OneDrive\\Documentos\\Curitiba 360\\dataconnect": could not find dataconnect.yaml in `c:\Users\vinad\OneDrive\Documentos\Curitiba 360\dataconnect`
 {"metadata":{"emulator":{"name":"dataconnect"},"message":"E0720 17:32:21.027266   38996 watch.go:40] Failed to load config from \"c:\\\\Users\\\\vinad\\\\OneDrive\\\\Documentos\\\\Curitiba 360\\\\dataconnect\": could not find dataconnect.yaml in `c:\\Users\\vinad\\OneDrive\\Documentos\\Curitiba 360\\dataconnect`\n"}}
[debug] [2026-07-20T20:32:31.027Z] E0720 17:32:31.027180   38996 watch.go:40] Failed to load config from "c:\\Users\\vinad\\OneDrive\\Documentos\\Curitiba 360\\dataconnect": could not find dataconnect.yaml in `c:\Users\vinad\OneDrive\Documentos\Curitiba 360\dataconnect`
 {"metadata":{"emulator":{"name":"dataconnect"},"message":"E0720 17:32:31.027180   38996 watch.go:40] Failed to load config from \"c:\\\\Users\\\\vinad\\\\OneDrive\\\\Documentos\\\\Curitiba 360\\\\dataconnect\": could not find dataconnect.yaml in `c:\\Users\\vinad\\OneDrive\\Documentos\\Curitiba 360\\dataconnect`\n"}}
[debug] [2026-07-20T20:32:41.027Z] E0720 17:32:41.026742   38996 watch.go:40] Failed to load config from "c:\\Users\\vinad\\OneDrive\\Documentos\\Curitiba 360\\dataconnect": could not find dataconnect.yaml in `c:\Users\vinad\OneDrive\Documentos\Curitiba 360\dataconnect`
 {"metadata":{"emulator":{"name":"dataconnect"},"message":"E0720 17:32:41.026742   38996 watch.go:40] Failed to load config from \"c:\\\\Users\\\\vinad\\\\OneDrive\\\\Documentos\\\\Curitiba 360\\\\dataconnect\": could not find dataconnect.yaml in `c:\\Users\\vinad\\OneDrive\\Documentos\\Curitiba 360\\dataconnect`\n"}}
[debug] [2026-07-20T20:32:51.027Z] E0720 17:32:51.026690   38996 watch.go:40] Failed to load config from "c:\\Users\\vinad\\OneDrive\\Documentos\\Curitiba 360\\dataconnect": could not find dataconnect.yaml in `c:\Users\vinad\OneDrive\Documentos\Curitiba 360\dataconnect`
 {"metadata":{"emulator":{"name":"dataconnect"},"message":"E0720 17:32:51.026690   38996 watch.go:40] Failed to load config from \"c:\\\\Users\\\\vinad\\\\OneDrive\\\\Documentos\\\\Curitiba 360\\\\dataconnect\": could not find dataconnect.yaml in `c:\\Users\\vinad\\OneDrive\\Documentos\\Curitiba 360\\dataconnect`\n"}}
[debug] [2026-07-20T20:33:01.027Z] E0720 17:33:01.026706   38996 watch.go:40] Failed to load config from "c:\\Users\\vinad\\OneDrive\\Documentos\\Curitiba 360\\dataconnect": could not find dataconnect.yaml in `c:\Users\vinad\OneDrive\Documentos\Curitiba 360\dataconnect`
 {"metadata":{"emulator":{"name":"dataconnect"},"message":"E0720 17:33:01.026706   38996 watch.go:40] Failed to load config from \"c:\\\\Users\\\\vinad\\\\OneDrive\\\\Documentos\\\\Curitiba 360\\\\dataconnect\": could not find dataconnect.yaml in `c:\\Users\\vinad\\OneDrive\\Documentos\\Curitiba 360\\dataconnect`\n"}}
[debug] [2026-07-20T20:33:11.026Z] E0720 17:33:11.026833   38996 watch.go:116] watchAllDir unable to walk dir `c:\Users\vinad\OneDrive\Documentos\Curitiba 360\dataconnect`: GetFileAttributesEx c:\Users\vinad\OneDrive\Documentos\Curitiba 360\dataconnect: The system cannot find the file specified.
 {"metadata":{"emulator":{"name":"dataconnect"},"message":"E0720 17:33:11.026833   38996 watch.go:116] watchAllDir unable to walk dir `c:\\Users\\vinad\\OneDrive\\Documentos\\Curitiba 360\\dataconnect`: GetFileAttributesEx c:\\Users\\vinad\\OneDrive\\Documentos\\Curitiba 360\\dataconnect: The system cannot find the file specified.\n"}}
[debug] [2026-07-20T20:33:11.027Z] E0720 17:33:11.026833   38996 watch.go:40] Failed to load config from "c:\\Users\\vinad\\OneDrive\\Documentos\\Curitiba 360\\dataconnect": could not find dataconnect.yaml in `c:\Users\vinad\OneDrive\Documentos\Curitiba 360\dataconnect`
 {"metadata":{"emulator":{"name":"dataconnect"},"message":"E0720 17:33:11.026833   38996 watch.go:40] Failed to load config from \"c:\\\\Users\\\\vinad\\\\OneDrive\\\\Documentos\\\\Curitiba 360\\\\dataconnect\": could not find dataconnect.yaml in `c:\\Users\\vinad\\OneDrive\\Documentos\\Curitiba 360\\dataconnect`\n"}}
[debug] [2026-07-20T20:33:21.027Z] E0720 17:33:21.026970   38996 watch.go:40] Failed to load config from "c:\\Users\\vinad\\OneDrive\\Documentos\\Curitiba 360\\dataconnect": could not find dataconnect.yaml in `c:\Users\vinad\OneDrive\Documentos\Curitiba 360\dataconnect`
 {"metadata":{"emulator":{"name":"dataconnect"},"message":"E0720 17:33:21.026970   38996 watch.go:40] Failed to load config from \"c:\\\\Users\\\\vinad\\\\OneDrive\\\\Documentos\\\\Curitiba 360\\\\dataconnect\": could not find dataconnect.yaml in `c:\\Users\\vinad\\OneDrive\\Documentos\\Curitiba 360\\dataconnect`\n"}}
[debug] [2026-07-20T20:33:31.026Z] E0720 17:33:31.026770   38996 watch.go:40] Failed to load config from "c:\\Users\\vinad\\OneDrive\\Documentos\\Curitiba 360\\dataconnect": could not find dataconnect.yaml in `c:\Users\vinad\OneDrive\Documentos\Curitiba 360\dataconnect`
 {"metadata":{"emulator":{"name":"dataconnect"},"message":"E0720 17:33:31.026770   38996 watch.go:40] Failed to load config from \"c:\\\\Users\\\\vinad\\\\OneDrive\\\\Documentos\\\\Curitiba 360\\\\dataconnect\": could not find dataconnect.yaml in `c:\\Users\\vinad\\OneDrive\\Documentos\\Curitiba 360\\dataconnect`\n"}}
[debug] [2026-07-20T20:33:41.026Z] E0720 17:33:41.026756   38996 watch.go:40] Failed to load config from "c:\\Users\\vinad\\OneDrive\\Documentos\\Curitiba 360\\dataconnect": could not find dataconnect.yaml in `c:\Users\vinad\OneDrive\Documentos\Curitiba 360\dataconnect`
 {"metadata":{"emulator":{"name":"dataconnect"},"message":"E0720 17:33:41.026756   38996 watch.go:40] Failed to load config from \"c:\\\\Users\\\\vinad\\\\OneDrive\\\\Documentos\\\\Curitiba 360\\\\dataconnect\": could not find dataconnect.yaml in `c:\\Users\\vinad\\OneDrive\\Documentos\\Curitiba 360\\dataconnect`\n"}}
[debug] [2026-07-20T20:33:51.027Z] E0720 17:33:51.026803   38996 watch.go:40] Failed to load config from "c:\\Users\\vinad\\OneDrive\\Documentos\\Curitiba 360\\dataconnect": could not find dataconnect.yaml in `c:\Users\vinad\OneDrive\Documentos\Curitiba 360\dataconnect`
 {"metadata":{"emulator":{"name":"dataconnect"},"message":"E0720 17:33:51.026803   38996 watch.go:40] Failed to load config from \"c:\\\\Users\\\\vinad\\\\OneDrive\\\\Documentos\\\\Curitiba 360\\\\dataconnect\": could not find dataconnect.yaml in `c:\\Users\\vinad\\OneDrive\\Documentos\\Curitiba 360\\dataconnect`\n"}}
[debug] [2026-07-20T20:34:01.027Z] E0720 17:34:01.027334   38996 watch.go:40] Failed to load config from "c:\\Users\\vinad\\OneDrive\\Documentos\\Curitiba 360\\dataconnect": could not find dataconnect.yaml in `c:\Users\vinad\OneDrive\Documentos\Curitiba 360\dataconnect`
 {"metadata":{"emulator":{"name":"dataconnect"},"message":"E0720 17:34:01.027334   38996 watch.go:40] Failed to load config from \"c:\\\\Users\\\\vinad\\\\OneDrive\\\\Documentos\\\\Curitiba 360\\\\dataconnect\": could not find dataconnect.yaml in `c:\\Users\\vinad\\OneDrive\\Documentos\\Curitiba 360\\dataconnect`\n"}}
[debug] [2026-07-20T20:34:11.026Z] E0720 17:34:11.026767   38996 watch.go:116] watchAllDir unable to walk dir `c:\Users\vinad\OneDrive\Documentos\Curitiba 360\dataconnect`: GetFileAttributesEx c:\Users\vinad\OneDrive\Documentos\Curitiba 360\dataconnect: The system cannot find the file specified.
 {"metadata":{"emulator":{"name":"dataconnect"},"message":"E0720 17:34:11.026767   38996 watch.go:116] watchAllDir unable to walk dir `c:\\Users\\vinad\\OneDrive\\Documentos\\Curitiba 360\\dataconnect`: GetFileAttributesEx c:\\Users\\vinad\\OneDrive\\Documentos\\Curitiba 360\\dataconnect: The system cannot find the file specified.\n"}}
[debug] [2026-07-20T20:34:11.027Z] E0720 17:34:11.026767   38996 watch.go:40] Failed to load config from "c:\\Users\\vinad\\OneDrive\\Documentos\\Curitiba 360\\dataconnect": could not find dataconnect.yaml in `c:\Users\vinad\OneDrive\Documentos\Curitiba 360\dataconnect`
 {"metadata":{"emulator":{"name":"dataconnect"},"message":"E0720 17:34:11.026767   38996 watch.go:40] Failed to load config from \"c:\\\\Users\\\\vinad\\\\OneDrive\\\\Documentos\\\\Curitiba 360\\\\dataconnect\": could not find dataconnect.yaml in `c:\\Users\\vinad\\OneDrive\\Documentos\\Curitiba 360\\dataconnect`\n"}}
[debug] [2026-07-20T20:34:21.027Z] E0720 17:34:21.027039   38996 watch.go:40] Failed to load config from "c:\\Users\\vinad\\OneDrive\\Documentos\\Curitiba 360\\dataconnect": could not find dataconnect.yaml in `c:\Users\vinad\OneDrive\Documentos\Curitiba 360\dataconnect`
 {"metadata":{"emulator":{"name":"dataconnect"},"message":"E0720 17:34:21.027039   38996 watch.go:40] Failed to load config from \"c:\\\\Users\\\\vinad\\\\OneDrive\\\\Documentos\\\\Curitiba 360\\\\dataconnect\": could not find dataconnect.yaml in `c:\\Users\\vinad\\OneDrive\\Documentos\\Curitiba 360\\dataconnect`\n"}}
[debug] [2026-07-20T20:34:31.027Z] E0720 17:34:31.027157   38996 watch.go:40] Failed to load config from "c:\\Users\\vinad\\OneDrive\\Documentos\\Curitiba 360\\dataconnect": could not find dataconnect.yaml in `c:\Users\vinad\OneDrive\Documentos\Curitiba 360\dataconnect`
 {"metadata":{"emulator":{"name":"dataconnect"},"message":"E0720 17:34:31.027157   38996 watch.go:40] Failed to load config from \"c:\\\\Users\\\\vinad\\\\OneDrive\\\\Documentos\\\\Curitiba 360\\\\dataconnect\": could not find dataconnect.yaml in `c:\\Users\\vinad\\OneDrive\\Documentos\\Curitiba 360\\dataconnect`\n"}}
[debug] [2026-07-20T20:34:41.027Z] E0720 17:34:41.026906   38996 watch.go:40] Failed to load config from "c:\\Users\\vinad\\OneDrive\\Documentos\\Curitiba 360\\dataconnect": could not find dataconnect.yaml in `c:\Users\vinad\OneDrive\Documentos\Curitiba 360\dataconnect`
 {"metadata":{"emulator":{"name":"dataconnect"},"message":"E0720 17:34:41.026906   38996 watch.go:40] Failed to load config from \"c:\\\\Users\\\\vinad\\\\OneDrive\\\\Documentos\\\\Curitiba 360\\\\dataconnect\": could not find dataconnect.yaml in `c:\\Users\\vinad\\OneDrive\\Documentos\\Curitiba 360\\dataconnect`\n"}}
[debug] [2026-07-20T20:34:51.027Z] E0720 17:34:51.027072   38996 watch.go:40] Failed to load config from "c:\\Users\\vinad\\OneDrive\\Documentos\\Curitiba 360\\dataconnect": could not find dataconnect.yaml in `c:\Users\vinad\OneDrive\Documentos\Curitiba 360\dataconnect`
 {"metadata":{"emulator":{"name":"dataconnect"},"message":"E0720 17:34:51.027072   38996 watch.go:40] Failed to load config from \"c:\\\\Users\\\\vinad\\\\OneDrive\\\\Documentos\\\\Curitiba 360\\\\dataconnect\": could not find dataconnect.yaml in `c:\\Users\\vinad\\OneDrive\\Documentos\\Curitiba 360\\dataconnect`\n"}}
[debug] [2026-07-20T20:35:01.026Z] E0720 17:35:01.026857   38996 watch.go:40] Failed to load config from "c:\\Users\\vinad\\OneDrive\\Documentos\\Curitiba 360\\dataconnect": could not find dataconnect.yaml in `c:\Users\vinad\OneDrive\Documentos\Curitiba 360\dataconnect`
 {"metadata":{"emulator":{"name":"dataconnect"},"message":"E0720 17:35:01.026857   38996 watch.go:40] Failed to load config from \"c:\\\\Users\\\\vinad\\\\OneDrive\\\\Documentos\\\\Curitiba 360\\\\dataconnect\": could not find dataconnect.yaml in `c:\\Users\\vinad\\OneDrive\\Documentos\\Curitiba 360\\dataconnect`\n"}}
[debug] [2026-07-20T20:35:11.027Z] E0720 17:35:11.027032   38996 watch.go:116] watchAllDir unable to walk dir `c:\Users\vinad\OneDrive\Documentos\Curitiba 360\dataconnect`: GetFileAttributesEx c:\Users\vinad\OneDrive\Documentos\Curitiba 360\dataconnect: The system cannot find the file specified.
 {"metadata":{"emulator":{"name":"dataconnect"},"message":"E0720 17:35:11.027032   38996 watch.go:116] watchAllDir unable to walk dir `c:\\Users\\vinad\\OneDrive\\Documentos\\Curitiba 360\\dataconnect`: GetFileAttributesEx c:\\Users\\vinad\\OneDrive\\Documentos\\Curitiba 360\\dataconnect: The system cannot find the file specified.\n"}}
[debug] [2026-07-20T20:35:11.027Z] E0720 17:35:11.027032   38996 watch.go:40] Failed to load config from "c:\\Users\\vinad\\OneDrive\\Documentos\\Curitiba 360\\dataconnect": could not find dataconnect.yaml in `c:\Users\vinad\OneDrive\Documentos\Curitiba 360\dataconnect`
 {"metadata":{"emulator":{"name":"dataconnect"},"message":"E0720 17:35:11.027032   38996 watch.go:40] Failed to load config from \"c:\\\\Users\\\\vinad\\\\OneDrive\\\\Documentos\\\\Curitiba 360\\\\dataconnect\": could not find dataconnect.yaml in `c:\\Users\\vinad\\OneDrive\\Documentos\\Curitiba 360\\dataconnect`\n"}}
[debug] [2026-07-20T20:35:21.027Z] E0720 17:35:21.027186   38996 watch.go:40] Failed to load config from "c:\\Users\\vinad\\OneDrive\\Documentos\\Curitiba 360\\dataconnect": could not find dataconnect.yaml in `c:\Users\vinad\OneDrive\Documentos\Curitiba 360\dataconnect`
 {"metadata":{"emulator":{"name":"dataconnect"},"message":"E0720 17:35:21.027186   38996 watch.go:40] Failed to load config from \"c:\\\\Users\\\\vinad\\\\OneDrive\\\\Documentos\\\\Curitiba 360\\\\dataconnect\": could not find dataconnect.yaml in `c:\\Users\\vinad\\OneDrive\\Documentos\\Curitiba 360\\dataconnect`\n"}}
[debug] [2026-07-20T20:35:31.027Z] E0720 17:35:31.026835   38996 watch.go:40] Failed to load config from "c:\\Users\\vinad\\OneDrive\\Documentos\\Curitiba 360\\dataconnect": could not find dataconnect.yaml in `c:\Users\vinad\OneDrive\Documentos\Curitiba 360\dataconnect`
 {"metadata":{"emulator":{"name":"dataconnect"},"message":"E0720 17:35:31.026835   38996 watch.go:40] Failed to load config from \"c:\\\\Users\\\\vinad\\\\OneDrive\\\\Documentos\\\\Curitiba 360\\\\dataconnect\": could not find dataconnect.yaml in `c:\\Users\\vinad\\OneDrive\\Documentos\\Curitiba 360\\dataconnect`\n"}}
[debug] [2026-07-20T20:35:41.027Z] E0720 17:35:41.026962   38996 watch.go:40] Failed to load config from "c:\\Users\\vinad\\OneDrive\\Documentos\\Curitiba 360\\dataconnect": could not find dataconnect.yaml in `c:\Users\vinad\OneDrive\Documentos\Curitiba 360\dataconnect`
 {"metadata":{"emulator":{"name":"dataconnect"},"message":"E0720 17:35:41.026962   38996 watch.go:40] Failed to load config from \"c:\\\\Users\\\\vinad\\\\OneDrive\\\\Documentos\\\\Curitiba 360\\\\dataconnect\": could not find dataconnect.yaml in `c:\\Users\\vinad\\OneDrive\\Documentos\\Curitiba 360\\dataconnect`\n"}}
[debug] [2026-07-20T20:35:51.027Z] E0720 17:35:51.026906   38996 watch.go:40] Failed to load config from "c:\\Users\\vinad\\OneDrive\\Documentos\\Curitiba 360\\dataconnect": could not find dataconnect.yaml in `c:\Users\vinad\OneDrive\Documentos\Curitiba 360\dataconnect`
 {"metadata":{"emulator":{"name":"dataconnect"},"message":"E0720 17:35:51.026906   38996 watch.go:40] Failed to load config from \"c:\\\\Users\\\\vinad\\\\OneDrive\\\\Documentos\\\\Curitiba 360\\\\dataconnect\": could not find dataconnect.yaml in `c:\\Users\\vinad\\OneDrive\\Documentos\\Curitiba 360\\dataconnect`\n"}}
[debug] [2026-07-20T20:36:01.027Z] E0720 17:36:01.026990   38996 watch.go:40] Failed to load config from "c:\\Users\\vinad\\OneDrive\\Documentos\\Curitiba 360\\dataconnect": could not find dataconnect.yaml in `c:\Users\vinad\OneDrive\Documentos\Curitiba 360\dataconnect`
 {"metadata":{"emulator":{"name":"dataconnect"},"message":"E0720 17:36:01.026990   38996 watch.go:40] Failed to load config from \"c:\\\\Users\\\\vinad\\\\OneDrive\\\\Documentos\\\\Curitiba 360\\\\dataconnect\": could not find dataconnect.yaml in `c:\\Users\\vinad\\OneDrive\\Documentos\\Curitiba 360\\dataconnect`\n"}}
[debug] [2026-07-20T20:36:11.027Z] E0720 17:36:11.026975   38996 watch.go:116] watchAllDir unable to walk dir `c:\Users\vinad\OneDrive\Documentos\Curitiba 360\dataconnect`: GetFileAttributesEx c:\Users\vinad\OneDrive\Documentos\Curitiba 360\dataconnect: The system cannot find the file specified.
 {"metadata":{"emulator":{"name":"dataconnect"},"message":"E0720 17:36:11.026975   38996 watch.go:116] watchAllDir unable to walk dir `c:\\Users\\vinad\\OneDrive\\Documentos\\Curitiba 360\\dataconnect`: GetFileAttributesEx c:\\Users\\vinad\\OneDrive\\Documentos\\Curitiba 360\\dataconnect: The system cannot find the file specified.\n"}}
[debug] [2026-07-20T20:36:11.027Z] E0720 17:36:11.026975   38996 watch.go:40] Failed to load config from "c:\\Users\\vinad\\OneDrive\\Documentos\\Curitiba 360\\dataconnect": could not find dataconnect.yaml in `c:\Users\vinad\OneDrive\Documentos\Curitiba 360\dataconnect`
 {"metadata":{"emulator":{"name":"dataconnect"},"message":"E0720 17:36:11.026975   38996 watch.go:40] Failed to load config from \"c:\\\\Users\\\\vinad\\\\OneDrive\\\\Documentos\\\\Curitiba 360\\\\dataconnect\": could not find dataconnect.yaml in `c:\\Users\\vinad\\OneDrive\\Documentos\\Curitiba 360\\dataconnect`\n"}}
